idx,name,horizon,retrain_type,n_retrain,RMSE_Arima_rec_without_retrain0_shard0,sMAPE_Arima_rec_without_retrain0_shard0,MASE_Arima_rec_without_retrain0_shard0,recommended_Arima_rec_without_retrain0_shard0,rec_seconds_Arima_rec_without_retrain0_shard0,fit_seconds_Arima_rec_without_retrain0_shard0,rec_params_Arima_rec_without_retrain0_shard0,RMSE_Arima_rec_without_retrain0_shard1,sMAPE_Arima_rec_without_retrain0_shard1,MASE_Arima_rec_without_retrain0_shard1,recommended_Arima_rec_without_retrain0_shard1,rec_seconds_Arima_rec_without_retrain0_shard1,fit_seconds_Arima_rec_without_retrain0_shard1,rec_params_Arima_rec_without_retrain0_shard1,RMSE_Arima_rec_without_retrain0_shard2,sMAPE_Arima_rec_without_retrain0_shard2,MASE_Arima_rec_without_retrain0_shard2,recommended_Arima_rec_without_retrain0_shard2,rec_seconds_Arima_rec_without_retrain0_shard2,fit_seconds_Arima_rec_without_retrain0_shard2,rec_params_Arima_rec_without_retrain0_shard2,RMSE_Arima_rec_without_retrain0_shard3,sMAPE_Arima_rec_without_retrain0_shard3,MASE_Arima_rec_without_retrain0_shard3,recommended_Arima_rec_without_retrain0_shard3,rec_seconds_Arima_rec_without_retrain0_shard3,fit_seconds_Arima_rec_without_retrain0_shard3,rec_params_Arima_rec_without_retrain0_shard3,RMSE_Arima_rec_without_retrain0_shard4,sMAPE_Arima_rec_without_retrain0_shard4,MASE_Arima_rec_without_retrain0_shard4,recommended_Arima_rec_without_retrain0_shard4,rec_seconds_Arima_rec_without_retrain0_shard4,fit_seconds_Arima_rec_without_retrain0_shard4,rec_params_Arima_rec_without_retrain0_shard4,RMSE_Arima_rec_without_retrain0_shard5,sMAPE_Arima_rec_without_retrain0_shard5,MASE_Arima_rec_without_retrain0_shard5,recommended_Arima_rec_without_retrain0_shard5,rec_seconds_Arima_rec_without_retrain0_shard5,fit_seconds_Arima_rec_without_retrain0_shard5,rec_params_Arima_rec_without_retrain0_shard5,RMSE_Arima_rec_without_retrain0_shard6,sMAPE_Arima_rec_without_retrain0_shard6,MASE_Arima_rec_without_retrain0_shard6,recommended_Arima_rec_without_retrain0_shard6,rec_seconds_Arima_rec_without_retrain0_shard6,fit_seconds_Arima_rec_without_retrain0_shard6,rec_params_Arima_rec_without_retrain0_shard6,RMSE_Arima_rec_without_retrain0_shard7,sMAPE_Arima_rec_without_retrain0_shard7,MASE_Arima_rec_without_retrain0_shard7,recommended_Arima_rec_without_retrain0_shard7,rec_seconds_Arima_rec_without_retrain0_shard7,fit_seconds_Arima_rec_without_retrain0_shard7,rec_params_Arima_rec_without_retrain0_shard7,RMSE_Arima_without_retrain0,sMAPE_Arima_without_retrain0,MASE_Arima_without_retrain0,recommended_Arima_without_retrain0,rec_seconds_Arima_without_retrain0,fit_seconds_Arima_without_retrain0,rec_params_Arima_without_retrain0,RMSE_AutoETS_without_retrain0,sMAPE_AutoETS_without_retrain0,MASE_AutoETS_without_retrain0,recommended_AutoETS_without_retrain0,rec_seconds_AutoETS_without_retrain0,fit_seconds_AutoETS_without_retrain0,rec_params_AutoETS_without_retrain0,RMSE_ETS_rec_without_retrain0_shard0,sMAPE_ETS_rec_without_retrain0_shard0,MASE_ETS_rec_without_retrain0_shard0,recommended_ETS_rec_without_retrain0_shard0,rec_seconds_ETS_rec_without_retrain0_shard0,fit_seconds_ETS_rec_without_retrain0_shard0,rec_params_ETS_rec_without_retrain0_shard0,RMSE_ETS_rec_without_retrain0_shard1,sMAPE_ETS_rec_without_retrain0_shard1,MASE_ETS_rec_without_retrain0_shard1,recommended_ETS_rec_without_retrain0_shard1,rec_seconds_ETS_rec_without_retrain0_shard1,fit_seconds_ETS_rec_without_retrain0_shard1,rec_params_ETS_rec_without_retrain0_shard1,RMSE_ETS_rec_without_retrain0_shard2,sMAPE_ETS_rec_without_retrain0_shard2,MASE_ETS_rec_without_retrain0_shard2,recommended_ETS_rec_without_retrain0_shard2,rec_seconds_ETS_rec_without_retrain0_shard2,fit_seconds_ETS_rec_without_retrain0_shard2,rec_params_ETS_rec_without_retrain0_shard2,RMSE_ETS_rec_without_retrain0_shard3,sMAPE_ETS_rec_without_retrain0_shard3,MASE_ETS_rec_without_retrain0_shard3,recommended_ETS_rec_without_retrain0_shard3,rec_seconds_ETS_rec_without_retrain0_shard3,fit_seconds_ETS_rec_without_retrain0_shard3,rec_params_ETS_rec_without_retrain0_shard3,RMSE_ETS_rec_without_retrain0_shard4,sMAPE_ETS_rec_without_retrain0_shard4,MASE_ETS_rec_without_retrain0_shard4,recommended_ETS_rec_without_retrain0_shard4,rec_seconds_ETS_rec_without_retrain0_shard4,fit_seconds_ETS_rec_without_retrain0_shard4,rec_params_ETS_rec_without_retrain0_shard4,RMSE_ETS_rec_without_retrain0_shard5,sMAPE_ETS_rec_without_retrain0_shard5,MASE_ETS_rec_without_retrain0_shard5,recommended_ETS_rec_without_retrain0_shard5,rec_seconds_ETS_rec_without_retrain0_shard5,fit_seconds_ETS_rec_without_retrain0_shard5,rec_params_ETS_rec_without_retrain0_shard5,RMSE_ETS_rec_without_retrain0_shard6,sMAPE_ETS_rec_without_retrain0_shard6,MASE_ETS_rec_without_retrain0_shard6,recommended_ETS_rec_without_retrain0_shard6,rec_seconds_ETS_rec_without_retrain0_shard6,fit_seconds_ETS_rec_without_retrain0_shard6,rec_params_ETS_rec_without_retrain0_shard6,RMSE_ETS_rec_without_retrain0_shard7,sMAPE_ETS_rec_without_retrain0_shard7,MASE_ETS_rec_without_retrain0_shard7,recommended_ETS_rec_without_retrain0_shard7,rec_seconds_ETS_rec_without_retrain0_shard7,fit_seconds_ETS_rec_without_retrain0_shard7,rec_params_ETS_rec_without_retrain0_shard7,RMSE_ETS_without_retrain0,sMAPE_ETS_without_retrain0,MASE_ETS_without_retrain0,recommended_ETS_without_retrain0,rec_seconds_ETS_without_retrain0,fit_seconds_ETS_without_retrain0,rec_params_ETS_without_retrain0,RMSE_ExtraTreesForecaster_rec_without_retrain0,sMAPE_ExtraTreesForecaster_rec_without_retrain0,MASE_ExtraTreesForecaster_rec_without_retrain0,recommended_ExtraTreesForecaster_rec_without_retrain0,rec_seconds_ExtraTreesForecaster_rec_without_retrain0,fit_seconds_ExtraTreesForecaster_rec_without_retrain0,rec_params_ExtraTreesForecaster_rec_without_retrain0,RMSE_ExtraTreesForecaster_without_retrain0,sMAPE_ExtraTreesForecaster_without_retrain0,MASE_ExtraTreesForecaster_without_retrain0,recommended_ExtraTreesForecaster_without_retrain0,rec_seconds_ExtraTreesForecaster_without_retrain0,fit_seconds_ExtraTreesForecaster_without_retrain0,rec_params_ExtraTreesForecaster_without_retrain0,RMSE_LGBMForecaster_rec_without_retrain0,sMAPE_LGBMForecaster_rec_without_retrain0,MASE_LGBMForecaster_rec_without_retrain0,recommended_LGBMForecaster_rec_without_retrain0,rec_seconds_LGBMForecaster_rec_without_retrain0,fit_seconds_LGBMForecaster_rec_without_retrain0,rec_params_LGBMForecaster_rec_without_retrain0,RMSE_LGBMForecaster_without_retrain0,sMAPE_LGBMForecaster_without_retrain0,MASE_LGBMForecaster_without_retrain0,recommended_LGBMForecaster_without_retrain0,rec_seconds_LGBMForecaster_without_retrain0,fit_seconds_LGBMForecaster_without_retrain0,rec_params_LGBMForecaster_without_retrain0,RMSE_Prophet_rec_without_retrain0,sMAPE_Prophet_rec_without_retrain0,MASE_Prophet_rec_without_retrain0,recommended_Prophet_rec_without_retrain0,rec_seconds_Prophet_rec_without_retrain0,fit_seconds_Prophet_rec_without_retrain0,rec_params_Prophet_rec_without_retrain0,RMSE_Prophet_without_retrain0,sMAPE_Prophet_without_retrain0,MASE_Prophet_without_retrain0,recommended_Prophet_without_retrain0,rec_seconds_Prophet_without_retrain0,fit_seconds_Prophet_without_retrain0,rec_params_Prophet_without_retrain0,RMSE_RandomForestForecaster_rec_without_retrain0,sMAPE_RandomForestForecaster_rec_without_retrain0,MASE_RandomForestForecaster_rec_without_retrain0,recommended_RandomForestForecaster_rec_without_retrain0,rec_seconds_RandomForestForecaster_rec_without_retrain0,fit_seconds_RandomForestForecaster_rec_without_retrain0,rec_params_RandomForestForecaster_rec_without_retrain0,RMSE_RandomForestForecaster_without_retrain0,sMAPE_RandomForestForecaster_without_retrain0,MASE_RandomForestForecaster_without_retrain0,recommended_RandomForestForecaster_without_retrain0,rec_seconds_RandomForestForecaster_without_retrain0,fit_seconds_RandomForestForecaster_without_retrain0,rec_params_RandomForestForecaster_without_retrain0
0,H1,172800.0,without_retrain,0,30.58630663096674,3.683003079615087,0.5967863252937246,1.0,9.042,4.458,"{""order"": [48, 1, 0]}",,,,,,,,,,,,,,,,,,,,,,,,,,,,,,,,,,,,,,,,,,,,,,,,,,28.71674965165496,3.64797770513793,0.5743601522815337,0,0.0,4.994,,341.66596449501816,62.78966941183538,7.0186227108009085,0,0.0,6.102,,341.66596449501816,62.78966941183538,7.0186227108009085,1.0,1.688,0.885,"{""error"": ""add"", ""trend"": ""add"", ""damped_trend"": true, ""seasonal"": ""add"", ""seasonal_periods"": 24}",,,,,,,,,,,,,,,,,,,,,,,,,,,,,,,,,,,,,,,,,,,,,,,,,,775.0750593697014,149.39023182685892,16.044034557943593,0,0.0,0.054,,26.61840860942536,3.2327637100473083,0.5290568673714903,1,0.285,0.396,"{""maxlags"": 24}",24.04725331307401,3.0837240153114416,0.4882641524210009,0,0.0,0.348,,52.39051389740752,6.320779206105236,1.0051080809215474,1,0.294,0.87,"{""maxlags"": 24}",51.622160345133736,6.422173529891633,1.0014145461886026,0,0.0,8.564,,35.250365202634505,4.278050493108808,0.6875611118766031,1,0.817,0.453,"{""yearly_seasonality"": false, ""weekly_seasonality"": false, ""daily_seasonality"": true, ""seasonality_mode"": ""additive""}",33.34251333578406,3.943690101260833,0.6340461056877876,0,0.0,0.785,,38.584169364879855,4.484112167082247,0.7113340648704272,1,0.341,0.623,"{""maxlags"": 24}",43.90504742943291,5.056073904341232,0.8015197468603695,0,0.0,0.638,
1,H2,172800.0,without_retrain,0,,,,,,,,238.16065767469928,8.448874600346704,1.33439858966324,1.0,3.674,0.727,"{""order"": [27, 1, 0]}",,,,,,,,,,,,,,,,,,,,,,,,,,,,,,,,,,,,,,,,,,,237.7621886637142,8.497942980932843,1.3332411584005768,0,0.0,5.161,,199.0086538320765,6.184802320886166,1.0384150757897792,0,0.0,2.146,,,,,,,,,181.9213258780554,5.6230812267212,0.9379188943899838,1.0,1.682,0.529,"{""error"": ""add"", ""trend"": ""add"", ""damped_trend"": true, ""seasonal"": ""mul"", ""seasonal_periods"": 24}",,,,,,,,,,,,,,,,,,,,,,,,,,,,,,,,,,,,,,,,,,,685.7802319531427,24.385109270171014,3.744871489208625,0,0.0,0.04,,326.4009165896608,11.806571504383038,1.8807275351689683,1,0.268,0.379,"{""maxlags"": 24}",311.7610627780577,10.934667973227414,1.7499591512223365,0,0.0,0.417,,308.3137063403313,11.19349773940599,1.7375835024399475,1,0.019,0.173,"{""maxlags"": 24}",300.17471541757754,10.849684503993984,1.6960150334884532,0,0.0,6.924,,615.37397752358,21.21295265208824,3.6382078739711567,1,0.192,0.59,"{""yearly_seasonality"": false, ""weekly_seasonality"": false, ""daily_seasonality"": true, ""seasonality_mode"": ""multiplicative""}",491.5627037100836,17.74469631862038,2.870462163294768,0,0.0,1.471,,327.4505348125509,11.90919804612661,1.9068144054542424,1,0.307,0.609,"{""maxlags"": 24}",296.1864931526292,10.66232383857016,1.6887696971022066,0,0.0,0.61,
2,H3,172800.0,without_retrain,0,,,,,,,,,,,,,,,101.19523147557248,6.377409168452636,1.0928366480359757,1.0,3.295,0.552,"{""order"": [25, 1, 0]}",,,,,,,,,,,,,,,,,,,,,,,,,,,,,,,,,,,,121.748187585532,6.758638522144362,1.222349870371766,0,0.0,5.01,,1705.9632409101428,158.98281995957973,19.17237395267802,0,0.0,5.754,,,,,,,,,,,,,,,,191.02056603811383,10.181482120776057,1.8664869722324595,1.0,1.627,0.912,"{""error"": ""add"", ""trend"": ""add"", ""damped_trend"": true, ""seasonal"": ""mul"", ""seasonal_periods"": 24}",,,,,,,,,,,,,,,,,,,,,,,,,,,,,,,,,,,,320.76653711404106,21.39832285228833,3.604438047797899,0,0.0,0.046,,177.3620780758314,10.091632928333777,1.810318314808394,1,0.272,0.378,"{""maxlags"": 24}",180.51255466595424,9.911853385064012,1.7865099713686714,0,0.0,0.422,,173.5362526646473,10.193968139870396,1.812174509387914,1,0.022,0.161,"{""maxlags"": 24}",206.39561711729976,11.682159174631508,2.072401639810053,0,0.0,5.618,,286.16953101570084,19.931046778258107,3.264394661932261,1,0.296,0.481,"{""yearly_seasonality"": false, ""weekly_seasonality"": false, ""daily_seasonality"": true, ""seasonality_mode"": ""multiplicative""}",249.73718648304848,17.21131857305002,2.8282031705403874,0,0.0,2.815,,191.76037709992147,11.06331347156501,1.9654423456030845,1,0.343,0.64,"{""maxlags"": 24}",184.84132096361824,10.37259293891579,1.8533162803580407,0,0.0,0.589,
3,H4,172800.0,without_retrain,0,,,,,,,,,,,,,,,,,,,,,,535.9715556469529,8.689033670113593,1.6816154571089144,1.0,6.871,0.938,"{""order"": [28, 0, 0]}",,,,,,,,,,,,,,,,,,,,,,,,,,,,,523.034657434341,8.496439266966972,1.6463618353995857,0,0.0,5.466,,3173.442829414641,86.50894864433148,10.933189635681543,0,0.0,4.89,,,,,,,,,,,,,,,,,,,,,,,3173.442829414641,86.50894864433148,10.933189635681543,1.0,1.648,1.157,"{""error"": ""add"", ""trend"": ""add"", ""damped_trend"": true, ""seasonal"": ""add"", ""seasonal_periods"": 24}",,,,,,,,,,,,,,,,,,,,,,,,,,,,,922.8692402696208,16.49442991811128,3.118630457163744,0,0.0,0.051,,392.9294828086696,6.066126215046627,1.1753572188527794,1,0.298,0.412,"{""maxlags"": 24}",448.7957605556687,7.185669753185664,1.3777771937145038,0,0.0,0.397,,593.5297777461687,9.947481274035574,1.8378771696141456,1,0.021,0.157,"{""maxlags"": 24}",404.10428393756456,6.535696431274604,1.2454177550388137,0,0.0,2.175,,382.9329177859611,6.339255238468087,1.2174894919336106,1,0.382,0.763,"{""yearly_seasonality"": false, ""weekly_seasonality"": true, ""daily_seasonality"": true, ""seasonality_mode"": ""additive""}",382.9329177859611,6.339255238468087,1.2174894919336106,0,0.0,1.679,,392.6091185857663,5.5406293114069,1.1037322690423583,1,0.378,0.634,"{""maxlags"": 24}",434.0090213254373,7.174570488402445,1.390022866334898,0,0.0,0.59,
4,H5,172800.0,without_retrain,0,,,,,,,,,,,,,,,,,,,,,,,,,,,,,426.9956650063576,11.27029618060313,1.7071157768175216,1.0,8.81,1.894,"{""order"": [39, 1, 0]}",,,,,,,,,,,,,,,,,,,,,,387.9282063896614,9.351229369587992,1.45625280362433,0,0.0,12.638,,982.9168407037688,45.15210935486755,4.236824407672252,0,0.0,6.068,,,,,,,,,,,,,,,,,,,,,,,,,,,,,,374.83324215638766,8.292869051593401,1.323532791546269,1.0,1.627,0.582,"{""error"": ""add"", ""trend"": ""add"", ""damped_trend"": true, ""seasonal"": ""mul"", ""seasonal_periods"": 24}",,,,,,,,,,,,,,,,,,,,,,814.454824824001,26.302755024137223,3.60730100212212,0,0.0,0.047,,143.45653734671706,3.5689399850011494,0.5164426296145977,1,0.019,0.396,"{""maxlags"": 24}",160.96979287829214,4.306520126230235,0.6183490740674248,0,0.0,0.409,,361.59119690274525,8.64572976018807,1.2802895867419637,1,0.022,0.227,"{""maxlags"": 24}",1395.4472954281762,38.98001050882499,6.016108456774468,0,0.0,3.588,,399.7898142933713,10.89406108501084,1.5549743262229878,1,0.335,0.444,"{""yearly_seasonality"": false, ""weekly_seasonality"": false, ""daily_seasonality"": true, ""seasonality_mode"": ""multiplicative""}",261.4928113383577,8.755268572568832,1.1760567416846,0,0.0,2.521,,370.3096846902504,10.962682506427186,1.5143204125353795,1,0.023,0.646,"{""maxlags"": 24}",508.3473296874356,15.890203135111536,2.166101672050852,0,0.0,0.578,
5,H6,172800.0,without_retrain,0,,,,,,,,,,,,,,,,,,,,,,,,,,,,,,,,,,,,287.5260317557044,3.5378827362434806,1.0571097811741703,1.0,14.719,3.729,"{""order"": [48, 1, 0]}",,,,,,,,,,,,,,,274.1612128888969,3.317565204181984,1.0010555504552048,0,0.0,21.522,,1002.997109272865,11.861287985474632,3.948250427652277,0,0.0,2.405,,,,,,,,,,,,,,,,,,,,,,,,,,,,,,,,,,,,,855.8787274435598,10.549546535437322,3.4487448034394945,1.0,1.681,0.63,"{""error"": ""add"", ""trend"": ""add"", ""damped_trend"": true, ""seasonal"": ""mul"", ""seasonal_periods"": 24}",,,,,,,,,,,,,,,2044.0920104070435,32.82197698797054,8.604934433600251,0,0.0,0.057,,235.31122773816568,2.8926302986853263,0.8676476885143956,1,0.024,0.391,"{""maxlags"": 24}",218.94207788328492,2.8534409552712794,0.8471749207581758,0,0.0,0.345,,254.93712917232688,3.079490278889728,0.9218274530492024,1,0.023,0.165,"{""maxlags"": 24}",557.964238535625,5.817727326688889,1.721113239375965,0,0.0,3.888,,456.1270255306745,6.201027553280703,1.8208785045928848,1,0.321,0.684,"{""yearly_seasonality"": false, ""weekly_seasonality"": false, ""daily_seasonality"": true, ""seasonality_mode"": ""multiplicative""}",244.92600447766543,3.1198213633217446,0.9588796532750836,0,0.0,1.086,,222.09053846284112,2.789557395645146,0.8436882090905984,1,0.027,0.582,"{""maxlags"": 24}",226.99034448434475,2.8384659048987246,0.8591185219844547,0,0.0,0.561,
6,H7,172800.0,without_retrain,0,,,,,,,,,,,,,,,,,,,,,,,,,,,,,,,,,,,,,,,,,,,1025.9145376293964,1.5112220571364514,0.3455339493967726,1.0,6.959,1.164,"{""order"": [30, 1, 0]}",,,,,,,,973.3237991800275,1.4396047933166816,0.3291543080806074,0,0.0,16.257,,926.1409577677066,1.6354890172667786,0.3579689660129175,0,0.0,3.619,,,,,,,,,,,,,,,,,,,,,,,,,,,,,,,,,,,,,,,,,,,,931.0301236908977,1.7173975431105142,0.3723101414979162,1.0,1.651,0.421,"{""error"": ""add"", ""trend"": ""add"", ""damped_trend"": true, ""seasonal"": ""mul"", ""seasonal_periods"": 24}",,,,,,,,9301.113510808518,18.249696286921196,3.886812321295441,0,0.0,0.05,,2328.312357223708,4.335040685417172,0.9607605485746428,1,0.021,0.426,"{""maxlags"": 24}",2229.8259963776195,4.2706221625055845,0.9428070366974736,0,0.0,0.383,,3082.4104514278624,6.341289740188508,1.3227226087471844,1,0.019,0.16,"{""maxlags"": 24}",8385.365899001872,18.749704131384977,3.804215568671436,0,0.0,3.796,,2076.820612946972,3.539289565306594,0.8137999048854446,1,0.496,0.424,"{""yearly_seasonality"": false, ""weekly_seasonality"": true, ""daily_seasonality"": true, ""seasonality_mode"": ""multiplicative""}",2683.549782793629,4.7165929506155,1.0765789269670365,0,0.0,1.177,,5373.264598105355,11.19004915109518,2.359134417241913,1,0.02,0.632,"{""maxlags"": 24}",6625.805647673567,14.505497919674989,2.956107685903073,0,0.0,0.578,
7,H8,172800.0,without_retrain,0,,,,,,,,,,,,,,,,,,,,,,,,,,,,,,,,,,,,,,,,,,,,,,,,,,1371.7264189355858,3.314145905459124,0.7038015052596046,1.0,3.991,0.706,"{""order"": [27, 1, 0]}",1416.1307360637702,3.37140916900954,0.7180463008048806,0,0.0,21.318,,1456.0851137549305,3.463578731291701,0.7254256222191421,0,0.0,4.875,,,,,,,,,,,,,,,,,,,,,,,,,,,,,,,,,,,,,,,,,,,,,,,,,,,1442.5652428679618,3.412450349021116,0.716976276597418,1.0,1.631,0.371,"{""error"": ""add"", ""trend"": ""add"", ""damped_trend"": true, ""seasonal"": ""mul"", ""seasonal_periods"": 24}",9923.779503210842,26.920942295702517,4.99826318758513,0,0.0,0.03,,1583.5996569229858,4.127339329340791,0.8136031573236026,1,0.012,0.39,"{""maxlags"": 24}",1691.5107746297106,4.232958040626293,0.8297430509932678,0,0.0,0.366,,1221.0012614823142,3.18136969642766,0.6242778534852316,1,0.013,0.168,"{""maxlags"": 24}",1550.8206449007405,3.6826008174039138,0.7423067309834274,0,0.0,21.357,,1610.6704964486603,4.163655411011104,0.865450988073925,1,0.24,0.479,"{""yearly_seasonality"": false, ""weekly_seasonality"": false, ""daily_seasonality"": true, ""seasonality_mode"": ""multiplicative""}",1579.5330019265796,3.830608087785734,0.7603408694126553,0,0.0,1.488,,1726.8351934387324,4.282812784196925,0.8588828874655601,1,0.015,0.621,"{""maxlags"": 24}",1777.3087634715484,4.493665422169724,0.8899256931437178,0,0.0,0.568,
8,H9,172800.0,without_retrain,0,1921.1752001430696,4.35769425719111,0.8557344548671537,1.0,10.939,4.246,"{""order"": [48, 1, 0]}",,,,,,,,,,,,,,,,,,,,,,,,,,,,,,,,,,,,,,,,,,,,,,,,,,1516.0829140732874,4.05260674615453,0.7608795942779367,0,0.0,16.655,,1200.6607089075417,2.58757171046596,0.5150755329483324,0,0.0,6.292,,1285.7060809194663,2.775379333460897,0.5549661506503352,1.0,0.026,0.498,"{""error"": ""add"", ""trend"": ""add"", ""damped_trend"": true, ""seasonal"": ""mul"", ""seasonal_periods"": 24}",,,,,,,,,,,,,,,,,,,,,,,,,,,,,,,,,,,,,,,,,,,,,,,,,,5441.313716648209,14.630940739686707,2.674285693907448,0,0.0,0.03,,1558.618282326744,3.4755088693096456,0.6778909938230268,1,0.013,0.398,"{""maxlags"": 24}",1723.9865236703529,4.276611668916522,0.8333265905680663,0,0.0,0.416,,1378.123001989126,3.2090804769482557,0.6210880408472366,1,0.014,0.175,"{""maxlags"": 24}",2355.0349346782023,5.261156459820641,1.0509719509705988,0,0.0,2.934,,3116.28425723399,8.084042291944135,1.5820179084863326,1,0.245,0.433,"{""yearly_seasonality"": false, ""weekly_seasonality"": false, ""daily_seasonality"": true, ""seasonality_mode"": ""multiplicative""}",3218.265177959428,8.742105313936959,1.665006923723806,0,0.0,2.796,,1774.527873902009,4.275940211363023,0.8262648976216725,1,0.012,0.594,"{""maxlags"": 24}",1383.183531149526,3.548757610577133,0.6772062406014836,0,0.0,0.586,
9,H10,172800.0,without_retrain,0,,,,,,,,8.910882503716183,1.7259827010189976,0.7301789615021951,1.0,3.98,0.95,"{""order"": [30, 1, 0]}",,,,,,,,,,,,,,,,,,,,,,,,,,,,,,,,,,,,,,,,,,,9.871799815843922,1.822713914141694,0.7838246553475324,0,0.0,13.085,,10.897075813357093,2.1784287861096474,0.929578218269414,0,0.0,7.57,,,,,,,,,34.729624341317155,6.939797506566253,2.929371354842091,1.0,0.032,0.696,"{""error"": ""add"", ""trend"": ""add"", ""damped_trend"": true, ""seasonal"": ""mul"", ""seasonal_periods"": 24}",,,,,,,,,,,,,,,,,,,,,,,,,,,,,,,,,,,,,,,,,,,39.38417049792373,7.831666702322628,3.3129178417897216,0,0.0,0.06,,19.94470285463953,3.196526149658041,1.3974361065493683,1,0.021,0.415,"{""maxlags"": 24}",20.692744823978085,3.4348425656579704,1.4939983067536255,0,0.0,0.336,,10.79640277125774,1.766740313316029,0.7722445439453361,1,0.022,0.156,"{""maxlags"": 24}",17.302879169874657,2.780172382774785,1.21509894650209,0,0.0,2.696,,26.59028875845782,5.402023902114145,2.27903922319627,1,0.25,0.497,"{""yearly_seasonality"": false, ""weekly_seasonality"": false, ""daily_seasonality"": true, ""seasonality_mode"": ""multiplicative""}",17.4929008425783,3.116646132207773,1.348411136067052,0,0.0,5.369,,21.07437107309179,3.425621388673856,1.4930812012608508,1,0.022,0.597,"{""maxlags"": 24}",20.071021064031285,3.2238530317879874,1.40652077365955,0,0.0,0.587,
10,H11,172800.0,without_retrain,0,,,,,,,,,,,,,,,737.5108628590266,1.4574404123499825,0.3221817852943373,1.0,6.221,0.75,"{""order"": [27, 1, 0]}",,,,,,,,,,,,,,,,,,,,,,,,,,,,,,,,,,,,738.9123260498233,1.49375632244151,0.3280678453179885,0,0.0,23.884,,1222.2511445624905,2.256591773937689,0.5103354757080735,0,0.0,2.38,,,,,,,,,,,,,,,,1151.1223727667705,1.982175185554704,0.4543232022479566,1.0,0.031,0.464,"{""error"": ""add"", ""trend"": ""add"", ""damped_trend"": true, ""seasonal"": ""mul"", ""seasonal_periods"": 24}",,,,,,,,,,,,,,,,,,,,,,,,,,,,,,,,,,,,48121.09403763041,165.1332060866831,26.47673413987003,0,0.0,0.061,,2187.098120890369,5.0698388348422965,1.0687656111313928,1,0.019,0.413,"{""maxlags"": 24}",1837.0493651764407,4.4584585464523085,0.9465757235087588,0,0.0,0.404,,4134.247951629328,9.782979944872954,1.9985839857093064,1,0.018,0.157,"{""maxlags"": 24}",2707.687279716677,6.673336207367075,1.367416934694736,0,0.0,2.019,,5143.85715148228,14.275884982795873,2.806930368328399,1,0.231,0.544,"{""yearly_seasonality"": false, ""weekly_seasonality"": false, ""daily_seasonality"": true, ""seasonality_mode"": ""multiplicative""}",5255.708509845614,14.547491358686022,2.865482822733167,0,0.0,9.753,,2159.4695161157715,5.034084744247053,1.0616877496125228,1,0.016,0.602,"{""maxlags"": 24}",2439.468339803125,6.069410134227076,1.270916582667553,0,0.0,0.583,
11,H12,172800.0,without_retrain,0,,,,,,,,,,,,,,,,,,,,,,302.08478130140463,2.668068034565117,0.4702774529489505,1.0,5.891,0.747,"{""order"": [27, 1, 0]}",,,,,,,,,,,,,,,,,,,,,,,,,,,,,336.1799057553416,3.206306014171996,0.5430534697932078,0,0.0,33.781,,359.36747930874463,3.051778333447784,0.5427506794741324,0,0.0,2.352,,,,,,,,,,,,,,,,,,,,,,,348.706694164748,3.025600501015552,0.534592818565593,1.0,0.033,0.496,"{""error"": ""add"", ""trend"": ""add"", ""damped_trend"": true, ""seasonal"": ""mul"", ""seasonal_periods"": 24}",,,,,,,,,,,,,,,,,,,,,,,,,,,,,17354.512886575605,167.06152755245225,29.278164374727613,0,0.0,0.041,,377.5200333439338,3.5567313349981595,0.6003919102197877,1,0.015,0.397,"{""maxlags"": 24}",382.3329069536184,3.6789907896844194,0.6192247174071331,0,0.0,0.392,,402.6449238460221,3.707203595790365,0.6391795307279646,1,0.017,0.162,"{""maxlags"": 24}",484.9624363294967,4.3885354547705,0.7491177068360052,0,0.0,2.113,,374.0919349982073,3.1280274832185726,0.5763658261289285,1,0.256,0.452,"{""yearly_seasonality"": false, ""weekly_seasonality"": false, ""daily_seasonality"": true, ""seasonality_mode"": ""multiplicative""}",472.4157750968515,4.588776875211619,0.7878160398510367,0,0.0,7.657,,473.3183480956953,4.365359975628855,0.7500154528184989,1,0.014,0.636,"{""maxlags"": 24}",545.2060557373181,5.131857810133469,0.8830117129197181,0,0.0,0.561,
12,H13,172800.0,without_retrain,0,,,,,,,,,,,,,,,,,,,,,,,,,,,,,127.70924338313232,16.448107202581898,2.5314767902887385,1.0,7.011,2.528,"{""order"": [44, 1, 0]}",,,,,,,,,,,,,,,,,,,,,,104.3151925705782,14.662609099309975,2.235016749193853,0,0.0,38.851,,1100.269859126576,163.79535033359494,24.011496080040462,0,0.0,2.075,,,,,,,,,,,,,,,,,,,,,,,,,,,,,,790.506456455038,72.49876820143344,18.26937875557925,1.0,0.028,0.242,"{""error"": ""add"", ""trend"": ""add"", ""damped_trend"": true, ""seasonal"": ""mul"", ""seasonal_periods"": 24}",,,,,,,,,,,,,,,,,,,,,,1015.2155206331464,160.42226029962353,22.12013770636897,0,0.0,0.043,,63.78357086245689,6.228470572372598,1.0543236929560538,1,0.014,0.407,"{""maxlags"": 24}",44.95128167424397,5.315899363179622,0.8754943425375563,0,0.0,0.399,,66.21228248246098,6.561086612108229,1.1124698859106787,1,0.015,0.147,"{""maxlags"": 24}",78.64958853672411,9.19282417666556,1.4496603388552156,0,0.0,0.337,,78.68829098041894,10.944557938786398,1.6753893722776625,1,0.423,0.662,"{""yearly_seasonality"": false, ""weekly_seasonality"": false, ""daily_seasonality"": true, ""seasonality_mode"": ""multiplicative""}",69.51917680848678,8.604453722455892,1.365675717413212,0,0.0,8.795,,40.74584071214343,4.251709366829653,0.7258396901768928,1,0.014,0.632,"{""maxlags"": 24}",85.67872863693538,11.431106301084132,1.8024706384030469,0,0.0,0.606,
13,H14,172800.0,without_retrain,0,,,,,,,,,,,,,,,,,,,,,,,,,,,,,,,,,,,,8.145086089727105,4.032896910291497,0.8248335364693732,1.0,5.422,1.847,"{""order"": [41, 1, 0]}",,,,,,,,,,,,,,,7.826313993335604,3.89505254839785,0.7981756265255419,0,0.0,42.544,,7.580410604102933,3.4324333978901493,0.7364116592371254,0,0.0,8.177,,,,,,,,,,,,,,,,,,,,,,,,,,,,,,,,,,,,,7.0358466174062375,2.8723450158608657,0.6398778017041907,1.0,0.038,1.114,"{""error"": ""add"", ""trend"": ""add"", ""damped_trend"": true, ""seasonal"": ""mul"", ""seasonal_periods"": 24}",,,,,,,,,,,,,,,37.89561371768341,16.98695416499359,3.6388337667918336,0,0.0,0.053,,13.737613512946458,5.28574476351815,1.1927301347851609,1,0.021,0.42,"{""maxlags"": 24}",13.70850485343494,5.542660343686104,1.2359777327517067,0,0.0,0.413,,6.342092722413892,3.08930545403036,0.6220164895319068,1,0.021,0.17,"{""maxlags"": 24}",7.86991371599831,3.3418758181039507,0.6910959581000248,0,0.0,2.926,,26.40461653143384,13.408827178071832,2.7704572832109178,1,0.279,0.494,"{""yearly_seasonality"": false, ""weekly_seasonality"": false, ""daily_seasonality"": true, ""seasonality_mode"": ""multiplicative""}",14.197145678785931,5.964047156730591,1.3218306748620872,0,0.0,15.585,,13.1285726395575,4.994764834705262,1.1321273647941228,1,0.023,0.59,"{""maxlags"": 24}",9.691927969506391,4.015195525445798,0.8940047270495374,0,0.0,0.524,
14,H15,172800.0,without_retrain,0,,,,,,,,,,,,,,,,,,,,,,,,,,,,,,,,,,,,,,,,,,,819.5146738332893,4.2924678102366505,0.7777081490425228,1.0,4.139,0.824,"{""order"": [26, 1, 0]}",,,,,,,,813.1196562834486,4.199471946557514,0.7706551769905401,0,0.0,32.827,,848.6369118138635,4.679144604702707,0.8299619878889337,0,0.0,2.915,,,,,,,,,,,,,,,,,,,,,,,,,,,,,,,,,,,,,,,,,,,,864.3410680957452,4.774927493909431,0.8423083959394914,1.0,0.024,0.687,"{""error"": ""add"", ""trend"": ""add"", ""damped_trend"": true, ""seasonal"": ""mul"", ""seasonal_periods"": 24}",,,,,,,,24292.958080607063,162.0311727175574,24.26717359727327,0,0.0,0.042,,885.7350868404156,5.249547097815312,0.9031455335105414,1,0.012,0.439,"{""maxlags"": 24}",894.0653591090406,5.276127780750017,0.9057816617298928,0,0.0,0.416,,1010.460766205588,5.617580712820249,0.953852778037044,1,0.014,0.165,"{""maxlags"": 24}",1226.3539079874547,6.82823816387658,1.1398462493100254,0,0.0,1.891,,931.4700374366304,4.817932421219056,0.8219329274485668,1,0.284,0.567,"{""yearly_seasonality"": false, ""weekly_seasonality"": true, ""daily_seasonality"": true, ""seasonality_mode"": ""multiplicative""}",1076.991550661787,5.416857712751523,0.927130696500918,0,0.0,2.399,,865.0353639394075,5.076552517404811,0.8754000984478285,1,0.013,0.605,"{""maxlags"": 24}",805.3587554539686,4.724707970311809,0.7996954998306993,0,0.0,0.568,
15,H16,172800.0,without_retrain,0,,,,,,,,,,,,,,,,,,,,,,,,,,,,,,,,,,,,,,,,,,,,,,,,,,79.81278448759885,4.640232705109828,0.8171528985810085,1.0,5.915,0.512,"{""order"": [26, 0, 0]}",80.53022301841321,4.864631102421766,0.8466105477018204,0,0.0,5.412,,167.1329459030092,11.597405960221332,2.1199657573519035,0,0.0,6.019,,,,,,,,,,,,,,,,,,,,,,,,,,,,,,,,,,,,,,,,,,,,,,,,,,,176.96866009333587,11.623160441291992,2.1694125896121776,1.0,0.033,0.539,"{""error"": ""add"", ""trend"": ""add"", ""damped_trend"": true, ""seasonal"": ""mul"", ""seasonal_periods"": 24}",257.68114142079133,18.711499386793776,3.1733690865859074,0,0.0,0.036,,74.7194751144897,3.862197517478497,0.6876176283235269,1,0.016,0.416,"{""maxlags"": 24}",74.4012824927246,3.404227479908851,0.6246914019552765,0,0.0,0.387,,81.1970905767661,3.766188088235248,0.7102776606442641,1,0.017,0.174,"{""maxlags"": 24}",123.6391684585064,7.82940773006352,1.3157990081664697,0,0.0,4.409,,102.57934422414534,7.102865909434965,1.2686625553373116,1,0.18,0.365,"{""yearly_seasonality"": false, ""weekly_seasonality"": false, ""daily_seasonality"": true, ""seasonality_mode"": ""multiplicative""}",98.206443423056,6.786996567904207,1.175112045266527,0,0.0,30.824,,76.7411811730244,4.5371123829771305,0.8141947869267279,1,0.017,0.645,"{""maxlags"": 24}",79.71460336378878,4.395783901355123,0.7970691006410284,0,0.0,0.599,
16,H17,172800.0,without_retrain,0,1548.400471545457,1.5647921746972508,0.6884192826857913,1.0,5.465,1.584,"{""order"": [36, 1, 0]}",,,,,,,,,,,,,,,,,,,,,,,,,,,,,,,,,,,,,,,,,,,,,,,,,,1476.5864176375958,1.558577195265083,0.6901552486260791,0,0.0,21.058,,1457.3515720704072,1.5144619786987457,0.6611037148469755,0,0.0,6.751,,1442.7916678600889,1.4759009915651904,0.6468693928980054,1.0,0.025,0.356,"{""error"": ""add"", ""trend"": ""add"", ""damped_trend"": true, ""seasonal"": ""mul"", ""seasonal_periods"": 24}",,,,,,,,,,,,,,,,,,,,,,,,,,,,,,,,,,,,,,,,,,,,,,,,,,10645.033507827242,18.234203389705595,7.686307799304447,0,0.0,0.031,,1515.4355676126809,1.786981257910128,0.7934490273888949,1,0.013,0.494,"{""maxlags"": 24}",1847.1287797705863,2.637896288655506,1.1658448266375194,0,0.0,0.393,,1588.5367299804184,1.967316727909624,0.8716407735527444,1,0.014,0.183,"{""maxlags"": 24}",2074.9403937685747,3.041552952093916,1.32970224630637,0,0.0,5.134,,1366.035477897229,1.7284834357783223,0.7624677890813109,1,0.266,0.625,"{""yearly_seasonality"": false, ""weekly_seasonality"": false, ""daily_seasonality"": true, ""seasonality_mode"": ""multiplicative""}",1506.6089747898577,2.530220427086101,1.0478862747118205,0,0.0,38.218,,1472.4551196535815,1.750734860171388,0.7724651318995973,1,0.012,0.686,"{""maxlags"": 24}",2625.4623273533507,3.991018894859944,1.7353000405974752,0,0.0,0.597,
17,H18,172800.0,without_retrain,0,,,,,,,,1224.662024930978,2.998679022740943,0.6956840363524677,1.0,7.986,1.143,"{""order"": [33, 0, 0]}",,,,,,,,,,,,,,,,,,,,,,,,,,,,,,,,,,,,,,,,,,,1202.5093482086218,2.85782222448192,0.6693550502305708,0,0.0,8.624,,5970.636599767382,16.287044502223402,3.3522379676852267,0,0.0,8.048,,,,,,,,,1300.01652993016,2.664184916496199,0.6458849756639274,1.0,0.029,0.243,"{""error"": ""add"", ""trend"": ""add"", ""damped_trend"": true, ""seasonal"": ""mul"", ""seasonal_periods"": 24}",,,,,,,,,,,,,,,,,,,,,,,,,,,,,,,,,,,,,,,,,,,51907.4826414583,162.229667902296,32.3897641188483,0,0.0,0.036,,1254.0761869077276,2.890884358485879,0.6829068005550747,1,0.015,0.55,"{""maxlags"": 24}",1306.1880637166405,2.9808719728685182,0.7166791421322177,0,0.0,0.414,,1848.3107302898625,3.730302387248255,0.8963640008444228,1,0.016,0.155,"{""maxlags"": 24}",1727.8807303427172,3.6630912884251376,0.8528124596514993,0,0.0,4.298,,1738.05440415702,5.157644134001754,1.1129350052577085,1,0.289,0.594,"{""yearly_seasonality"": false, ""weekly_seasonality"": false, ""daily_seasonality"": true, ""seasonality_mode"": ""multiplicative""}",1702.7442402926547,4.942858423702108,1.0288048108851209,0,0.0,57.238,,1291.6230680713024,3.1595086064369955,0.7393379693572174,1,0.016,0.799,"{""maxlags"": 24}",1261.4613993127057,2.9685642312269542,0.7010256944634715,0,0.0,0.532,
18,H19,172800.0,without_retrain,0,,,,,,,,,,,,,,,97.3909904047254,2.816022057747587,0.5912356603094814,1.0,12.35,4.121,"{""order"": [48, 1, 0]}",,,,,,,,,,,,,,,,,,,,,,,,,,,,,,,,,,,,91.38974592571384,2.366026767765162,0.5027764086954178,0,0.0,5.182,,179.5194982005071,6.0007869075790525,1.2427476354637677,0,0.0,10.608,,,,,,,,,,,,,,,,127.71675362461389,4.902519334768624,0.9698116963065304,1.0,0.026,0.599,"{""error"": ""add"", ""trend"": ""add"", ""damped_trend"": true, ""seasonal"": ""mul"", ""seasonal_periods"": 24}",,,,,,,,,,,,,,,,,,,,,,,,,,,,,,,,,,,,2552.1804938217947,155.87272180409514,19.907639199255,0,0.0,0.034,,82.49912019536575,1.932576059488776,0.43712384900303,1,0.017,0.501,"{""maxlags"": 24}",86.82491630808282,2.269486793195908,0.5046840889548445,0,0.0,0.411,,114.56608619336524,3.710076012666807,0.760371115350694,1,0.016,0.159,"{""maxlags"": 24}",101.3808421071938,2.975039114133238,0.6174067326005015,0,0.0,4.049,,122.3653105405854,4.524623212204504,0.9089994165566284,1,0.246,0.446,"{""yearly_seasonality"": false, ""weekly_seasonality"": false, ""daily_seasonality"": true, ""seasonality_mode"": ""multiplicative""}",116.55685744490368,4.565033521385886,0.8868890909932979,0,0.0,4.575,,98.3485955188011,2.506049293400276,0.544562126756715,1,0.024,0.734,"{""maxlags"": 24}",81.97444818038714,2.1930302135413062,0.4794834266558352,0,0.0,0.602,
19,H20,172800.0,without_retrain,0,,,,,,,,,,,,,,,,,,,,,,424.7495897141049,5.189088414295017,0.8385987981193699,1.0,15.014,4.362,"{""order"": [48, 1, 0]}",,,,,,,,,,,,,,,,,,,,,,,,,,,,,374.7156460339475,4.765871060049977,0.7513197542498347,0,0.0,24.902,,701.5795745816168,9.190895773953898,1.4371165624212512,0,0.0,5.773,,,,,,,,,,,,,,,,,,,,,,,16808.428951404432,176.6540022243607,36.248688864460895,1.0,0.023,0.396,"{""error"": ""add"", ""trend"": ""add"", ""damped_trend"": true, ""seasonal"": ""add"", ""seasonal_periods"": 24}",,,,,,,,,,,,,,,,,,,,,,,,,,,,,11430.00561211158,162.29731067518048,24.04654334541547,0,0.0,0.031,,348.9560374894917,3.507594125452061,0.6140952962494588,1,0.012,0.513,"{""maxlags"": 24}",367.5700489011653,3.4738950615199986,0.6210875687949408,0,0.0,0.421,,375.93347004153145,4.10051513585983,0.707872818583589,1,0.014,0.166,"{""maxlags"": 24}",512.5965239292709,6.221401534231821,1.048122643011144,0,0.0,5.103,,466.00191254321993,6.424446551314307,0.9735143554822356,1,0.46,0.746,"{""yearly_seasonality"": false, ""weekly_seasonality"": false, ""daily_seasonality"": true, ""seasonality_mode"": ""additive""}",418.29946267670186,5.497670504728568,0.843668975821919,0,0.0,8.238,,344.48289450591375,3.199919811913348,0.5638508560764057,1,0.014,0.744,"{""maxlags"": 24}",386.0363511680831,4.440447827231176,0.7469893228420653,0,0.0,0.566,
20,H21,172800.0,without_retrain,0,,,,,,,,,,,,,,,,,,,,,,,,,,,,,991.4373263763282,4.397041511169114,0.9776798845440572,1.0,6.164,0.759,"{""order"": [27, 0, 0]}",,,,,,,,,,,,,,,,,,,,,,969.1344751135229,4.150879286220761,0.9309269382562948,0,0.0,22.7,,3350.116123758831,17.77492367335314,3.349267304472157,0,0.0,2.189,,,,,,,,,,,,,,,,,,,,,,,,,,,,,,948.7313983389612,3.6346910309641047,0.8157942783386516,1.0,0.026,0.251,"{""error"": ""add"", ""trend"": ""add"", ""damped_trend"": true, ""seasonal"": ""mul"", ""seasonal_periods"": 24}",,,,,,,,,,,,,,,,,,,,,,26820.060111016508,161.54963460173838,29.356691276073263,0,0.0,0.044,,994.2940151537756,4.475416290947543,0.9678266163638024,1,0.016,0.455,"{""maxlags"": 24}",1111.0276217904163,4.460558616432377,0.9611375458304648,0,0.0,0.366,,843.246375143793,3.782574453289489,0.8143172585098938,1,0.016,0.158,"{""maxlags"": 24}",1189.979951189131,4.3490027011044745,0.957423176542763,0,0.0,2.1,,1069.4895916240366,6.164074558775776,1.242655014688353,1,0.257,0.432,"{""yearly_seasonality"": false, ""weekly_seasonality"": false, ""daily_seasonality"": true, ""seasonality_mode"": ""multiplicative""}",1093.8946482144208,6.400662115942559,1.2506194489472016,0,0.0,2.318,,1170.6169147309813,4.879579070680735,1.07625152301902,1,0.016,0.58,"{""maxlags"": 24}",1174.6731568229004,4.095580631248951,0.8941365113389961,0,0.0,0.571,
21,H22,172800.0,without_retrain,0,,,,,,,,,,,,,,,,,,,,,,,,,,,,,,,,,,,,21.176553348570742,2.4202679575089374,0.9796283866268118,1.0,1.817,0.729,"{""order"": [31, 1, 0]}",,,,,,,,,,,,,,,19.61676126986969,2.209400745624119,0.8966241383450972,0,0.0,17.894,,49.60726434865942,6.856654904605096,2.629385366237106,0,0.0,8.555,,,,,,,,,,,,,,,,,,,,,,,,,,,,,,,,,,,,,42.88660355141732,5.202505991059227,2.063315202055066,1.0,0.031,1.143,"{""error"": ""add"", ""trend"": ""add"", ""damped_trend"": true, ""seasonal"": ""mul"", ""seasonal_periods"": 24}",,,,,,,,,,,,,,,146.9139953209284,19.875510408084097,7.1524354975156585,0,0.0,0.047,,32.34885068983255,3.6297896002571455,1.4551756139259693,1,0.022,0.413,"{""maxlags"": 24}",30.817770597061205,3.471277373151358,1.3934753169147502,0,0.0,0.405,,30.71756463670481,3.548393360476066,1.420367452138601,1,0.022,0.163,"{""maxlags"": 24}",30.27472815557921,3.5030316861612896,1.4017553699696956,0,0.0,3.069,,68.80534967724891,10.02928121864852,3.795975020437405,1,0.468,0.696,"{""yearly_seasonality"": false, ""weekly_seasonality"": false, ""daily_seasonality"": true, ""seasonality_mode"": ""multiplicative""}",40.05308425329192,5.240437003004531,2.057861351454247,0,0.0,1.158,,34.3169150213966,3.893556834079096,1.5602752551582617,1,0.028,0.639,"{""maxlags"": 24}",34.93043744774546,3.9810761587320607,1.5943228910404847,0,0.0,0.578,
22,H23,172800.0,without_retrain,0,,,,,,,,,,,,,,,,,,,,,,,,,,,,,,,,,,,,,,,,,,,22.78913209731778,6.778938478810268,0.7845035245661397,1.0,2.482,0.674,"{""order"": [26, 1, 0]}",,,,,,,,21.8631190829462,6.557194139959243,0.7544703234428237,0,0.0,6.773,,87.2316646052044,36.41256856276236,3.239212035244421,0,0.0,18.356,,,,,,,,,,,,,,,,,,,,,,,,,,,,,,,,,,,,,,,,,,,,19.42703079454705,5.298364811870204,0.6277393241565822,1.0,0.027,1.103,"{""error"": ""add"", ""trend"": ""add"", ""damped_trend"": true, ""seasonal"": ""mul"", ""seasonal_periods"": 24}",,,,,,,,117.06269041100089,39.83895163350119,3.979378607108232,0,0.0,0.038,,21.648657650231986,6.12072485433653,0.7225123208618935,1,0.02,0.421,"{""maxlags"": 24}",20.147418289536297,5.6636270977372805,0.6652944535595721,0,0.0,0.381,,22.793021216113477,6.432297954897416,0.7810071673454676,1,0.02,0.16,"{""maxlags"": 24}",32.229022001154924,9.475751286517106,1.1347569283693837,0,0.0,2.737,,16.70830635264323,5.089624943144426,0.5599937415425549,1,0.252,0.676,"{""yearly_seasonality"": false, ""weekly_seasonality"": false, ""daily_seasonality"": true, ""seasonality_mode"": ""multiplicative""}",13.911330964325504,4.11595929510808,0.4371074764618202,0,0.0,16.234,,27.92304005298273,7.67317339346782,0.8561632769497125,1,0.023,0.604,"{""maxlags"": 24}",22.838975370447056,7.051608873531208,0.8108883979378513,0,0.0,0.584,
23,H24,172800.0,without_retrain,0,,,,,,,,,,,,,,,,,,,,,,,,,,,,,,,,,,,,,,,,,,,,,,,,,,35.528740084479765,5.013369107955338,0.6837240376725559,1.0,8.26,1.464,"{""order"": [39, 1, 0]}",36.7327105874835,5.206479880443066,0.705750662482473,0,0.0,7.214,,191.828791358188,28.514876523505148,3.5496880047485884,0,0.0,8.258,,,,,,,,,,,,,,,,,,,,,,,,,,,,,,,,,,,,,,,,,,,,,,,,,,,28.59559237473728,4.278058173355791,0.5493353004172705,1.0,0.039,0.878,"{""error"": ""add"", ""trend"": ""add"", ""damped_trend"": true, ""seasonal"": ""mul"", ""seasonal_periods"": 24}",464.76766261112544,93.07988070960364,9.325190319639596,0,0.0,0.059,,43.87243367473326,5.820027737490332,0.8225928004963019,1,0.037,0.423,"{""maxlags"": 24}",55.057463986661446,7.464842843064969,1.0589735916593928,0,0.0,0.389,,41.24079950470414,4.80052561620639,0.7195275397393713,1,0.025,0.178,"{""maxlags"": 24}",37.00532309378001,4.806732949487,0.6881856714625818,0,0.0,7.892,,26.51864931914542,3.644548574345272,0.4932079780886163,1,0.202,0.641,"{""yearly_seasonality"": false, ""weekly_seasonality"": false, ""daily_seasonality"": true, ""seasonality_mode"": ""multiplicative""}",46.58868950044988,6.85470070755714,0.8607218954940475,0,0.0,9.502,,32.43519670993593,4.083613952728482,0.603427224866287,1,0.025,0.656,"{""maxlags"": 24}",45.888717072601295,4.941823610698288,0.7383648701615219,0,0.0,0.58,
24,H25,172800.0,without_retrain,0,190.509664256354,5.876960424839791,1.1093029524608586,1.0,3.409,0.815,"{""order"": [27, 1, 0]}",,,,,,,,,,,,,,,,,,,,,,,,,,,,,,,,,,,,,,,,,,,,,,,,,,223.91811651775836,6.566868305238082,1.2539880588325862,0,0.0,12.918,,1886.2126886849176,110.03492010613324,12.041575200342038,0,0.0,11.333,,349.1474438435818,12.721235429478313,2.277372210138072,1.0,0.035,0.657,"{""error"": ""add"", ""trend"": ""add"", ""damped_trend"": true, ""seasonal"": ""mul"", ""seasonal_periods"": 24}",,,,,,,,,,,,,,,,,,,,,,,,,,,,,,,,,,,,,,,,,,,,,,,,,,643.8344572150737,21.97808040802273,3.826230430471133,0,0.0,0.043,,235.27466588004287,7.270277120274847,1.3679960387437415,1,0.022,0.416,"{""maxlags"": 24}",233.420924291775,7.399053071734012,1.382288481269066,0,0.0,0.402,,208.60546780021997,6.14035761057238,1.1764167994535677,1,0.023,0.153,"{""maxlags"": 24}",211.93862294027767,5.926313759732641,1.1407143038716905,0,0.0,1.838,,468.918335784726,17.978263304125033,3.086002060713557,1,0.195,0.564,"{""yearly_seasonality"": false, ""weekly_seasonality"": false, ""daily_seasonality"": true, ""seasonality_mode"": ""multiplicative""}",433.9808531060173,16.919473263511982,2.879181801074824,0,0.0,9.85,,246.80661388582763,7.590101993098298,1.4267095176065263,1,0.022,0.643,"{""maxlags"": 24}",259.84201512309085,8.176715462572083,1.5154812826132755,0,0.0,0.566,
25,H26,172800.0,without_retrain,0,,,,,,,,1748.6967900070467,7.000985542456682,0.997762260093056,1.0,8.703,4.048,"{""order"": [48, 1, 0]}",,,,,,,,,,,,,,,,,,,,,,,,,,,,,,,,,,,,,,,,,,,1466.5917844362891,6.026370840652759,0.839865954917936,0,0.0,31.085,,1780.068284828497,7.1009794407196365,1.0160195735024298,0,0.0,12.135,,,,,,,,,1644.7271961072183,6.634998090179654,0.9402356884113569,1.0,0.023,0.568,"{""error"": ""add"", ""trend"": ""add"", ""damped_trend"": true, ""seasonal"": ""mul"", ""seasonal_periods"": 24}",,,,,,,,,,,,,,,,,,,,,,,,,,,,,,,,,,,,,,,,,,,39959.93524093498,172.00224922243237,25.079488585983118,0,0.0,0.04,,1549.6945583466688,6.392511133485409,0.8552541093549696,1,0.012,0.399,"{""maxlags"": 24}",1151.6069084601588,4.680576798967743,0.6210787057808308,0,0.0,0.38,,2828.751650106086,12.990048539780211,1.7346695626394746,1,0.014,0.164,"{""maxlags"": 24}",2491.34481983923,11.083018192586534,1.4846120877002662,0,0.0,4.23,,1567.3527421756903,7.053474372823456,0.9650316188351012,1,0.403,0.659,"{""yearly_seasonality"": false, ""weekly_seasonality"": false, ""daily_seasonality"": true, ""seasonality_mode"": ""multiplicative""}",1676.294290275319,7.374161098572029,0.9971423226935504,0,0.0,5.194,,1661.990374180611,7.183942795302085,0.9538339230051642,1,0.015,0.632,"{""maxlags"": 24}",1863.01588706728,7.785161989712947,1.028217168453603,0,0.0,0.572,
26,H27,172800.0,without_retrain,0,,,,,,,,,,,,,,,147.88353464258168,6.42819052696138,0.9777000768989956,1.0,8.958,0.283,"{""order"": [3, 1, 3]}",,,,,,,,,,,,,,,,,,,,,,,,,,,,,,,,,,,,87.7760286255912,3.6568659260780407,0.5592443656360438,0,0.0,36.157,,98.47460013850262,3.7319277395086874,0.5956734887536222,0,0.0,11.916,,,,,,,,,,,,,,,,3174.5542123045734,169.32625968370428,21.61018867642711,1.0,0.03,0.465,"{""error"": ""add"", ""trend"": ""add"", ""damped_trend"": true, ""seasonal"": ""add"", ""seasonal_periods"": 24}",,,,,,,,,,,,,,,,,,,,,,,,,,,,,,,,,,,,3001.395305424478,156.2724610678424,19.8362238924542,0,0.0,0.038,,84.91893577340116,3.226722921793705,0.4921718900674665,1,0.023,0.411,"{""maxlags"": 24}",86.40696558378998,3.3755747223213355,0.5056714750718547,0,0.0,0.373,,79.79422087557349,3.229701621237558,0.504752995411907,1,0.021,0.159,"{""maxlags"": 24}",86.49883874873059,3.742973400180432,0.5548038365386546,0,0.0,1.308,,100.2244687282933,3.553782610040946,0.5503801566187442,1,0.195,0.379,"{""yearly_seasonality"": false, ""weekly_seasonality"": false, ""daily_seasonality"": true, ""seasonality_mode"": ""additive""}",98.5318176061098,4.518473771918857,0.6791676358538395,0,0.0,7.825,,111.609926361511,4.014979169864652,0.6334545550179211,1,0.022,0.619,"{""maxlags"": 24}",89.60406695177124,3.914653291041438,0.585859084636889,0,0.0,0.568,
27,H28,172800.0,without_retrain,0,,,,,,,,,,,,,,,,,,,,,,212.28973371562105,4.757650636701616,0.873318717120545,1.0,10.357,4.018,"{""order"": [48, 1, 0]}",,,,,,,,,,,,,,,,,,,,,,,,,,,,,255.17138543442135,5.972252021179048,1.072151717718507,0,0.0,3.917,,3439.78662455105,126.50127586110544,14.043246453266653,0,0.0,14.933,,,,,,,,,,,,,,,,,,,,,,,308.2201209807986,7.601328160588889,1.3306253329569036,1.0,0.029,0.566,"{""error"": ""add"", ""trend"": ""add"", ""damped_trend"": true, ""seasonal"": ""mul"", ""seasonal_periods"": 24}",,,,,,,,,,,,,,,,,,,,,,,,,,,,,1381.2556142492476,26.4180680895181,5.122130609051756,0,0.0,0.045,,447.2307097722436,8.981193551725296,1.6617627754171131,1,0.02,0.396,"{""maxlags"": 24}",454.4463292381003,9.236833488652676,1.6996581705832814,0,0.0,0.385,,430.00240943485073,8.38957826434777,1.5682049836864704,1,0.019,0.166,"{""maxlags"": 24}",405.815188772526,7.751120344639996,1.425744490231815,0,0.0,2.509,,326.6014549460962,5.817020410740859,1.1610786057954037,1,0.427,0.662,"{""yearly_seasonality"": false, ""weekly_seasonality"": false, ""daily_seasonality"": true, ""seasonality_mode"": ""multiplicative""}",369.6226520466985,6.232092253362933,1.261219369301671,0,0.0,2.987,,457.9352259738044,9.081573782021252,1.6998123296312926,1,0.018,0.664,"{""maxlags"": 24}",329.4414860812855,5.990957342662121,1.1686434020140424,0,0.0,0.582,
28,H29,172800.0,without_retrain,0,,,,,,,,,,,,,,,,,,,,,,,,,,,,,468.7698108798738,8.311544409910539,1.407484159833796,1.0,3.756,0.814,"{""order"": [28, 1, 0]}",,,,,,,,,,,,,,,,,,,,,,509.12719579679526,9.065204977565024,1.5402782684973466,0,0.0,4.902,,250.6131589422441,4.73064351329925,0.7718618958201319,0,0.0,10.253,,,,,,,,,,,,,,,,,,,,,,,,,,,,,,256.78182827280506,4.755115460204585,0.7768004357122441,1.0,0.026,0.424,"{""error"": ""add"", ""trend"": ""add"", ""damped_trend"": true, ""seasonal"": ""mul"", ""seasonal_periods"": 24}",,,,,,,,,,,,,,,,,,,,,,7420.59515272208,157.77680476704157,21.78761206864016,0,0.0,0.037,,429.7087680547587,7.978837334299404,1.3346713676877735,1,0.015,0.43,"{""maxlags"": 24}",458.6276865986584,8.582788647547046,1.433179224444645,0,0.0,0.395,,541.9411474621044,9.674143889589324,1.655860864673257,1,0.015,0.161,"{""maxlags"": 24}",473.4884365100039,8.552013581344033,1.4534600331409973,0,0.0,3.558,,696.610995964784,12.955690207061956,2.226380077953109,1,0.279,0.428,"{""yearly_seasonality"": false, ""weekly_seasonality"": false, ""daily_seasonality"": true, ""seasonality_mode"": ""multiplicative""}",576.48076584253,11.054393163094206,1.788551707921999,0,0.0,4.243,,392.6160938951223,7.334147715346995,1.1752186413395531,1,0.015,0.644,"{""maxlags"": 24}",386.5808798352842,7.23460633567112,1.1497673360942675,0,0.0,0.576,
29,H30,172800.0,without_retrain,0,,,,,,,,,,,,,,,,,,,,,,,,,,,,,,,,,,,,9621.07703333793,7.125786163589841,1.470170399655883,1.0,4.613,0.817,"{""order"": [26, 1, 0]}",,,,,,,,,,,,,,,10432.100719880267,7.74468787834748,1.6008460583044333,0,0.0,5.114,,9049.845972732504,6.418315792206337,1.3421950021462628,0,0.0,7.652,,,,,,,,,,,,,,,,,,,,,,,,,,,,,,,,,,,,,9087.432058333574,6.443914149341165,1.3473436908550385,1.0,0.026,0.506,"{""error"": ""add"", ""trend"": ""add"", ""damped_trend"": true, ""seasonal"": ""mul"", ""seasonal_periods"": 24}",,,,,,,,,,,,,,,17533.487726240623,14.162991452150736,2.7503127684685444,0,0.0,0.029,,8390.16506180071,5.575723896977876,1.1169363023333905,1,0.013,0.442,"{""maxlags"": 24}",8351.929169654564,5.553083712372668,1.1203344772176638,0,0.0,0.385,,14153.343468395136,9.295384297985676,1.8162916658794344,1,0.014,0.158,"{""maxlags"": 24}",13837.247376356543,9.277542923696153,1.8109199662139517,0,0.0,2.358,,14111.370325588568,10.361940895454914,2.167140088706521,1,0.389,0.724,"{""yearly_seasonality"": false, ""weekly_seasonality"": false, ""daily_seasonality"": true, ""seasonality_mode"": ""multiplicative""}",5233.82941759384,3.9353606276120536,0.7371211294256721,0,0.0,2.721,,13105.597144860674,8.727737981056132,1.6984838490732723,1,0.014,0.643,"{""maxlags"": 24}",11230.086355390078,8.10457504178448,1.5453096775408035,0,0.0,0.572,
30,H31,172800.0,without_retrain,0,,,,,,,,,,,,,,,,,,,,,,,,,,,,,,,,,,,,,,,,,,,5162.417993221194,4.707932357362068,1.0865554485144011,1.0,5.233,0.945,"{""order"": [28, 1, 0]}",,,,,,,,4682.012788189399,4.338449020495696,0.9929883240860355,0,0.0,5.306,,4075.9788440439024,3.57422816782594,0.8286380461125565,0,0.0,12.41,,,,,,,,,,,,,,,,,,,,,,,,,,,,,,,,,,,,,,,,,,,,4019.983228632717,3.5127562641114625,0.8145686340984124,1.0,0.024,0.421,"{""error"": ""add"", ""trend"": ""add"", ""damped_trend"": true, ""seasonal"": ""mul"", ""seasonal_periods"": 24}",,,,,,,,17321.66677381124,15.92050256749773,3.504107276832451,0,0.0,0.029,,6277.362477101736,6.1197875730058096,1.370045779182865,1,0.014,0.417,"{""maxlags"": 24}",7332.172315961249,6.602008686240045,1.539259557831662,0,0.0,0.379,,9496.956302173994,8.348131917319755,1.8422422329364971,1,0.011,0.181,"{""maxlags"": 24}",14740.742993550286,11.135980542311522,2.484122838717743,0,0.0,1.454,,9274.772225617637,8.67788385914154,2.0020637713676366,1,0.225,0.431,"{""yearly_seasonality"": false, ""weekly_seasonality"": false, ""daily_seasonality"": true, ""seasonality_mode"": ""multiplicative""}",7375.116019150954,6.896157730147611,1.5118439729678066,0,0.0,4.753,,6906.117957881982,6.018465813745775,1.2567908257658202,1,0.012,0.613,"{""maxlags"": 24}",13423.513384675116,10.495740992546816,2.3071471094892115,0,0.0,0.564,
31,H32,172800.0,without_retrain,0,,,,,,,,,,,,,,,,,,,,,,,,,,,,,,,,,,,,,,,,,,,,,,,,,,4500.264406460386,4.4605184202486186,1.0166046481238855,1.0,4.838,0.837,"{""order"": [28, 1, 0]}",5733.882670089134,5.73764827007174,1.3022690880678744,0,0.0,5.055,,3508.709646219778,3.188108133818504,0.7406237856434306,0,0.0,13.146,,,,,,,,,,,,,,,,,,,,,,,,,,,,,,,,,,,,,,,,,,,,,,,,,,,3450.047421029003,3.2447552613807,0.7426906636354021,1.0,0.023,0.525,"{""error"": ""add"", ""trend"": ""add"", ""damped_trend"": true, ""seasonal"": ""mul"", ""seasonal_periods"": 24}",15618.38163744998,15.519608768404174,3.386020416934064,0,0.0,0.029,,5921.780058185193,6.201063202011312,1.364609420085898,1,0.014,0.408,"{""maxlags"": 24}",4550.122306898875,4.828183338830001,1.0579187309024638,0,0.0,0.364,,8211.985051987138,7.977339695487221,1.711525343131538,1,0.014,0.187,"{""maxlags"": 24}",9984.428832702057,8.571836161034893,1.853704315423179,0,0.0,2.312,,8138.505909699298,8.223090674340595,1.876237472575361,1,0.459,0.637,"{""yearly_seasonality"": false, ""weekly_seasonality"": false, ""daily_seasonality"": true, ""seasonality_mode"": ""multiplicative""}",6478.970128856565,6.502381460121164,1.4103932055277897,0,0.0,6.553,,10422.796359746484,9.376094262515066,2.027405091490228,1,0.013,0.61,"{""maxlags"": 24}",12150.72706810636,10.195978612981362,2.229883247968336,0,0.0,0.598,
32,H33,172800.0,without_retrain,0,462.9700217131855,8.107575781901902,1.7622058445150486,1.0,9.701,4.112,"{""order"": [48, 1, 0]}",,,,,,,,,,,,,,,,,,,,,,,,,,,,,,,,,,,,,,,,,,,,,,,,,,533.4616208354754,9.334303260044374,2.0230433227921982,0,0.0,4.911,,3915.155813387545,95.56601402186614,13.999276466472791,0,0.0,13.809,,411.3562149664834,6.864264718140375,1.5221809371006263,1.0,0.031,0.523,"{""error"": ""add"", ""trend"": ""add"", ""damped_trend"": true, ""seasonal"": ""mul"", ""seasonal_periods"": 24}",,,,,,,,,,,,,,,,,,,,,,,,,,,,,,,,,,,,,,,,,,,,,,,,,,1087.3691631326617,16.926821960304693,3.852999926463761,0,0.0,0.043,,541.4049418992225,9.675402405372798,2.0835758796115385,1,0.022,0.436,"{""maxlags"": 24}",592.4586699245518,10.539644421663624,2.2928005964102014,0,0.0,0.388,,570.5349484398778,9.919527276892964,2.1857549206515565,1,0.024,0.171,"{""maxlags"": 24}",538.0515559032124,9.720662332383716,2.089738924307383,0,0.0,3.604,,471.95053615501,7.93173492363382,1.7739516467162584,1,0.234,0.485,"{""yearly_seasonality"": false, ""weekly_seasonality"": false, ""daily_seasonality"": true, ""seasonality_mode"": ""multiplicative""}",457.5601938745184,7.516887140959514,1.697524455872774,0,0.0,33.193,,551.1240749771391,9.8698352888251,2.1438936320069413,1,0.021,0.646,"{""maxlags"": 24}",576.5444620355399,10.32899145369292,2.2341698631026694,0,0.0,0.53,
33,H34,172800.0,without_retrain,0,,,,,,,,1594.8210992666022,2.6797006327217896,1.0061873437529132,1.0,4.15,0.575,"{""order"": [25, 1, 0]}",,,,,,,,,,,,,,,,,,,,,,,,,,,,,,,,,,,,,,,,,,,1722.9896501649007,2.887646667205229,1.0875326033525836,0,0.0,4.743,,1707.5186155035635,2.8084106446672155,1.0588690239389564,0,0.0,5.586,,,,,,,,,1204.6109549674634,2.088361364103229,0.7701161484209859,1.0,0.029,0.271,"{""error"": ""add"", ""trend"": ""add"", ""damped_trend"": true, ""seasonal"": ""mul"", ""seasonal_periods"": 24}",,,,,,,,,,,,,,,,,,,,,,,,,,,,,,,,,,,,,,,,,,,7694.45692148523,15.302815521048442,5.358684409806723,0,0.0,0.041,,3459.721732880419,6.650417781615162,2.391140857518444,1,0.016,0.417,"{""maxlags"": 24}",3515.469711265191,6.504462296822472,2.354387517781909,0,0.0,0.382,,4449.402196706187,8.230239752661399,2.958063881016616,1,0.018,0.164,"{""maxlags"": 24}",3565.1270907114254,6.7541736930963685,2.4352303042671526,0,0.0,2.015,,3495.7150541750834,6.481524513644881,2.364637098392483,1,0.178,0.767,"{""yearly_seasonality"": false, ""weekly_seasonality"": true, ""daily_seasonality"": true, ""seasonality_mode"": ""multiplicative""}",3642.1355446813154,6.943819348046812,2.508910704783741,0,0.0,17.007,,3841.882076004307,7.4563944328661265,2.6618658471944268,1,0.016,0.643,"{""maxlags"": 24}",3593.022639550784,6.640784262798707,2.4011434919511743,0,0.0,0.572,
34,H35,172800.0,without_retrain,0,,,,,,,,,,,,,,,89.90164320259377,5.480068743230145,1.3106867786755163,1.0,3.501,0.658,"{""order"": [26, 1, 0]}",,,,,,,,,,,,,,,,,,,,,,,,,,,,,,,,,,,,101.01987597661152,5.890951381390065,1.4210065103221854,0,0.0,4.889,,154.1655748788647,10.449079476562138,2.4114871956536,0,0.0,23.698,,,,,,,,,,,,,,,,169.27315492537335,10.836039259616967,2.516428559153066,1.0,0.024,1.002,"{""error"": ""add"", ""trend"": ""add"", ""damped_trend"": true, ""seasonal"": ""mul"", ""seasonal_periods"": 24}",,,,,,,,,,,,,,,,,,,,,,,,,,,,,,,,,,,,234.47209517361284,15.502353584334712,3.526958830151363,0,0.0,0.082,,76.30287635051467,4.1493878463808045,1.0187333826988487,1,0.016,0.407,"{""maxlags"": 24}",82.31631196114363,5.055135437923839,1.2131050169459412,0,0.0,0.374,,99.40444984488782,4.818903611324624,1.177469785327607,1,0.014,0.152,"{""maxlags"": 24}",100.4719055370941,5.399041963009453,1.3191082699759458,0,0.0,2.798,,147.1021631755794,10.34432875991065,2.360005879699911,1,0.231,0.389,"{""yearly_seasonality"": false, ""weekly_seasonality"": false, ""daily_seasonality"": true, ""seasonality_mode"": ""multiplicative""}",123.33090913592886,8.542401301368827,1.9586970101368888,0,0.0,13.678,,75.83325136260994,4.200198771590833,1.0297088545144826,1,0.013,0.632,"{""maxlags"": 24}",112.18537674002395,6.86879491096349,1.6151617345905027,0,0.0,0.554,
35,H36,172800.0,without_retrain,0,,,,,,,,,,,,,,,,,,,,,,2830.113912919268,9.435303502042297,1.5851125932966486,1.0,5.574,1.536,"{""order"": [34, 1, 0]}",,,,,,,,,,,,,,,,,,,,,,,,,,,,,3247.9166838041738,10.742521016410183,1.8132809808739507,0,0.0,5.199,,3224.989933774062,10.535318515142752,1.8017757662880325,0,0.0,7.161,,,,,,,,,,,,,,,,,,,,,,,3090.107188210892,10.13564806125707,1.727365468234548,1.0,0.028,0.527,"{""error"": ""add"", ""trend"": ""add"", ""damped_trend"": true, ""seasonal"": ""mul"", ""seasonal_periods"": 24}",,,,,,,,,,,,,,,,,,,,,,,,,,,,,3512.715554474241,12.420476622174908,1.9032073085796928,0,0.0,0.034,,961.7760577703616,3.065484536103716,0.4696436991899649,1,0.014,0.432,"{""maxlags"": 24}",2548.0112314725047,7.96673899680988,1.2680086399152188,0,0.0,0.391,,4165.966338922125,11.664189283546603,1.8541335156361636,1,0.017,0.241,"{""maxlags"": 24}",5414.610571458712,16.547697087210615,2.7395872212737618,0,0.0,3.656,,3700.0944761556143,11.949998744725171,2.0347926956685947,1,0.309,0.395,"{""yearly_seasonality"": false, ""weekly_seasonality"": false, ""daily_seasonality"": true, ""seasonality_mode"": ""multiplicative""}",893.8442455742714,3.031165276071654,0.4586190162595391,0,0.0,8.832,,3549.1161482917887,13.525580043785022,2.0661583565043453,1,0.018,0.645,"{""maxlags"": 24}",3569.6376181300006,13.55160293191846,2.0692931088995903,0,0.0,0.549,
36,H37,172800.0,without_retrain,0,,,,,,,,,,,,,,,,,,,,,,,,,,,,,234.7192649892388,8.629787483133242,1.202455080519849,1.0,2.161,0.622,"{""order"": [24, 1, 0]}",,,,,,,,,,,,,,,,,,,,,,268.4903266590569,10.181300038858668,1.3974289220661469,0,0.0,4.422,,1747.251731609451,116.808657355323,9.761332664296043,0,0.0,4.679,,,,,,,,,,,,,,,,,,,,,,,,,,,,,,503.35137556711067,20.938843641517675,2.7257797328614486,1.0,0.037,0.468,"{""error"": ""add"", ""trend"": ""add"", ""damped_trend"": true, ""seasonal"": ""mul"", ""seasonal_periods"": 24}",,,,,,,,,,,,,,,,,,,,,,1001.2088420138896,42.44755555588578,5.0854853647806815,0,0.0,0.058,,376.72674972746114,14.60137372163976,1.9653621181477687,1,0.025,0.422,"{""maxlags"": 24}",375.1037882447402,14.720291901512914,1.9847924894140831,0,0.0,0.398,,387.7101786461145,14.922673320281229,1.999482175500478,1,0.031,0.166,"{""maxlags"": 24}",292.3177062196188,11.397223301786108,1.5281467869320569,0,0.0,3.329,,417.2989778325822,16.8102990455329,2.239135136851542,1,0.237,0.522,"{""yearly_seasonality"": false, ""weekly_seasonality"": false, ""daily_seasonality"": true, ""seasonality_mode"": ""multiplicative""}",418.7099151841655,16.57990896474151,2.2197877673000423,0,0.0,8.897,,387.67713689618535,14.583314403877884,1.9857091228943888,1,0.029,0.606,"{""maxlags"": 24}",361.4185259296912,13.432833867826538,1.8192065814270648,0,0.0,0.551,
37,H38,172800.0,without_retrain,0,,,,,,,,,,,,,,,,,,,,,,,,,,,,,,,,,,,,111.41787135345136,3.4477007598887486,0.5609039830874591,1.0,3.838,1.005,"{""order"": [30, 1, 0]}",,,,,,,,,,,,,,,129.7011209620405,3.6713818323856695,0.6495238516511394,0,0.0,4.626,,882.1050760434101,28.843947592701863,4.4430132037142505,0,0.0,5.639,,,,,,,,,,,,,,,,,,,,,,,,,,,,,,,,,,,,,215.985535683362,6.432469933605418,1.1250053437871446,1.0,0.033,1.148,"{""error"": ""add"", ""trend"": ""add"", ""damped_trend"": true, ""seasonal"": ""mul"", ""seasonal_periods"": 24}",,,,,,,,,,,,,,,745.0415619300471,21.589854523282373,3.7945128018779584,0,0.0,0.055,,394.5768446600568,11.715668934097916,2.0614005396533512,1,0.023,0.426,"{""maxlags"": 24}",393.2188624101515,11.503585067294807,2.0311269960975125,0,0.0,0.4,,395.111050682028,10.87364620207578,1.947497565828031,1,0.023,0.179,"{""maxlags"": 24}",310.624448808987,8.602495343520381,1.517728737214541,0,0.0,6.094,,536.7778881121332,17.069718650655254,2.9167214635545,1,0.341,0.443,"{""yearly_seasonality"": false, ""weekly_seasonality"": false, ""daily_seasonality"": true, ""seasonality_mode"": ""multiplicative""}",530.4665556826066,16.051804640131003,2.7989708462183285,0,0.0,11.18,,369.43586881319465,10.383011453152946,1.8547131335913123,1,0.027,0.648,"{""maxlags"": 24}",551.8125404465472,14.38762704962179,2.593299971086714,0,0.0,0.588,
38,H39,172800.0,without_retrain,0,,,,,,,,,,,,,,,,,,,,,,,,,,,,,,,,,,,,,,,,,,,9626.672775788613,7.1364337318404045,1.4719487852807027,1.0,4.768,0.725,"{""order"": [26, 1, 0]}",,,,,,,,9755.561246794216,7.300571448809404,1.5011656502314772,0,0.0,5.064,,9061.772912929344,6.433569484024704,1.3445099155154276,0,0.0,6.287,,,,,,,,,,,,,,,,,,,,,,,,,,,,,,,,,,,,,,,,,,,,9057.258076607925,6.426691229963235,1.3431857826863076,1.0,0.023,0.626,"{""error"": ""add"", ""trend"": ""add"", ""damped_trend"": true, ""seasonal"": ""mul"", ""seasonal_periods"": 24}",,,,,,,,17524.226064439623,14.164781615417033,2.7500028852214933,0,0.0,0.051,,9751.057946127714,6.338203327736669,1.265320969439334,1,0.014,0.431,"{""maxlags"": 24}",9164.96683423242,5.676717069424577,1.142223231483407,0,0.0,0.383,,11709.380288632094,7.751931824050518,1.4951985984089795,1,0.014,0.161,"{""maxlags"": 24}",9615.682844766285,6.1471334492894165,1.2211707853024627,0,0.0,0.996,,14063.882449775549,10.330241149851132,2.159601917807405,1,0.248,0.51,"{""yearly_seasonality"": false, ""weekly_seasonality"": false, ""daily_seasonality"": true, ""seasonality_mode"": ""multiplicative""}",5392.558445914863,4.05416941708054,0.7599094929404417,0,0.0,5.082,,11672.287950756385,8.031730863202728,1.5469233671516436,1,0.013,0.634,"{""maxlags"": 24}",7625.058850508401,5.648489094086206,1.0810409736708322,0,0.0,0.618,
39,H40,172800.0,without_retrain,0,,,,,,,,,,,,,,,,,,,,,,,,,,,,,,,,,,,,,,,,,,,,,,,,,,55.24513015143685,2.300062213717541,0.5323711339861781,1.0,10.075,4.092,"{""order"": [48, 1, 0]}",80.04411215933295,4.066013552323012,0.8813001029118911,0,0.0,4.503,,125.64235909956608,5.44188892866563,1.3404085861263724,0,0.0,12.292,,,,,,,,,,,,,,,,,,,,,,,,,,,,,,,,,,,,,,,,,,,,,,,,,,,149.23773077869757,5.695235657818576,1.460593809999143,1.0,0.035,1.112,"{""error"": ""add"", ""trend"": ""add"", ""damped_trend"": true, ""seasonal"": ""mul"", ""seasonal_periods"": 24}",420.2802121900505,18.5804246970711,4.429471216503316,0,0.0,0.047,,97.63946714950252,4.220003214888931,1.0188474660141535,1,0.022,0.408,"{""maxlags"": 24}",83.35709444647587,3.3075637820134545,0.812705234127654,0,0.0,0.415,,103.10780249105976,4.114043012139012,0.97423013428524,1,0.022,0.15,"{""maxlags"": 24}",91.50422753981194,3.743771186332253,0.9081401466477486,0,0.0,2.726,,128.83001587109388,5.772279389809289,1.41038068893996,1,0.291,0.528,"{""yearly_seasonality"": false, ""weekly_seasonality"": false, ""daily_seasonality"": true, ""seasonality_mode"": ""multiplicative""}",103.57468707828536,4.655824719037255,1.1075267911784186,0,0.0,5.845,,66.73259828143476,3.0187529437043668,0.675716312742115,1,0.02,0.651,"{""maxlags"": 24}",79.47357492318716,3.593273306377174,0.8237462589862942,0,0.0,0.64,
40,H41,172800.0,without_retrain,0,134.99307416537778,3.3269835266097707,0.5388131030009967,1.0,7.937,1.183,"{""order"": [32, 0, 0]}",,,,,,,,,,,,,,,,,,,,,,,,,,,,,,,,,,,,,,,,,,,,,,,,,,127.81261162134572,3.0973700056392475,0.4973469762723248,0,0.0,4.63,,867.657867488309,23.141511097435075,3.688886048028724,0,0.0,8.048,,85.5656197746876,1.8897565567081709,0.3299346827341727,1.0,0.031,0.307,"{""error"": ""add"", ""trend"": ""add"", ""damped_trend"": true, ""seasonal"": ""mul"", ""seasonal_periods"": 24}",,,,,,,,,,,,,,,,,,,,,,,,,,,,,,,,,,,,,,,,,,,,,,,,,,557.9252797863978,13.686387180967207,2.3833188040702584,0,0.0,0.046,,208.66489374884915,5.019241430840146,0.8943849642051752,1,0.024,0.416,"{""maxlags"": 24}",206.97529157776148,5.063617726071428,0.897621544946683,0,0.0,0.41,,173.3687238585808,4.095948063608966,0.7180591714355483,1,0.023,0.156,"{""maxlags"": 24}",196.5493712306906,4.741930055812282,0.8224806276326837,0,0.0,2.544,,369.878813006378,10.310058571844964,1.750025443293433,1,0.315,0.404,"{""yearly_seasonality"": false, ""weekly_seasonality"": false, ""daily_seasonality"": true, ""seasonality_mode"": ""multiplicative""}",342.6311110067452,8.837459169390206,1.532935927017399,0,0.0,0.788,,289.2184355082019,6.095901852207653,1.1108094881580406,1,0.023,0.6,"{""maxlags"": 24}",282.5693878921374,5.974685471691115,1.0856383540564958,0,0.0,0.597,
41,H42,172800.0,without_retrain,0,,,,,,,,152.74075132792782,3.232362508839658,0.7203221257057221,1.0,6.73,0.747,"{""order"": [26, 1, 0]}",,,,,,,,,,,,,,,,,,,,,,,,,,,,,,,,,,,,,,,,,,,166.22946850285115,3.3326528773640938,0.7460644583335494,0,0.0,4.038,,165.52684450474194,3.35517132430064,0.7440715969193693,0,0.0,2.841,,,,,,,,,175.5907966318371,3.2772103065280773,0.7353701277420885,1.0,0.028,0.501,"{""error"": ""add"", ""trend"": ""add"", ""damped_trend"": true, ""seasonal"": ""mul"", ""seasonal_periods"": 24}",,,,,,,,,,,,,,,,,,,,,,,,,,,,,,,,,,,,,,,,,,,2814.743049054497,105.12159943050617,14.61352226560902,0,0.0,0.043,,142.8042776261633,3.373831436789981,0.7434490833660178,1,0.019,0.392,"{""maxlags"": 24}",152.07566510762936,3.548625652582428,0.7859892264728919,0,0.0,0.388,,156.6623356568583,3.6434809446405385,0.8149378419782032,1,0.021,0.161,"{""maxlags"": 24}",111.4684552138889,2.362003830299253,0.5362380871187843,0,0.0,0.149,,164.90086242471511,3.487563043811362,0.7934734386822293,1,0.2,0.484,"{""yearly_seasonality"": false, ""weekly_seasonality"": false, ""daily_seasonality"": true, ""seasonality_mode"": ""multiplicative""}",134.24904633558518,3.4121019456405413,0.7069489074181682,0,0.0,4.124,,150.50028448628024,3.342907795756025,0.7406585808221798,1,0.022,0.648,"{""maxlags"": 24}",159.1242452214342,3.5721936159640664,0.784349730921507,0,0.0,0.593,
42,H43,172800.0,without_retrain,0,,,,,,,,,,,,,,,167.85790800246193,2.843713988198044,0.6091662875951099,1.0,10.237,3.994,"{""order"": [48, 1, 0]}",,,,,,,,,,,,,,,,,,,,,,,,,,,,,,,,,,,,197.51436413485425,3.337180428877595,0.7271076492968042,0,0.0,3.653,,162.90396739705335,3.680984052945437,0.7233970871852078,0,0.0,4.618,,,,,,,,,,,,,,,,177.59021338308452,3.511518398062993,0.7125636283009141,1.0,0.029,0.68,"{""error"": ""add"", ""trend"": ""add"", ""damped_trend"": true, ""seasonal"": ""mul"", ""seasonal_periods"": 24}",,,,,,,,,,,,,,,,,,,,,,,,,,,,,,,,,,,,5424.498373883692,158.9957656208986,26.152728514774378,0,0.0,0.039,,165.3592431982774,3.758543882290012,0.7369675348707422,1,0.018,0.419,"{""maxlags"": 24}",169.9721077173443,3.742498665829877,0.742014537033168,0,0.0,0.434,,178.76207375054173,3.224933160157057,0.6742270691095081,1,0.019,0.169,"{""maxlags"": 24}",236.3667710895209,4.169164603801776,0.9007198496134924,0,0.0,0.138,,165.93082873866595,4.426347956115095,0.849161448510429,1,0.24,0.679,"{""yearly_seasonality"": false, ""weekly_seasonality"": false, ""daily_seasonality"": true, ""seasonality_mode"": ""multiplicative""}",156.14135845302778,3.8039820046984567,0.697132208286297,0,0.0,1.155,,166.81515588528077,3.9221702521468487,0.7955793075679541,1,0.02,0.55,"{""maxlags"": 24}",136.9378043808293,3.3230263661730457,0.6646622093338498,0,0.0,0.555,
43,H44,172800.0,without_retrain,0,,,,,,,,,,,,,,,,,,,,,,49.229290099926175,3.365427439351251,0.7611430220861101,1.0,7.083,0.821,"{""order"": [26, 1, 0]}",,,,,,,,,,,,,,,,,,,,,,,,,,,,,52.30580997235553,3.6036770136342056,0.8103735168224685,0,0.0,3.356,,304.4035134873098,25.55404287524084,4.93519991345725,0,0.0,16.968,,,,,,,,,,,,,,,,,,,,,,,42.14671803009055,3.1315412139265035,0.689507599856511,1.0,0.032,1.058,"{""error"": ""add"", ""trend"": ""add"", ""damped_trend"": true, ""seasonal"": ""mul"", ""seasonal_periods"": 24}",,,,,,,,,,,,,,,,,,,,,,,,,,,,,209.9292713347945,17.59336234993397,3.6862156693932646,0,0.0,0.051,,97.07590616449616,6.750227991879053,1.4899900450263932,1,0.018,0.391,"{""maxlags"": 24}",96.48188496069643,6.600612557711508,1.4508964427733697,0,0.0,0.388,,101.89375553070316,7.998529746408348,1.7237554643492832,1,0.021,0.157,"{""maxlags"": 24}",125.9694957230211,9.0867857427503,1.962654199768366,0,0.0,0.135,,87.24130283436108,6.562500474365493,1.4625375032108148,1,0.341,0.435,"{""yearly_seasonality"": false, ""weekly_seasonality"": false, ""daily_seasonality"": true, ""seasonality_mode"": ""multiplicative""}",91.60559357862086,6.9293361876387225,1.5400715828691558,0,0.0,0.649,,93.36834591161832,6.567503161104985,1.4380429123327332,1,0.022,0.629,"{""maxlags"": 24}",91.71005530215793,6.417934905369907,1.3971783612928064,0,0.0,0.644,
44,H45,172800.0,without_retrain,0,,,,,,,,,,,,,,,,,,,,,,,,,,,,,1025.0878819943414,2.2542910556644604,0.5593001787390892,1.0,10.278,5.19,"{""order"": [48, 1, 0]}",,,,,,,,,,,,,,,,,,,,,,1092.461336883341,2.463506718179488,0.598692452613561,0,0.0,3.917,,1000.2497649711358,2.19514588803044,0.5442358421703725,0,0.0,4.029,,,,,,,,,,,,,,,,,,,,,,,,,,,,,,1002.0694080571978,2.214618463787909,0.5479752673553417,1.0,0.026,0.276,"{""error"": ""add"", ""trend"": ""add"", ""damped_trend"": true, ""seasonal"": ""mul"", ""seasonal_periods"": 24}",,,,,,,,,,,,,,,,,,,,,,50017.66022876621,155.4058153073519,29.162549660393516,0,0.0,0.042,,1062.0891897464242,2.308790817190596,0.5693921139720545,1,0.015,0.414,"{""maxlags"": 24}",1084.0791635971618,2.3786502985353697,0.5785675053307706,0,0.0,0.376,,1050.892734193325,2.180879639950166,0.5451478362692687,1,0.015,0.151,"{""maxlags"": 24}",1074.1182556648423,2.120771703210487,0.5348359743524459,0,0.0,0.126,,1578.5585058871102,2.779880125101318,0.7072272383645255,1,0.45,0.671,"{""yearly_seasonality"": false, ""weekly_seasonality"": false, ""daily_seasonality"": true, ""seasonality_mode"": ""multiplicative""}",854.5591757465079,1.8805306778916464,0.4621729786180111,0,0.0,0.867,,1070.6843129978415,2.3823459262000664,0.5786317563677995,1,0.016,0.631,"{""maxlags"": 24}",1057.709915791461,2.082511244276601,0.5255705266996938,0,0.0,0.567,
45,H46,172800.0,without_retrain,0,,,,,,,,,,,,,,,,,,,,,,,,,,,,,,,,,,,,9.100252412949954,4.052537236346498,0.4841808439760627,1.0,9.467,3.534,"{""order"": [42, 1, 0]}",,,,,,,,,,,,,,,9.380888579156755,3.735356158915069,0.4579300652373667,0,0.0,3.434,,30.90425826308092,15.464846560079351,1.7920970389379505,0,0.0,17.917,,,,,,,,,,,,,,,,,,,,,,,,,,,,,,,,,,,,,14.329110744302028,6.886266292992633,0.7992664030122535,1.0,0.029,1.176,"{""error"": ""add"", ""trend"": ""add"", ""damped_trend"": true, ""seasonal"": ""mul"", ""seasonal_periods"": 24}",,,,,,,,,,,,,,,572.4781774715058,181.03785031889015,33.07838649228089,0,0.0,0.05,,10.826105840536384,4.284428226166373,0.5196229534250885,1,0.02,0.423,"{""maxlags"": 24}",11.055369812168388,4.243773843627064,0.5239034634469422,0,0.0,0.406,,16.292666544679022,6.119282084579422,0.8071840371997636,1,0.019,0.172,"{""maxlags"": 24}",13.586006064506842,5.510001920197989,0.704558593338871,0,0.0,0.141,,18.53208478651789,7.733333326580355,0.9380653917615612,1,0.233,0.46,"{""yearly_seasonality"": false, ""weekly_seasonality"": false, ""daily_seasonality"": true, ""seasonality_mode"": ""multiplicative""}",15.7019206194905,6.162344457548168,0.7548319697846284,0,0.0,0.453,,11.223051126136609,4.393976485658706,0.5368587683404921,1,0.02,0.632,"{""maxlags"": 24}",26.009116507540373,10.012993913007238,1.237200718783004,0,0.0,0.604,
46,H47,172800.0,without_retrain,0,,,,,,,,,,,,,,,,,,,,,,,,,,,,,,,,,,,,,,,,,,,1003.949832211798,2.2419247237834803,0.5526609262219839,1.0,10.347,3.775,"{""order"": [48, 1, 0]}",,,,,,,,1054.7303750053534,2.403811481715175,0.5820779601481585,0,0.0,3.872,,978.7231190956312,2.178986049649273,0.5369866420640207,0,0.0,2.866,,,,,,,,,,,,,,,,,,,,,,,,,,,,,,,,,,,,,,,,,,,,979.8399083827264,2.193730403595417,0.539845719974644,1.0,0.027,0.253,"{""error"": ""add"", ""trend"": ""add"", ""damped_trend"": true, ""seasonal"": ""mul"", ""seasonal_periods"": 24}",,,,,,,,10520.536604993018,26.209944660006347,5.753873780832713,0,0.0,0.056,,1046.51819636724,2.4522024421215565,0.5953568552471302,1,0.015,0.376,"{""maxlags"": 24}",932.9892293019728,2.163193396577653,0.520107600465423,0,0.0,0.391,,1020.8068197197384,2.281088634542989,0.5566590911904011,1,0.017,0.166,"{""maxlags"": 24}",1046.4630947272042,2.240853789166367,0.5545382227737842,0,0.0,0.14,,1471.4166013008803,2.7020527634682048,0.6800976393909473,1,0.285,0.484,"{""yearly_seasonality"": false, ""weekly_seasonality"": false, ""daily_seasonality"": true, ""seasonality_mode"": ""multiplicative""}",819.7397777354171,1.8506749587972997,0.4521065226335745,0,0.0,0.596,,1087.2838951227964,2.490229325141728,0.5965745095233409,1,0.014,0.607,"{""maxlags"": 24}",1060.0203214020978,2.178886693753225,0.5444659831106613,0,0.0,0.579,
47,H48,172800.0,without_retrain,0,,,,,,,,,,,,,,,,,,,,,,,,,,,,,,,,,,,,,,,,,,,,,,,,,,520.8995099576283,8.926257355534583,1.5748852183834705,1.0,7.072,0.801,"{""order"": [27, 1, 0]}",521.5524726187624,8.98118377503769,1.5824111080964218,0,0.0,3.794,,1765.9224702653746,39.6051058311202,5.60731945019968,0,0.0,9.405,,,,,,,,,,,,,,,,,,,,,,,,,,,,,,,,,,,,,,,,,,,,,,,,,,,482.1480867560732,8.891235939312924,1.517413457156192,1.0,0.026,0.398,"{""error"": ""add"", ""trend"": ""add"", ""damped_trend"": true, ""seasonal"": ""mul"", ""seasonal_periods"": 24}",933.4482682109702,17.73666303313046,3.0217053403468803,0,0.0,0.071,,481.9241821650125,8.661084322769806,1.469723641056306,1,0.015,0.393,"{""maxlags"": 24}",464.37895431186615,7.7071690083076865,1.3370511165041752,0,0.0,0.391,,450.83496217769465,7.691581619795684,1.3132740631002646,1,0.018,0.159,"{""maxlags"": 24}",428.3301506533933,7.707438069108093,1.2919189297151334,0,0.0,0.134,,446.84725515640446,8.141052376511114,1.3816987173983704,1,0.323,0.739,"{""yearly_seasonality"": false, ""weekly_seasonality"": true, ""daily_seasonality"": true, ""seasonality_mode"": ""multiplicative""}",451.49213130507394,8.250904923826859,1.400387321934593,0,0.0,0.474,,561.9329413539231,10.553882377849735,1.7610819312046375,1,0.019,0.646,"{""maxlags"": 24}",480.9228864365868,8.594809409025713,1.4811673870247588,0,0.0,0.61,
48,H49,172800.0,without_retrain,0,1293.8168514648455,6.382151491528759,1.504154386839459,1.0,7.511,0.761,"{""order"": [27, 1, 0]}",,,,,,,,,,,,,,,,,,,,,,,,,,,,,,,,,,,,,,,,,,,,,,,,,,1404.6998859830624,7.040496507203263,1.642070647148287,0,0.0,4.216,,9355.56505888938,77.23470236399447,12.098244494122518,0,0.0,6.011,,1089.9867448651785,5.566782803617154,1.3023875187055047,1.0,0.026,0.305,"{""error"": ""add"", ""trend"": ""add"", ""damped_trend"": true, ""seasonal"": ""mul"", ""seasonal_periods"": 24}",,,,,,,,,,,,,,,,,,,,,,,,,,,,,,,,,,,,,,,,,,,,,,,,,,2766.19119361317,15.589287873064109,3.5178786837687626,0,0.0,0.06,,1004.8819884282368,4.6846346088084845,1.0833302621788552,1,0.015,0.392,"{""maxlags"": 24}",1212.3809239123798,6.575815090613118,1.4969916348354406,0,0.0,0.412,,1026.5804803319006,4.20523433522412,0.9742318889311636,1,0.018,0.168,"{""maxlags"": 24}",955.3936260114372,4.071342150651388,0.940962413108762,0,0.0,0.142,,997.548442878324,5.29163334366871,1.198827331642435,1,0.171,0.573,"{""yearly_seasonality"": false, ""weekly_seasonality"": true, ""daily_seasonality"": true, ""seasonality_mode"": ""multiplicative""}",979.817141134304,5.154400873075834,1.172147597429379,0,0.0,0.404,,1043.6030582105411,5.174837748950158,1.211620860044495,1,0.015,0.651,"{""maxlags"": 24}",982.9311901516496,4.692544658376066,1.0801244566432235,0,0.0,0.583,
49,H50,172800.0,without_retrain,0,,,,,,,,1941.9587552696964,4.444687740182519,0.8683619792053997,1.0,11.851,4.952,"{""order"": [48, 1, 0]}",,,,,,,,,,,,,,,,,,,,,,,,,,,,,,,,,,,,,,,,,,,1258.097012072289,3.27637091944114,0.6203320696063725,0,0.0,5.086,,1198.282267957649,2.592907765448,0.5143842272191071,0,0.0,2.992,,,,,,,,,1284.7418391745389,2.782037581060267,0.5546239412296327,1.0,0.026,0.379,"{""error"": ""add"", ""trend"": ""add"", ""damped_trend"": true, ""seasonal"": ""mul"", ""seasonal_periods"": 24}",,,,,,,,,,,,,,,,,,,,,,,,,,,,,,,,,,,,,,,,,,,5411.08618267414,14.591928134131424,2.659817509894827,0,0.0,0.036,,1644.4267520764838,3.918136753031419,0.764606306702818,1,0.013,0.382,"{""maxlags"": 24}",1440.8768014043812,3.3769592032527527,0.6594303856507865,0,0.0,0.426,,1845.6326408568868,3.9946641692341225,0.7932750910280476,1,0.014,0.166,"{""maxlags"": 24}",1203.5793928771477,2.745592482442563,0.5238746994356308,0,0.0,0.148,,3034.404044067718,7.892081094083873,1.5387051116154036,1,0.277,0.651,"{""yearly_seasonality"": false, ""weekly_seasonality"": false, ""daily_seasonality"": true, ""seasonality_mode"": ""multiplicative""}",3221.429180015486,8.773278491276372,1.6664644213963171,0,0.0,0.559,,1841.81445913703,4.304594836919874,0.8348430822356478,1,0.014,0.631,"{""maxlags"": 24}",1697.9573625919395,4.099309327848143,0.7908398756097729,0,0.0,0.553,
50,H51,172800.0,without_retrain,0,,,,,,,,,,,,,,,32.522900016829155,6.633935093059473,0.8608707322788947,1.0,4.11,0.735,"{""order"": [27, 1, 0]}",,,,,,,,,,,,,,,,,,,,,,,,,,,,,,,,,,,,32.98881234944933,6.787272102392346,0.878342309444842,0,0.0,3.455,,29.298551211170565,7.4302221983937935,0.8241778244967879,0,0.0,11.838,,,,,,,,,,,,,,,,23.216248888935223,5.621110044527356,0.6228942764613002,1.0,0.026,0.929,"{""error"": ""add"", ""trend"": ""add"", ""damped_trend"": true, ""seasonal"": ""mul"", ""seasonal_periods"": 24}",,,,,,,,,,,,,,,,,,,,,,,,,,,,,,,,,,,,276.39080513274354,91.3093869857051,7.749129996050236,0,0.0,0.054,,42.838824210340526,8.824008156326334,1.1489030664174156,1,0.015,0.376,"{""maxlags"": 24}",37.785831527570096,7.618191748104295,0.9983355735328172,0,0.0,0.36,,51.46872440135282,10.65812950977797,1.3684218034333666,1,0.014,0.163,"{""maxlags"": 24}",51.74979814811143,10.830417360862109,1.396053780846432,0,0.0,0.135,,22.854224689270545,4.287124229994765,0.5547431195472879,1,0.232,0.571,"{""yearly_seasonality"": false, ""weekly_seasonality"": false, ""daily_seasonality"": true, ""seasonality_mode"": ""multiplicative""}",14.222141016299345,3.054342764338673,0.3683892604913827,0,0.0,0.59,,41.89325060576056,9.271385880524692,1.1785224720616678,1,0.012,0.622,"{""maxlags"": 24}",37.99375263195683,8.176813136046972,1.012063205948608,0,0.0,0.589,
51,H52,172800.0,without_retrain,0,,,,,,,,,,,,,,,,,,,,,,150.36942271506595,4.366078753287357,0.6855954068077693,1.0,7.255,0.761,"{""order"": [26, 1, 0]}",,,,,,,,,,,,,,,,,,,,,,,,,,,,,126.35743860881712,3.3086602654297868,0.5381779772958355,0,0.0,3.83,,253.3420724546506,8.521322692864223,1.3078495044642702,0,0.0,3.771,,,,,,,,,,,,,,,,,,,,,,,222.01992895095245,6.843553430141879,1.0680052869102787,1.0,0.026,0.678,"{""error"": ""add"", ""trend"": ""add"", ""damped_trend"": true, ""seasonal"": ""mul"", ""seasonal_periods"": 24}",,,,,,,,,,,,,,,,,,,,,,,,,,,,,482.7906693906376,15.942691158608916,2.4298289316911337,0,0.0,0.039,,154.7583842500232,4.004596980733797,0.6441085220583513,1,0.015,0.415,"{""maxlags"": 24}",147.96899453879513,4.063910125201182,0.6492024384795348,0,0.0,0.392,,165.55319054984528,3.679551384278412,0.6119570484705004,1,0.016,0.154,"{""maxlags"": 24}",211.07206444812465,5.462376148051161,0.8877014072464989,0,0.0,0.153,,180.10655728440423,6.025432567208935,0.906769934560948,1,0.536,0.624,"{""yearly_seasonality"": false, ""weekly_seasonality"": false, ""daily_seasonality"": true, ""seasonality_mode"": ""multiplicative""}",170.0677671841028,5.926251987802819,0.8574586647792963,0,0.0,0.442,,154.6946344046332,4.278230449885257,0.6843485806275607,1,0.015,0.643,"{""maxlags"": 24}",151.67503805226104,4.43745430685727,0.7037059845520363,0,0.0,0.533,
52,H53,172800.0,without_retrain,0,,,,,,,,,,,,,,,,,,,,,,,,,,,,,204.9003462794984,7.782865654204066,1.3188533958183173,1.0,7.135,0.747,"{""order"": [28, 1, 0]}",,,,,,,,,,,,,,,,,,,,,,207.84863198682064,7.926073424218583,1.341620484726647,0,0.0,3.479,,161.5005729779143,6.391129538092234,1.0511515979782848,0,0.0,14.168,,,,,,,,,,,,,,,,,,,,,,,,,,,,,,134.64535149282125,6.099958221564692,0.9587639664115146,1.0,0.029,0.504,"{""error"": ""add"", ""trend"": ""add"", ""damped_trend"": true, ""seasonal"": ""mul"", ""seasonal_periods"": 24}",,,,,,,,,,,,,,,,,,,,,,398.4886945440258,17.21848278036163,2.822028035235613,0,0.0,0.037,,145.65281775271603,5.572590490905919,0.9434941139978684,1,0.016,0.415,"{""maxlags"": 24}",148.57908011120517,5.899521337186974,0.979509594618682,0,0.0,0.386,,110.293391984976,4.775530296054683,0.7758902325900224,1,0.017,0.159,"{""maxlags"": 24}",199.4596263078648,8.066694169466459,1.3481428250173246,0,0.0,0.148,,111.23844747064172,4.844423675326703,0.7878806561481256,1,0.213,0.354,"{""yearly_seasonality"": false, ""weekly_seasonality"": false, ""daily_seasonality"": true, ""seasonality_mode"": ""multiplicative""}",110.73713291933674,4.863181134834371,0.7915848284884506,0,0.0,0.622,,174.39278764928716,7.410879163044119,1.233997557293734,1,0.018,0.645,"{""maxlags"": 24}",192.51194696229945,8.21456025174036,1.3668173177567862,0,0.0,0.621,
53,H54,172800.0,without_retrain,0,,,,,,,,,,,,,,,,,,,,,,,,,,,,,,,,,,,,41.17237388045913,7.535724282600107,1.1597892185620746,1.0,5.577,0.599,"{""order"": [27, 1, 0]}",,,,,,,,,,,,,,,36.393289695475154,6.437705871889443,0.9976297904330776,0,0.0,3.485,,23.67722937413352,3.391506757388795,0.529569826627923,0,0.0,25.169,,,,,,,,,,,,,,,,,,,,,,,,,,,,,,,,,,,,,31.60072993922756,5.476802078278254,0.8438143906461771,1.0,0.035,1.2,"{""error"": ""add"", ""trend"": ""add"", ""damped_trend"": true, ""seasonal"": ""mul"", ""seasonal_periods"": 24}",,,,,,,,,,,,,,,95.66359494134564,19.225554577879084,2.7921284032577827,0,0.0,0.048,,20.37907779042217,4.106195281432562,0.578825735658024,1,0.019,0.431,"{""maxlags"": 24}",16.37194718685032,3.1883494986135656,0.4499303106229568,0,0.0,0.408,,63.5094048991955,9.926399998132178,1.437598326951436,1,0.02,0.158,"{""maxlags"": 24}",62.79543143000285,9.831545077794145,1.411853143546324,0,0.0,0.138,,21.786007250259928,3.750792031638783,0.569172632530342,1,0.494,0.794,"{""yearly_seasonality"": false, ""weekly_seasonality"": true, ""daily_seasonality"": true, ""seasonality_mode"": ""multiplicative""}",24.956531986184867,3.6964024824324846,0.5799560657172725,0,0.0,0.497,,34.42032894288827,6.806041024278405,0.9621226152159338,1,0.017,0.633,"{""maxlags"": 24}",35.682101903694125,7.067436502642416,0.9991511670714616,0,0.0,0.617,
54,H55,172800.0,without_retrain,0,,,,,,,,,,,,,,,,,,,,,,,,,,,,,,,,,,,,,,,,,,,13.47644705575111,2.074836182236766,0.5219125313102074,1.0,10.494,5.267,"{""order"": [48, 1, 0]}",,,,,,,,13.845657115150054,2.128683453553258,0.5445644829112393,0,0.0,3.701,,83.48115046328957,15.4888873549277,3.579886620315724,0,0.0,19.448,,,,,,,,,,,,,,,,,,,,,,,,,,,,,,,,,,,,,,,,,,,,19.628571557266923,2.800517890587711,0.7312112041572862,1.0,0.035,1.141,"{""error"": ""add"", ""trend"": ""add"", ""damped_trend"": true, ""seasonal"": ""mul"", ""seasonal_periods"": 24}",,,,,,,,84.1777486301148,14.177939654579715,3.4740283525306723,0,0.0,0.06,,35.32384027991398,5.201238410914079,1.349614902081158,1,0.024,0.402,"{""maxlags"": 24}",35.68234666420765,5.071275460806685,1.3245638898435783,0,0.0,0.385,,37.92292100189839,5.347779544181623,1.3926655723222574,1,0.025,0.158,"{""maxlags"": 24}",31.556661870350357,4.5258141845456255,1.1797492504483262,0,0.0,0.125,,40.12472565760807,5.8354772004176745,1.5146438827423456,1,0.194,0.402,"{""yearly_seasonality"": false, ""weekly_seasonality"": true, ""daily_seasonality"": true, ""seasonality_mode"": ""multiplicative""}",41.993940278836696,6.189610271303327,1.5983572128793966,0,0.0,0.489,,34.52618478392264,5.16099103942005,1.3367222072903595,1,0.029,0.651,"{""maxlags"": 24}",33.40692167143015,4.802642800836012,1.256421979962574,0,0.0,0.554,
55,H56,172800.0,without_retrain,0,,,,,,,,,,,,,,,,,,,,,,,,,,,,,,,,,,,,,,,,,,,,,,,,,,2122.5909433671923,7.93061377157986,1.5567066060319223,1.0,4.169,0.784,"{""order"": [25, 1, 0]}",2369.9446369322154,8.784785826708266,1.7395204647333875,0,0.0,3.765,,2519.098709609269,9.80169215355459,1.9427527028428893,0,0.0,9.362,,,,,,,,,,,,,,,,,,,,,,,,,,,,,,,,,,,,,,,,,,,,,,,,,,,2427.8859298789425,9.30067437836614,1.8454755890127184,1.0,0.028,0.454,"{""error"": ""add"", ""trend"": ""add"", ""damped_trend"": true, ""seasonal"": ""mul"", ""seasonal_periods"": 24}",10033.705171486572,49.96167978575185,7.64589471572999,0,0.0,0.037,,1606.7409650908703,6.207882718026035,1.1603116360721573,1,0.017,0.405,"{""maxlags"": 24}",1304.4268365953756,4.902536195764608,0.9131091293025828,0,0.0,0.407,,1122.8076385590414,4.294838773281131,0.7810107667196476,1,0.015,0.166,"{""maxlags"": 24}",1868.047459250753,7.170977636761541,1.3396312125209526,0,0.0,0.2,,3058.88485186304,11.429170339493188,2.322050624379548,1,0.203,0.425,"{""yearly_seasonality"": false, ""weekly_seasonality"": false, ""daily_seasonality"": true, ""seasonality_mode"": ""multiplicative""}",2349.056853556084,8.97986230001993,1.723411961716816,0,0.0,0.435,,1321.0141420383638,5.17117408766116,0.9511649405189422,1,0.011,0.649,"{""maxlags"": 24}",1666.381003131219,6.132580213977167,1.154589903975885,0,0.0,0.595,
56,H57,172800.0,without_retrain,0,20198.585796150168,2.6011905357314515,0.8069911607894831,1.0,9.512,3.821,"{""order"": [46, 1, 0]}",,,,,,,,,,,,,,,,,,,,,,,,,,,,,,,,,,,,,,,,,,,,,,,,,,28536.851583842035,4.303102239516074,1.2930357944012651,0,0.0,5.798,,21955.938499578355,2.843476132554004,0.8883140503281947,0,0.0,5.01,,21581.351893502582,2.777807489068917,0.8674427814225735,1.0,0.024,0.414,"{""error"": ""add"", ""trend"": ""add"", ""damped_trend"": true, ""seasonal"": ""mul"", ""seasonal_periods"": 24}",,,,,,,,,,,,,,,,,,,,,,,,,,,,,,,,,,,,,,,,,,,,,,,,,,596441.0870518608,137.81476670813592,26.96694306103184,0,0.0,0.04,,28096.6115415039,3.6064564636740513,1.0702446248852782,1,0.023,0.429,"{""maxlags"": 24}",23545.462083513183,2.779859831207842,0.827457347210845,0,0.0,0.396,,29543.33208864273,3.345206620168748,1.0009954103630374,1,0.013,0.161,"{""maxlags"": 24}",30614.738684559645,3.892932777551284,1.1739008226451848,0,0.0,0.126,,34063.52261430955,4.882123739045859,1.4937218292749577,1,0.357,0.768,"{""yearly_seasonality"": false, ""weekly_seasonality"": false, ""daily_seasonality"": true, ""seasonality_mode"": ""multiplicative""}",18374.1190986445,2.837269108513475,0.7963432163219637,0,0.0,0.517,,23915.920462086146,3.742505701621549,1.072079556527597,1,0.014,0.644,"{""maxlags"": 24}",57539.30667045023,8.489889644117397,2.429376788179218,0,0.0,0.557,
57,H58,172800.0,without_retrain,0,,,,,,,,352.62121922725186,7.394313281867003,1.7415446118994762,1.0,2.975,0.16,"{""order"": [24, 1, 0]}",,,,,,,,,,,,,,,,,,,,,,,,,,,,,,,,,,,,,,,,,,,338.2383229496055,7.52017276036075,1.745211110145896,0,0.0,4.31,,343.0089929386413,6.5878822390323934,1.487137587874333,0,0.0,4.939,,,,,,,,,373.50481722534033,8.745459387175075,2.020134176149849,1.0,0.022,0.168,"{""error"": ""add"", ""trend"": ""add"", ""damped_trend"": true, ""seasonal"": ""mul"", ""seasonal_periods"": 24}",,,,,,,,,,,,,,,,,,,,,,,,,,,,,,,,,,,,,,,,,,,575.1268796948813,12.719373998903372,3.2711152071497973,0,0.0,0.039,,343.1101383974691,7.319154619554965,1.7135959148666462,1,0.013,0.392,"{""maxlags"": 24}",365.4673447212542,8.48930857982587,2.0132734382693456,0,0.0,0.387,,372.9744786383746,8.459552521675704,2.0013045593786303,1,0.013,0.143,"{""maxlags"": 24}",408.4013588084649,10.286508863168333,2.4879204641077823,0,0.0,0.137,,313.6594279403965,5.398364406228264,1.1957581193276925,1,0.172,0.432,"{""yearly_seasonality"": false, ""weekly_seasonality"": false, ""daily_seasonality"": true, ""seasonality_mode"": ""multiplicative""}",312.7159300448887,4.217678184124542,0.877687126878565,0,0.0,0.463,,396.2398388462928,9.428692384474862,2.291384283952432,1,0.014,0.64,"{""maxlags"": 24}",351.36846925565845,7.223878777830913,1.6854477057100543,0,0.0,0.622,
58,H59,172800.0,without_retrain,0,,,,,,,,,,,,,,,51.36578927595905,3.332766851033929,0.7774932457673881,1.0,6.027,1.077,"{""order"": [30, 0, 0]}",,,,,,,,,,,,,,,,,,,,,,,,,,,,,,,,,,,,49.16633190020392,3.2132245781888917,0.7488277371977562,0,0.0,3.599,,50.44050222263073,4.117948400866418,0.9122482336262788,0,0.0,11.41,,,,,,,,,,,,,,,,377.5978535430652,35.84189902768295,6.804326241145051,1.0,0.028,0.883,"{""error"": ""add"", ""trend"": ""add"", ""damped_trend"": true, ""seasonal"": ""add"", ""seasonal_periods"": 24}",,,,,,,,,,,,,,,,,,,,,,,,,,,,,,,,,,,,139.32301075089444,10.43200339961575,2.3454140424292365,0,0.0,0.046,,52.94328740442974,3.8178839753176335,0.8644914255721979,1,0.015,0.401,"{""maxlags"": 24}",66.12266064882189,4.7533939504660845,1.064560222126374,0,0.0,0.39,,84.9375484848203,6.183732478026736,1.3909289179391553,1,0.016,0.147,"{""maxlags"": 24}",58.85839870484384,4.355745845416263,0.9722812192405016,0,0.0,0.137,,50.94854480879878,3.307666158752509,0.7573918954264913,1,0.505,0.696,"{""yearly_seasonality"": false, ""weekly_seasonality"": false, ""daily_seasonality"": true, ""seasonality_mode"": ""additive""}",49.571415231496246,3.301984360888247,0.7541058429441879,0,0.0,0.538,,45.01875246385186,3.2002316151751224,0.7223560641243365,1,0.016,0.681,"{""maxlags"": 24}",60.09883055536846,4.1097130934058965,0.9241832886635124,0,0.0,0.58,
59,H60,172800.0,without_retrain,0,,,,,,,,,,,,,,,,,,,,,,39.33929275239784,3.8104850315502414,0.3776966921012752,1.0,3.323,0.853,"{""order"": [48, 1, 0]}",,,,,,,,,,,,,,,,,,,,,,,,,,,,,35.7925622611623,3.66014125154936,0.3493927114419707,0,0.0,4.087,,51.98230249132853,5.819481631152184,0.5354587308218388,0,0.0,4.137,,,,,,,,,,,,,,,,,,,,,,,81.2983796280076,9.383557588002809,0.8138011899609626,1.0,0.03,0.496,"{""error"": ""add"", ""trend"": ""add"", ""damped_trend"": true, ""seasonal"": ""mul"", ""seasonal_periods"": 24}",,,,,,,,,,,,,,,,,,,,,,,,,,,,,234.795804372965,22.61531828812082,2.2961492972261515,0,0.0,0.049,,38.81137063493851,3.36173278355161,0.3690943812514655,1,0.016,0.411,"{""maxlags"": 24}",56.00154583260952,5.466354034050254,0.58241941594952,0,0.0,0.4,,27.8726752349473,2.505510664020873,0.2618591996171662,1,0.015,0.143,"{""maxlags"": 24}",85.93111323773519,8.348361864947003,0.8779573206656007,0,0.0,0.139,,103.59418519016285,10.51795896239858,1.1753147728949804,1,0.214,0.408,"{""yearly_seasonality"": false, ""weekly_seasonality"": false, ""daily_seasonality"": true, ""seasonality_mode"": ""multiplicative""}",91.374869655838,9.664596148859347,1.0374099226161697,0,0.0,0.591,,42.69912720680336,3.9491740477843,0.4271255136255785,1,0.014,0.691,"{""maxlags"": 24}",55.24063570022819,5.059681589526999,0.549470318422199,0,0.0,0.575,
60,H61,172800.0,without_retrain,0,,,,,,,,,,,,,,,,,,,,,,,,,,,,,289.1224726282682,9.026862137666614,1.0933921654341956,1.0,4.2,0.706,"{""order"": [25, 1, 0]}",,,,,,,,,,,,,,,,,,,,,,315.9908260309733,10.137624037171866,1.229480068598691,0,0.0,3.495,,240.3834396467167,6.603047292442028,0.8119460666707193,0,0.0,1.612,,,,,,,,,,,,,,,,,,,,,,,,,,,,,,169.37950759331753,5.876505533342612,0.6492085546929279,1.0,0.027,0.385,"{""error"": ""add"", ""trend"": ""add"", ""damped_trend"": true, ""seasonal"": ""mul"", ""seasonal_periods"": 24}",,,,,,,,,,,,,,,,,,,,,,3886.1659511064418,158.8633246673571,14.667302638818825,0,0.0,0.04,,256.6301089482911,8.728320711180722,0.9641758889951588,1,0.013,0.419,"{""maxlags"": 24}",308.65630913252045,9.472072859506712,1.0999294459065874,0,0.0,0.474,,408.9316938006514,12.69772120705341,1.4897752073188917,1,0.014,0.154,"{""maxlags"": 24}",395.1948579493748,11.766199098748205,1.3735945937133451,0,0.0,0.154,,621.5476364260151,20.485965073264584,2.5986964130754715,1,0.339,0.683,"{""yearly_seasonality"": false, ""weekly_seasonality"": false, ""daily_seasonality"": true, ""seasonality_mode"": ""multiplicative""}",586.1506343291028,20.029950695816435,2.304053960993885,0,0.0,0.501,,294.79638398220936,10.128329595510438,1.068658501755314,1,0.012,0.671,"{""maxlags"": 24}",332.85605812911194,11.121835606089084,1.2456906391041025,0,0.0,0.628,
61,H62,172800.0,without_retrain,0,,,,,,,,,,,,,,,,,,,,,,,,,,,,,,,,,,,,100.20347111630484,16.97500094058888,1.019769160555291,1.0,11.484,4.318,"{""order"": [48, 1, 0]}",,,,,,,,,,,,,,,101.51213726006358,15.66182072203767,0.9693900254997028,0,0.0,3.815,,105.38938354836787,20.837253933032915,1.133055373796405,0,0.0,4.121,,,,,,,,,,,,,,,,,,,,,,,,,,,,,,,,,,,,,92.21099106766688,17.883210078374265,0.9987907845471818,1.0,0.033,0.655,"{""error"": ""add"", ""trend"": ""add"", ""damped_trend"": true, ""seasonal"": ""mul"", ""seasonal_periods"": 24}",,,,,,,,,,,,,,,402.3307379732113,55.92531072828919,4.131525163028359,0,0.0,0.045,,87.43959026719425,13.707719852587184,0.8450654700674033,1,0.02,0.389,"{""maxlags"": 24}",84.244279141891,13.317459510266785,0.7991043352986901,0,0.0,0.398,,120.54415911683031,15.6312480924303,1.0309017156263085,1,0.019,0.161,"{""maxlags"": 24}",73.29018967250954,13.02593379577239,0.7502219106645165,0,0.0,0.176,,166.57501353617857,31.744527918328725,1.73220227387893,1,0.256,0.444,"{""yearly_seasonality"": false, ""weekly_seasonality"": false, ""daily_seasonality"": true, ""seasonality_mode"": ""multiplicative""}",160.31241710159742,37.98658025990752,1.7664313141306016,0,0.0,0.478,,104.0696609759718,15.080439248193423,0.9540150799467504,1,0.02,0.713,"{""maxlags"": 24}",72.15321281625273,12.14060269071044,0.7128210045240592,0,0.0,0.664,
62,H63,172800.0,without_retrain,0,,,,,,,,,,,,,,,,,,,,,,,,,,,,,,,,,,,,,,,,,,,326.33312907678896,3.863717825078581,1.2143125848986571,1.0,1.779,0.766,"{""order"": [27, 1, 0]}",,,,,,,,310.4032627291647,3.625546527963477,1.141891111598545,0,0.0,3.646,,360.9602295091291,4.423148702180261,1.374456137555027,0,0.0,2.891,,,,,,,,,,,,,,,,,,,,,,,,,,,,,,,,,,,,,,,,,,,,1191.954973994007,15.597730805432308,4.56224312260956,1.0,0.025,0.891,"{""error"": ""add"", ""trend"": ""add"", ""damped_trend"": true, ""seasonal"": ""add"", ""seasonal_periods"": 24}",,,,,,,,874.5786272459894,10.982347482174598,3.3220579969798147,0,0.0,0.049,,314.5061878204426,3.3417778552473547,1.054760970724626,1,0.015,0.428,"{""maxlags"": 24}",320.32707047983075,3.5192985527474967,1.1060095817678086,0,0.0,0.448,,359.7262523223738,3.7709782299924393,1.1911514370545324,1,0.014,0.149,"{""maxlags"": 24}",315.5213212513047,3.337076523540203,1.0601973807128366,0,0.0,0.164,,285.248507295164,3.3092012143379583,1.036307367532987,1,0.182,0.499,"{""yearly_seasonality"": false, ""weekly_seasonality"": false, ""daily_seasonality"": true, ""seasonality_mode"": ""additive""}",256.1557883946975,2.952774165441021,0.9258128250592672,0,0.0,0.587,,378.1522117658101,4.146723711083086,1.30826217883114,1,0.017,0.671,"{""maxlags"": 24}",321.52159800501454,3.349414232893294,1.0636043169520304,0,0.0,0.595,
63,H64,172800.0,without_retrain,0,,,,,,,,,,,,,,,,,,,,,,,,,,,,,,,,,,,,,,,,,,,,,,,,,,238.35614982472904,9.435781612352605,1.225311653820775,1.0,7.279,0.838,"{""order"": [26, 1, 0]}",234.06826165224143,9.368498950357944,1.2108318834967813,0,0.0,3.53,,229.44122440692885,9.865324176460671,1.221869555672493,0,0.0,4.013,,,,,,,,,,,,,,,,,,,,,,,,,,,,,,,,,,,,,,,,,,,,,,,,,,,207.2031382359489,7.546729900904384,0.9865839653127764,1.0,0.039,0.301,"{""error"": ""add"", ""trend"": ""add"", ""damped_trend"": true, ""seasonal"": ""mul"", ""seasonal_periods"": 24}",469.2287429875682,23.621020722369902,2.710977921469387,0,0.0,0.041,,112.96033189066227,4.719390724763536,0.5452305191186936,1,0.022,0.403,"{""maxlags"": 24}",121.91998739618847,5.58641230532358,0.6254569558006698,0,0.0,0.424,,188.12973792251705,6.89635715733759,0.8524020692368067,1,0.021,0.149,"{""maxlags"": 24}",206.76545372668525,8.128726865417145,0.9912430616058806,0,0.0,0.158,,209.27161190294635,8.40528947923915,1.038687731066498,1,0.314,0.638,"{""yearly_seasonality"": false, ""weekly_seasonality"": false, ""daily_seasonality"": true, ""seasonality_mode"": ""multiplicative""}",155.36386070013648,7.24763912089012,0.8413794864879206,0,0.0,0.442,,105.84884868905984,4.474171243260425,0.5093645497050172,1,0.026,0.66,"{""maxlags"": 24}",115.16603702083384,5.343358711684323,0.6031465827821114,0,0.0,0.605,
64,H65,172800.0,without_retrain,0,507.2503196632852,3.767352903563514,0.4669900060074158,1.0,5.128,1.215,"{""order"": [32, 1, 0]}",,,,,,,,,,,,,,,,,,,,,,,,,,,,,,,,,,,,,,,,,,,,,,,,,,512.8684102566764,3.838931310877875,0.4760394847745892,0,0.0,3.673,,504.89669229537145,3.628365071573233,0.441078965989458,0,0.0,1.412,,3058.8843090237565,24.83289968924642,2.820834867558137,1.0,0.027,0.148,"{""error"": ""add"", ""trend"": ""add"", ""damped_trend"": true, ""seasonal"": ""add"", ""seasonal_periods"": 24}",,,,,,,,,,,,,,,,,,,,,,,,,,,,,,,,,,,,,,,,,,,,,,,,,,3873.434014186273,34.512152479878466,3.8173899799832096,0,0.0,0.039,,733.2037185828713,5.7204238541081365,0.7157116042175199,1,0.016,0.409,"{""maxlags"": 24}",727.1296124767788,5.718910149548878,0.7114210854640127,0,0.0,0.381,,805.1885623186522,5.7831159582907725,0.7267155489213638,1,0.016,0.151,"{""maxlags"": 24}",731.8422225419295,5.454357188180826,0.6813150011413979,0,0.0,0.165,,1089.6267117766113,8.743942954439609,1.0849388742034842,1,0.281,0.386,"{""yearly_seasonality"": false, ""weekly_seasonality"": false, ""daily_seasonality"": true, ""seasonality_mode"": ""additive""}",1637.9589356441786,14.28876153854372,1.671191645243618,0,0.0,0.584,,838.3710084048205,6.381181288608268,0.802604039438722,1,0.017,0.651,"{""maxlags"": 24}",1002.6339927767516,7.556714662723778,0.9539374472509148,0,0.0,0.56,
65,H66,172800.0,without_retrain,0,,,,,,,,1079.3435496416373,2.911309262536198,0.4087844013883195,1.0,6.211,0.772,"{""order"": [28, 1, 0]}",,,,,,,,,,,,,,,,,,,,,,,,,,,,,,,,,,,,,,,,,,,1087.54114855582,2.9258986341303075,0.4238835193325295,0,0.0,8.079,,5254.616542337046,14.811822431445153,2.0977111294960475,0,0.0,1.186,,,,,,,,,760.9006631989683,2.0902861648997084,0.303248485101332,1.0,0.024,0.268,"{""error"": ""add"", ""trend"": ""add"", ""damped_trend"": true, ""seasonal"": ""mul"", ""seasonal_periods"": 24}",,,,,,,,,,,,,,,,,,,,,,,,,,,,,,,,,,,,,,,,,,,9970.183964412989,24.66502878686467,3.740209852066206,0,0.0,0.039,,4261.812959232077,10.419398673390312,1.599217961836909,1,0.013,0.372,"{""maxlags"": 24}",3462.0020186522784,7.94079216075403,1.2337785817223097,0,0.0,0.385,,7683.947770001127,19.681770322158663,2.9393707723798457,1,0.012,0.157,"{""maxlags"": 24}",3686.581449438399,9.16988482119062,1.3746313867540616,0,0.0,0.146,,3611.910243992613,7.996736541402594,1.3029763151333449,1,0.447,0.571,"{""yearly_seasonality"": false, ""weekly_seasonality"": true, ""daily_seasonality"": true, ""seasonality_mode"": ""multiplicative""}",4313.858401933716,9.960685256869448,1.5903417900014265,0,0.0,0.467,,4834.587842986419,12.328257898836869,1.847733811989977,1,0.013,0.657,"{""maxlags"": 24}",3993.0435610354366,9.891300077325171,1.5048534660009747,0,0.0,0.575,
66,H67,172800.0,without_retrain,0,,,,,,,,,,,,,,,1595.6790959182088,3.570397911684111,0.8023044318285866,1.0,4.154,0.631,"{""order"": [25, 1, 0]}",,,,,,,,,,,,,,,,,,,,,,,,,,,,,,,,,,,,1678.593069410852,3.7452192162520377,0.8378438728108092,0,0.0,3.623,,1927.4903572129688,4.067730125721143,0.906395361416524,0,0.0,1.716,,,,,,,,,,,,,,,,1738.3197081451954,3.789202127996112,0.8409435567370535,1.0,0.024,0.444,"{""error"": ""add"", ""trend"": ""add"", ""damped_trend"": true, ""seasonal"": ""mul"", ""seasonal_periods"": 24}",,,,,,,,,,,,,,,,,,,,,,,,,,,,,,,,,,,,54515.60099239825,163.73907332181315,31.95078337469649,0,0.0,0.037,,1413.7055803902083,3.7189429966463856,0.8067422072186655,1,0.011,0.429,"{""maxlags"": 24}",1422.876148532987,3.761615818772484,0.815000590220787,0,0.0,0.384,,1414.8657501492996,3.5877739477394006,0.7743143941791123,1,0.014,0.146,"{""maxlags"": 24}",1383.1989975880028,3.343588900652898,0.7531316075065346,0,0.0,0.148,,1900.966594757101,3.942141756745824,0.9041647132512264,1,0.288,0.606,"{""yearly_seasonality"": false, ""weekly_seasonality"": false, ""daily_seasonality"": true, ""seasonality_mode"": ""multiplicative""}",1379.5840291151303,3.5358578902051856,0.7508855633479606,0,0.0,0.564,,1463.689524366123,3.7301795213756055,0.8234471222937509,1,0.012,0.702,"{""maxlags"": 24}",1457.5879443635718,3.6940304874947394,0.8182275792042528,0,0.0,0.613,
67,H68,172800.0,without_retrain,0,,,,,,,,,,,,,,,,,,,,,,2064.302239984021,4.489105035738504,0.927044286463828,1.0,11.355,3.84,"{""order"": [48, 1, 0]}",,,,,,,,,,,,,,,,,,,,,,,,,,,,,1326.91611207814,3.151151305667158,0.6323245892915658,0,0.0,4.095,,1283.3452264106595,2.69947723718692,0.5601304978016705,0,0.0,1.645,,,,,,,,,,,,,,,,,,,,,,,1369.097403911447,2.946686122989945,0.6122529403737295,1.0,0.025,0.417,"{""error"": ""add"", ""trend"": ""add"", ""damped_trend"": true, ""seasonal"": ""mul"", ""seasonal_periods"": 24}",,,,,,,,,,,,,,,,,,,,,,,,,,,,,5397.011342515351,14.235031379037853,2.7240820489113404,0,0.0,0.026,,1700.7245002914992,3.9613943570814776,0.7979187546383217,1,0.014,0.414,"{""maxlags"": 24}",1726.431033308288,4.186716910242832,0.8431304530670191,0,0.0,0.42,,2458.653614944748,5.6013868371278255,1.150615644772928,1,0.012,0.166,"{""maxlags"": 24}",1714.1519973415138,4.086092289300404,0.8259184742288023,0,0.0,0.151,,3362.216521109616,8.70573548909813,1.777623778809681,1,0.453,0.416,"{""yearly_seasonality"": false, ""weekly_seasonality"": false, ""daily_seasonality"": true, ""seasonality_mode"": ""multiplicative""}",3634.004183174434,9.766049041271527,1.9507289243416,0,0.0,0.562,,1863.1156511400447,4.622706062169391,0.9209694258439732,1,0.014,0.743,"{""maxlags"": 24}",1817.2758818674056,4.578547224668029,0.9122502548953764,0,0.0,0.593,
68,H69,172800.0,without_retrain,0,,,,,,,,,,,,,,,,,,,,,,,,,,,,,113.6348127586498,10.361858822466925,0.6534334139915754,1.0,13.63,3.511,"{""order"": [48, 1, 0]}",,,,,,,,,,,,,,,,,,,,,,118.3553023190173,10.693487444415249,0.6813024069527666,0,0.0,3.73,,110.98966029629284,9.838977991033676,0.6234056132213656,0,0.0,2.922,,,,,,,,,,,,,,,,,,,,,,,,,,,,,,174.98062589559487,17.85968932117274,1.125348269648916,1.0,0.028,0.745,"{""error"": ""add"", ""trend"": ""add"", ""damped_trend"": true, ""seasonal"": ""add"", ""seasonal_periods"": 24}",,,,,,,,,,,,,,,,,,,,,,314.1911707507298,25.266190925538883,1.808773380875025,0,0.0,0.036,,125.23697859692952,11.583223774901334,0.7313178334281994,1,0.015,0.408,"{""maxlags"": 24}",114.3969745822916,10.294457435447136,0.6339681840044505,0,0.0,0.393,,123.07330369451188,12.378852818960551,0.8053477752512034,1,0.015,0.157,"{""maxlags"": 24}",117.48806772208808,11.429160165554691,0.732225905652493,0,0.0,0.135,,142.16366094246766,15.09103130494991,0.928699570744438,1,0.371,0.567,"{""yearly_seasonality"": false, ""weekly_seasonality"": false, ""daily_seasonality"": true, ""seasonality_mode"": ""additive""}",112.87758253734864,11.424448328873057,0.7104791025631937,0,0.0,0.551,,112.42065698443804,9.543094069093046,0.579242614155661,1,0.022,0.765,"{""maxlags"": 24}",81.4626024215627,7.560143839964344,0.4715286646743291,0,0.0,0.629,
69,H70,172800.0,without_retrain,0,,,,,,,,,,,,,,,,,,,,,,,,,,,,,,,,,,,,780.8644750125477,2.4992329624264933,0.3800802798526249,1.0,5.675,0.804,"{""order"": [26, 1, 0]}",,,,,,,,,,,,,,,922.5387896566448,2.9859683650715887,0.4647533458768881,0,0.0,3.581,,643.0776518439696,1.8413553897091888,0.2925438212994235,0,0.0,1.645,,,,,,,,,,,,,,,,,,,,,,,,,,,,,,,,,,,,,874.1901950749193,2.720145673027956,0.4235045825287047,1.0,0.029,0.406,"{""error"": ""add"", ""trend"": ""add"", ""damped_trend"": true, ""seasonal"": ""mul"", ""seasonal_periods"": 24}",,,,,,,,,,,,,,,24593.635315326184,148.59137854017197,13.184144572559529,0,0.0,0.045,,3263.582282683189,9.316002047178127,1.5329294437337744,1,0.015,0.4,"{""maxlags"": 24}",3289.715433878142,9.198867362058856,1.5276872810333522,0,0.0,0.328,,3618.523167582817,10.666835493188067,1.6779063725082028,1,0.015,0.157,"{""maxlags"": 24}",4024.878781374651,11.688936413896505,1.8453572161205676,0,0.0,0.132,,6091.030205097115,21.09195226057631,3.1713353490295724,1,0.217,0.499,"{""yearly_seasonality"": false, ""weekly_seasonality"": false, ""daily_seasonality"": true, ""seasonality_mode"": ""multiplicative""}",6282.82953070536,21.66368019838633,3.259611369797986,0,0.0,0.615,,3223.00732147535,9.43637824625944,1.5433959515981668,1,0.016,0.739,"{""maxlags"": 24}",3574.317867660007,9.75785559658283,1.626767735792508,0,0.0,0.598,
70,H71,172800.0,without_retrain,0,,,,,,,,,,,,,,,,,,,,,,,,,,,,,,,,,,,,,,,,,,,572.0434759141339,4.875928149244968,0.8449997183550666,1.0,3.909,0.727,"{""order"": [24, 1, 0]}",,,,,,,,642.3384381468811,5.606986517941856,0.986281971222546,0,0.0,3.799,,539.6045037208098,4.415701319337575,0.8009402305738907,0,0.0,1.459,,,,,,,,,,,,,,,,,,,,,,,,,,,,,,,,,,,,,,,,,,,,1818.7160339367229,15.53328181761311,2.6835100945641783,1.0,0.031,0.519,"{""error"": ""add"", ""trend"": ""add"", ""damped_trend"": true, ""seasonal"": ""add"", ""seasonal_periods"": 24}",,,,,,,,1245.0713813571738,12.144942494479972,2.188134806101537,0,0.0,0.033,,400.60653025227487,3.463514072524692,0.6213397693035932,1,0.013,0.424,"{""maxlags"": 24}",435.9501631813309,3.703906915113626,0.6627952644547149,0,0.0,0.375,,426.218352215072,3.475558452915353,0.629207664324985,1,0.016,0.153,"{""maxlags"": 24}",313.7416176088999,2.607512183487147,0.4758000779079903,0,0.0,0.15,,295.78049399346816,2.5773017653382118,0.4679124121241589,1,0.325,0.636,"{""yearly_seasonality"": false, ""weekly_seasonality"": false, ""daily_seasonality"": true, ""seasonality_mode"": ""additive""}",469.9947121697828,4.752122750391373,0.8332245067370868,0,0.0,0.581,,443.9710840229674,3.812395349502055,0.6834327496439981,1,0.017,0.736,"{""maxlags"": 24}",336.5456653214069,2.829307580108076,0.5170311164516149,0,0.0,0.595,
71,H72,172800.0,without_retrain,0,,,,,,,,,,,,,,,,,,,,,,,,,,,,,,,,,,,,,,,,,,,,,,,,,,123.6861217569836,37.39208047124084,1.408555158349645,1.0,4.831,0.21,"{""order"": [28, 1, 0]}",110.63906537775482,33.70355896661461,1.2385015839582854,0,0.0,6.588,,378.8802722074233,71.19589560455758,3.975939580961037,0,0.0,3.916,,,,,,,,,,,,,,,,,,,,,,,,,,,,,,,,,,,,,,,,,,,,,,,,,,,588.7829203338221,84.7032998647676,6.498339402413772,1.0,0.026,0.428,"{""error"": ""add"", ""trend"": ""add"", ""damped_trend"": true, ""seasonal"": ""mul"", ""seasonal_periods"": 24}",314.1971299417342,126.55048248011664,3.736201723443216,0,0.0,0.046,,77.78495466074106,15.832655211899697,0.7440693835049061,1,0.015,0.407,"{""maxlags"": 24}",74.67858474116152,16.41523016505961,0.7262891012442022,0,0.0,0.379,,123.5250327312004,23.20862624655979,1.155957010832345,1,0.014,0.163,"{""maxlags"": 24}",97.89442448686586,20.39637899044676,0.937592777385274,0,0.0,0.131,,102.59157930326302,22.39558940510048,1.001910733071276,1,0.204,0.404,"{""yearly_seasonality"": false, ""weekly_seasonality"": false, ""daily_seasonality"": true, ""seasonality_mode"": ""multiplicative""}",90.19185266012728,19.98944676830035,0.8937010698629789,0,0.0,0.627,,61.30178112545063,13.606696566238606,0.5929794738278872,1,0.016,0.658,"{""maxlags"": 24}",87.54984917622392,20.556120848467604,0.9079539779327398,0,0.0,0.592,
72,H73,172800.0,without_retrain,0,89.65540436816121,16.41556547307955,1.2278427129681404,1.0,5.76,0.162,"{""order"": [25, 1, 0]}",,,,,,,,,,,,,,,,,,,,,,,,,,,,,,,,,,,,,,,,,,,,,,,,,,89.49251088130892,16.423628254615704,1.231441704757856,0,0.0,3.575,,107.12982699917586,17.844542231435096,1.378399946084474,0,0.0,3.351,,98.7149746167891,14.81540516357883,1.1292625830494352,1.0,0.027,0.319,"{""error"": ""add"", ""trend"": null, ""damped_trend"": false, ""seasonal"": ""add"", ""seasonal_periods"": 24}",,,,,,,,,,,,,,,,,,,,,,,,,,,,,,,,,,,,,,,,,,,,,,,,,,375.4284757190108,60.83628851497369,6.332191214898295,0,0.0,0.056,,97.19753437342747,17.876703884426046,1.3567672959773096,1,0.017,0.357,"{""maxlags"": 24}",97.71276907179823,18.14894382378765,1.400337414061613,0,0.0,0.369,,103.29347435043502,19.1272671727044,1.4621075552160898,1,0.016,0.149,"{""maxlags"": 24}",95.69056560092574,17.20360738813042,1.315458279192815,0,0.0,0.123,,96.0259278135324,16.434732607333686,1.2807883148025507,1,0.411,0.547,"{""yearly_seasonality"": false, ""weekly_seasonality"": false, ""daily_seasonality"": true, ""seasonality_mode"": ""additive""}",100.6314218835598,17.336064221515983,1.3458478705404957,0,0.0,0.668,,101.63751525150074,17.493785804707798,1.3280972480044149,1,0.016,0.666,"{""maxlags"": 24}",96.1141892333215,17.59605232806749,1.336367412582886,0,0.0,0.588,
73,H74,172800.0,without_retrain,0,,,,,,,,70.36690997618061,11.62971960088459,0.7128330706936525,1.0,6.532,0.332,"{""order"": [34, 1, 0]}",,,,,,,,,,,,,,,,,,,,,,,,,,,,,,,,,,,,,,,,,,,55.520727021123946,9.128667201756125,0.5455890888263824,0,0.0,4.323,,101.99036829639144,17.12644462096956,1.1592524284958283,0,0.0,2.785,,,,,,,,,73.45468663192203,12.49630506977664,0.7941031706549765,1.0,0.035,0.503,"{""error"": ""add"", ""trend"": ""add"", ""damped_trend"": true, ""seasonal"": ""add"", ""seasonal_periods"": 24}",,,,,,,,,,,,,,,,,,,,,,,,,,,,,,,,,,,,,,,,,,,159.16848442955384,25.494344312136025,1.7678153438099,0,0.0,0.037,,65.04169328170411,10.81411144662744,0.6545807639270095,1,0.024,0.381,"{""maxlags"": 24}",63.51895412269812,10.607433095493638,0.6422509737334732,0,0.0,0.37,,67.03530047954875,11.94199261539619,0.7422480153703672,1,0.023,0.158,"{""maxlags"": 24}",53.659115851566966,9.170070432287035,0.553020924741072,0,0.0,0.139,,58.75038494340314,11.317369953211289,0.6639309133013435,1,0.237,0.618,"{""yearly_seasonality"": false, ""weekly_seasonality"": false, ""daily_seasonality"": true, ""seasonality_mode"": ""additive""}",55.972038261330304,10.420506703373931,0.6173240843997881,0,0.0,0.491,,66.18058430792493,11.305765577467977,0.6931560929876367,1,0.019,0.651,"{""maxlags"": 24}",61.07364505485408,10.04361589273398,0.6052889064567045,0,0.0,0.606,
74,H75,172800.0,without_retrain,0,,,,,,,,,,,,,,,1131.99901513015,7.098172885597993,1.152540228794068,1.0,5.453,1.454,"{""order"": [34, 1, 0]}",,,,,,,,,,,,,,,,,,,,,,,,,,,,,,,,,,,,1180.8480280884353,7.654275174746059,1.2149846484725113,0,0.0,3.807,,1052.8165486471255,5.92454147247996,1.0171169503741688,0,0.0,1.646,,,,,,,,,,,,,,,,1051.0497377769047,6.003115620810802,1.025225522259521,1.0,0.022,0.571,"{""error"": ""add"", ""trend"": ""add"", ""damped_trend"": true, ""seasonal"": ""mul"", ""seasonal_periods"": 24}",,,,,,,,,,,,,,,,,,,,,,,,,,,,,,,,,,,,38162.14935634481,177.09872469736789,38.30773214634728,0,0.0,0.036,,923.8331941251352,5.233785475576879,0.8897474893797885,1,0.012,0.404,"{""maxlags"": 24}",936.0087481922352,5.121814158508099,0.8791515453208069,0,0.0,0.388,,989.0228850414792,5.168164691751865,0.9007660863570568,1,0.012,0.158,"{""maxlags"": 24}",1048.118149837918,5.580107570845102,0.9728821720082844,0,0.0,0.14,,1050.8586688577227,5.638494624960038,0.9982728553285276,1,0.175,0.649,"{""yearly_seasonality"": false, ""weekly_seasonality"": false, ""daily_seasonality"": true, ""seasonality_mode"": ""multiplicative""}",1103.0515559951314,6.038935979668011,1.002018930183215,0,0.0,0.591,,1182.8204028862465,6.01302925462264,1.0220199939758603,1,0.011,0.66,"{""maxlags"": 24}",787.6125567460485,4.39600564255247,0.7352135686461446,0,0.0,0.618,
75,H76,172800.0,without_retrain,0,,,,,,,,,,,,,,,,,,,,,,99.37251639549189,15.64931228460643,0.7861556925525885,1.0,0.608,0.171,"{""order"": [26, 1, 0]}",,,,,,,,,,,,,,,,,,,,,,,,,,,,,105.7807983181629,17.041289161971363,0.849199346900024,0,0.0,3.817,,621.0149891056066,109.40157616155368,5.202589428321824,0,0.0,3.525,,,,,,,,,,,,,,,,,,,,,,,86.56270577822983,10.346788699933192,0.6648780355326894,1.0,0.039,0.482,"{""error"": ""add"", ""trend"": ""add"", ""damped_trend"": true, ""seasonal"": ""mul"", ""seasonal_periods"": 24}",,,,,,,,,,,,,,,,,,,,,,,,,,,,,992.6378561144865,152.56078792050724,8.919124341213765,0,0.0,0.031,,114.80374445334668,11.514071630221393,0.7050452646619573,1,0.026,0.394,"{""maxlags"": 24}",173.21167090896026,17.824314036509552,1.064076237760281,0,0.0,0.387,,210.906306271462,24.47605085115519,1.452571701709769,1,0.025,0.15,"{""maxlags"": 24}",315.857765284381,42.563090843839646,2.6627760449607543,0,0.0,0.122,,118.45448970529156,14.829940022605925,1.0081033542346969,1,0.295,0.551,"{""yearly_seasonality"": false, ""weekly_seasonality"": false, ""daily_seasonality"": true, ""seasonality_mode"": ""multiplicative""}",141.88031115905972,17.904623648341293,1.2377026135436238,0,0.0,0.438,,76.97490899237118,7.306956675252064,0.4631706681336471,1,0.026,0.639,"{""maxlags"": 24}",74.8190901976217,7.3716914052411875,0.4656716703470575,0,0.0,0.542,
76,H77,172800.0,without_retrain,0,,,,,,,,,,,,,,,,,,,,,,,,,,,,,104.72694840545866,16.18466933419812,1.2933124857293794,1.0,6.087,0.577,"{""order"": [25, 0, 0]}",,,,,,,,,,,,,,,,,,,,,,105.01650058263684,16.221411950809934,1.2923196636286105,0,0.0,3.542,,108.9714845141129,19.44060483051646,1.311996005765245,0,0.0,2.871,,,,,,,,,,,,,,,,,,,,,,,,,,,,,,189.5318877471655,33.91610506736474,2.402453473820199,1.0,0.028,0.711,"{""error"": ""add"", ""trend"": ""add"", ""damped_trend"": true, ""seasonal"": ""add"", ""seasonal_periods"": 24}",,,,,,,,,,,,,,,,,,,,,,361.77593524565583,73.33583543320599,4.642018297522251,0,0.0,0.045,,98.78168073579492,15.37706905255358,1.1890943042188933,1,0.014,0.418,"{""maxlags"": 24}",89.6478981063913,13.446452032341597,1.0548514344608415,0,0.0,0.41,,117.69302528052935,18.942015032529635,1.5029438836300593,1,0.016,0.15,"{""maxlags"": 24}",102.7408728596528,16.68921099561565,1.3072163678817887,0,0.0,0.153,,90.93462013465268,15.36868088701842,1.1868539089213763,1,0.333,0.434,"{""yearly_seasonality"": false, ""weekly_seasonality"": false, ""daily_seasonality"": true, ""seasonality_mode"": ""additive""}",99.30747540210908,16.675528927079736,1.314543398688537,0,0.0,0.459,,98.89216949131166,14.510106930203818,1.1317438273903804,1,0.02,0.668,"{""maxlags"": 24}",88.59916815128831,13.576899908804998,1.0457057528392868,0,0.0,0.616,
77,H78,172800.0,without_retrain,0,,,,,,,,,,,,,,,,,,,,,,,,,,,,,,,,,,,,1445.9901097668735,1.5676483364175315,0.676411199501477,1.0,11.152,4.367,"{""order"": [48, 1, 0]}",,,,,,,,,,,,,,,1649.85769092201,1.6540148038639142,0.7437454266827594,0,0.0,4.399,,1417.5533699973494,1.4920888254031486,0.6441352479227608,0,0.0,1.558,,,,,,,,,,,,,,,,,,,,,,,,,,,,,,,,,,,,,1405.0368579351214,1.4568045847129645,0.6303915895053369,1.0,0.027,0.337,"{""error"": ""add"", ""trend"": ""add"", ""damped_trend"": true, ""seasonal"": ""mul"", ""seasonal_periods"": 24}",,,,,,,,,,,,,,,10742.78780707896,18.358123645821102,7.580287896861095,0,0.0,0.052,,1539.540489013567,1.99125507774716,0.8660082503482336,1,0.012,0.424,"{""maxlags"": 24}",1883.654671406441,2.699598325736078,1.1599556829010202,0,0.0,0.385,,1700.8225369322172,2.361893004570556,0.9934033442291682,1,0.013,0.17,"{""maxlags"": 24}",2274.280356726834,3.4783768923268634,1.4659681994427955,0,0.0,0.152,,1269.231644169407,1.5199868309493236,0.6539812595280744,1,0.33,0.665,"{""yearly_seasonality"": false, ""weekly_seasonality"": false, ""daily_seasonality"": true, ""seasonality_mode"": ""multiplicative""}",1287.5405896886227,2.1192161687488933,0.8575288526713907,0,0.0,0.407,,1354.6200465105492,1.5834569184811456,0.6817320282721199,1,0.015,0.619,"{""maxlags"": 24}",2672.862941859485,4.193707422270811,1.7713551800700948,0,0.0,0.581,
78,H79,172800.0,without_retrain,0,,,,,,,,,,,,,,,,,,,,,,,,,,,,,,,,,,,,,,,,,,,1047.3556031430478,2.60529644951817,0.6100909670614042,1.0,8.692,1.207,"{""order"": [33, 0, 0]}",,,,,,,,1035.5918305726825,2.521478973575587,0.5942294116138562,0,0.0,3.632,,5327.440209131322,15.28696745278864,3.118517665613459,0,0.0,1.639,,,,,,,,,,,,,,,,,,,,,,,,,,,,,,,,,,,,,,,,,,,,1167.2553875376493,2.694094052354564,0.6442695870970566,1.0,0.032,0.32,"{""error"": ""add"", ""trend"": ""add"", ""damped_trend"": true, ""seasonal"": ""mul"", ""seasonal_periods"": 24}",,,,,,,,45290.8824634748,160.17485842876405,29.680505094093377,0,0.0,0.037,,1129.1432931296924,2.568377550478389,0.6083579459496857,1,0.025,0.409,"{""maxlags"": 24}",1191.9437307848405,2.726854374256917,0.6446695841763879,0,0.0,0.408,,1596.48057800711,3.660033919555321,0.8559622511522341,1,0.017,0.167,"{""maxlags"": 24}",1130.2440791943295,2.9297859708537115,0.6633019416920775,0,0.0,0.132,,1445.1200579680687,4.395613334405456,0.9495149633437268,1,0.493,0.386,"{""yearly_seasonality"": false, ""weekly_seasonality"": false, ""daily_seasonality"": true, ""seasonality_mode"": ""multiplicative""}",1522.1851804562446,4.483769325537868,0.9363654966483184,0,0.0,0.54,,1149.514631517316,2.794743182833804,0.6411042357832631,1,0.018,0.626,"{""maxlags"": 24}",1070.983574485772,2.868575995189476,0.6551090588127414,0,0.0,0.555,
79,H80,172800.0,without_retrain,0,,,,,,,,,,,,,,,,,,,,,,,,,,,,,,,,,,,,,,,,,,,,,,,,,,89.40309092148853,2.642350808534504,0.5346450081766952,1.0,14.744,4.603,"{""order"": [48, 1, 0]}",87.32903714738387,2.728885102417444,0.5487248814968405,0,0.0,3.203,,138.64878105424393,5.57142639546655,1.0241386687393994,0,0.0,3.635,,,,,,,,,,,,,,,,,,,,,,,,,,,,,,,,,,,,,,,,,,,,,,,,,,,3839.6531071843297,173.31871432616026,29.198854688054897,1.0,0.032,0.517,"{""error"": ""add"", ""trend"": ""add"", ""damped_trend"": true, ""seasonal"": ""add"", ""seasonal_periods"": 24}",1459.7124483734412,78.95085277970996,10.696570614354457,0,0.0,0.036,,83.48446177324237,2.8029967700634884,0.550995240248154,1,0.014,0.451,"{""maxlags"": 24}",86.44680821912765,2.509921603575961,0.5188194634365804,0,0.0,0.39,,93.01499701764902,2.562238749400507,0.5319063240830499,1,0.018,0.171,"{""maxlags"": 24}",83.89595734061355,2.55914355947752,0.5204524902003865,0,0.0,0.138,,165.044218407518,7.424241598149593,1.2912275596417049,1,0.159,0.668,"{""yearly_seasonality"": false, ""weekly_seasonality"": false, ""daily_seasonality"": true, ""seasonality_mode"": ""additive""}",160.37653607894643,6.927551312097914,1.2268090669861742,0,0.0,0.474,,93.1140949288602,3.0521202246249914,0.6023206951644126,1,0.018,0.648,"{""maxlags"": 24}",82.91714651886222,2.6749834447350835,0.5323338507276073,0,0.0,0.577,
80,H81,172800.0,without_retrain,0,320.5556186323611,5.024689979797651,0.7198900472561912,1.0,6.872,0.992,"{""order"": [29, 1, 0]}",,,,,,,,,,,,,,,,,,,,,,,,,,,,,,,,,,,,,,,,,,,,,,,,,,292.8633206209552,4.617019474431717,0.6591080375894821,0,0.0,3.698,,257.6626490711437,3.815851063867029,0.5680116319513054,0,0.0,1.61,,11477.294592673708,178.27973265547828,29.226359521975457,1.0,0.027,0.453,"{""error"": ""add"", ""trend"": ""add"", ""damped_trend"": true, ""seasonal"": ""add"", ""seasonal_periods"": 24}",,,,,,,,,,,,,,,,,,,,,,,,,,,,,,,,,,,,,,,,,,,,,,,,,,3050.33941817692,68.42393753303553,7.484187456065874,0,0.0,0.044,,282.2278601584997,3.209459828910942,0.4943763403293347,1,0.015,0.415,"{""maxlags"": 24}",231.2933633699577,2.992866350205673,0.4545553409407341,0,0.0,0.399,,364.9055585420495,4.66929185893573,0.7100969953593452,1,0.018,0.154,"{""maxlags"": 24}",349.4354047255654,4.923856755299695,0.7434127600330277,0,0.0,0.151,,323.75277201295074,5.072726509414924,0.7334322808877033,1,0.305,0.479,"{""yearly_seasonality"": false, ""weekly_seasonality"": false, ""daily_seasonality"": true, ""seasonality_mode"": ""additive""}",311.70878233997723,4.904085183295333,0.689543462443638,0,0.0,0.68,,283.84099215768606,3.6918754255062063,0.5570723207826416,1,0.018,0.651,"{""maxlags"": 24}",273.53216327736607,4.022635917955789,0.6023856655652537,0,0.0,0.612,
81,H82,172800.0,without_retrain,0,,,,,,,,884.6748654385156,4.285573596460755,0.9340929904481896,1.0,6.607,0.758,"{""order"": [26, 1, 0]}",,,,,,,,,,,,,,,,,,,,,,,,,,,,,,,,,,,,,,,,,,,925.2136235587004,4.764208573046769,1.0234280996747755,0,0.0,3.682,,2493.87200083391,13.708173380833736,2.660792931058164,0,0.0,1.627,,,,,,,,,850.2176966131226,3.960670999797864,0.8481760613731093,1.0,0.03,0.445,"{""error"": ""add"", ""trend"": ""add"", ""damped_trend"": true, ""seasonal"": ""mul"", ""seasonal_periods"": 24}",,,,,,,,,,,,,,,,,,,,,,,,,,,,,,,,,,,,,,,,,,,20449.70701641812,155.09734896176232,24.25195702907884,0,0.0,0.04,,941.955954682712,3.4809312354742263,0.7474196619020984,1,0.014,0.429,"{""maxlags"": 24}",897.271414891783,3.680039087041312,0.7849519271812744,0,0.0,0.401,,906.8930572018928,4.733660787993589,1.0000487171092505,1,0.017,0.142,"{""maxlags"": 24}",866.2431376409559,4.898286622325789,1.0048452003249273,0,0.0,0.153,,949.1915082053082,5.738128004389829,1.159501838613055,1,0.311,0.463,"{""yearly_seasonality"": false, ""weekly_seasonality"": false, ""daily_seasonality"": true, ""seasonality_mode"": ""multiplicative""}",892.3881627548963,5.389367389363709,1.072556925480254,0,0.0,0.491,,906.7481227290676,4.421751832773116,0.9520083100335236,1,0.017,0.669,"{""maxlags"": 24}",757.1837014656013,3.751070578794991,0.7959050287108976,0,0.0,0.598,
82,H83,172800.0,without_retrain,0,,,,,,,,,,,,,,,142.4230149442229,14.40233642049276,0.4827351754160431,1.0,8.404,0.847,"{""order"": [48, 1, 0]}",,,,,,,,,,,,,,,,,,,,,,,,,,,,,,,,,,,,143.5817508353934,13.462008362002203,0.4982198108745854,0,0.0,3.563,,134.60448855013414,11.61820573611054,0.4153240576424066,0,0.0,2.671,,,,,,,,,,,,,,,,563.4724951245684,38.76867020836235,1.727643768816776,1.0,0.025,0.174,"{""error"": ""add"", ""trend"": ""add"", ""damped_trend"": true, ""seasonal"": ""add"", ""seasonal_periods"": 24}",,,,,,,,,,,,,,,,,,,,,,,,,,,,,,,,,,,,684.8930287830996,48.1999282159818,2.295952645597972,0,0.0,0.038,,186.0781290971447,16.527401633360896,0.6240311508270923,1,0.015,0.445,"{""maxlags"": 24}",188.2087300893072,16.44954618206727,0.6569771089292837,0,0.0,0.399,,182.4214791087176,17.402007791244245,0.6147376090834463,1,0.014,0.152,"{""maxlags"": 24}",188.6897685733793,17.99820888121833,0.5910178072802857,0,0.0,0.191,,205.11407968153156,17.25630771223466,0.686493500341442,1,0.251,0.676,"{""yearly_seasonality"": false, ""weekly_seasonality"": false, ""daily_seasonality"": true, ""seasonality_mode"": ""additive""}",197.48197678016535,17.04673655329168,0.6790214024515957,0,0.0,0.414,,292.8887883065659,24.00158009364796,0.954405020988573,1,0.015,0.641,"{""maxlags"": 24}",168.9007406299409,16.1837116875798,0.5612191528897917,0,0.0,0.608,
83,H84,172800.0,without_retrain,0,,,,,,,,,,,,,,,,,,,,,,20.277993380956516,3.47131355390798,0.499338734080624,1.0,13.004,4.401,"{""order"": [48, 1, 0]}",,,,,,,,,,,,,,,,,,,,,,,,,,,,,26.69361988513888,4.78054109140213,0.6739385862031527,0,0.0,3.754,,11.59195662375216,1.4189557263257226,0.203294941970962,0,0.0,4.817,,,,,,,,,,,,,,,,,,,,,,,11.59195662375216,1.4189557263257226,0.203294941970962,1.0,0.03,1.097,"{""error"": ""add"", ""trend"": ""add"", ""damped_trend"": true, ""seasonal"": ""add"", ""seasonal_periods"": 24}",,,,,,,,,,,,,,,,,,,,,,,,,,,,,133.55194901477356,19.057189054448617,2.938715665860173,0,0.0,0.035,,60.83631927294869,7.929388006790783,1.161529994969324,1,0.018,0.417,"{""maxlags"": 24}",57.54762074015393,7.47684814603205,1.079573124208333,0,0.0,0.361,,78.50817188698524,9.667299799041508,1.4187606679569844,1,0.02,0.152,"{""maxlags"": 24}",80.74982830403388,10.732762881066018,1.5548553332101267,0,0.0,0.154,,94.8101798450561,17.460989406384453,2.5305601733909957,1,0.679,0.522,"{""yearly_seasonality"": false, ""weekly_seasonality"": false, ""daily_seasonality"": true, ""seasonality_mode"": ""additive""}",92.111332806017,16.61535173376395,2.406984370085698,0,0.0,0.559,,40.22981510542572,4.58782830789978,0.6512491095510669,1,0.022,0.552,"{""maxlags"": 24}",37.51625851842184,4.866994614496143,0.7528710594397806,0,0.0,0.51,
84,H85,172800.0,without_retrain,0,,,,,,,,,,,,,,,,,,,,,,,,,,,,,273.4276014452388,20.01649071023513,1.335136649036989,1.0,6.581,3.45,"{""order"": [48, 1, 0]}",,,,,,,,,,,,,,,,,,,,,,307.64781999866057,22.97601033364873,1.505221507422578,0,0.0,4.424,,276.5356196730342,21.649384566571857,1.409141949851417,0,0.0,3.096,,,,,,,,,,,,,,,,,,,,,,,,,,,,,,259.1277371414954,18.645097104273805,1.254415278232169,1.0,0.032,1.157,"{""error"": ""add"", ""trend"": ""add"", ""damped_trend"": true, ""seasonal"": ""add"", ""seasonal_periods"": 24}",,,,,,,,,,,,,,,,,,,,,,277.23192823894874,21.085994862333973,1.4299346761111558,0,0.0,0.037,,314.9931808857372,25.135153929665307,1.612296012107248,1,0.017,0.427,"{""maxlags"": 24}",327.3476525584275,26.56427295091927,1.6891651327155923,0,0.0,0.366,,330.6896780780549,26.54467942959541,1.692644013265496,1,0.017,0.146,"{""maxlags"": 24}",383.2098421460115,33.75912270894844,1.9937425169380136,0,0.0,0.137,,204.40126143170423,15.48336544102453,1.0373583361673762,1,0.196,0.537,"{""yearly_seasonality"": false, ""weekly_seasonality"": true, ""daily_seasonality"": true, ""seasonality_mode"": ""additive""}",204.40126143170423,15.48336544102453,1.0373583361673762,0,0.0,0.502,,329.2583022071972,26.524261699319613,1.6910096242187151,1,0.022,0.707,"{""maxlags"": 24}",318.464860201971,25.61785468716037,1.642916093087477,0,0.0,0.582,
85,H86,172800.0,without_retrain,0,,,,,,,,,,,,,,,,,,,,,,,,,,,,,,,,,,,,28.28752641011436,8.29688326258386,0.7610181286342027,1.0,1.741,0.194,"{""order"": [27, 1, 0]}",,,,,,,,,,,,,,,29.264375731000094,8.476322593086474,0.7707546744648317,0,0.0,3.729,,29.315962437849457,10.676023743679844,0.873889013438979,0,0.0,5.519,,,,,,,,,,,,,,,,,,,,,,,,,,,,,,,,,,,,,35.03435762095417,10.45533289165756,0.9706390558971644,1.0,0.036,0.655,"{""error"": ""add"", ""trend"": ""add"", ""damped_trend"": true, ""seasonal"": ""mul"", ""seasonal_periods"": 24}",,,,,,,,,,,,,,,225.66180600610917,126.88533026473078,7.2569685059377855,0,0.0,0.042,,21.38016129641025,6.789109062410483,0.6244102106346342,1,0.025,0.398,"{""maxlags"": 24}",20.731065231995085,6.818400386380682,0.618762160924707,0,0.0,0.382,,21.17924518116535,6.629998482974043,0.6102129018770303,1,0.022,0.152,"{""maxlags"": 24}",33.83970954623234,10.658190980070726,0.969836996436413,0,0.0,0.139,,31.339842315953163,11.135847870733215,0.9897286537526204,1,0.296,1.133,"{""yearly_seasonality"": false, ""weekly_seasonality"": false, ""daily_seasonality"": true, ""seasonality_mode"": ""multiplicative""}",35.256902441675784,13.517156969910753,1.1658555705352869,0,0.0,0.442,,24.362792774202685,7.719953363710991,0.7129654039385861,1,0.023,0.635,"{""maxlags"": 24}",22.186959376371505,7.105440430570515,0.6557326469790453,0,0.0,0.621,
86,H87,172800.0,without_retrain,0,,,,,,,,,,,,,,,,,,,,,,,,,,,,,,,,,,,,,,,,,,,55.04131761151239,5.792584238533465,0.6254285047825007,1.0,5.792,1.226,"{""order"": [32, 1, 0]}",,,,,,,,57.811774212911935,6.505983424368137,0.7210559661319413,0,0.0,3.978,,19.417596446265065,1.4277317661924045,0.1677350852738156,0,0.0,3.488,,,,,,,,,,,,,,,,,,,,,,,,,,,,,,,,,,,,,,,,,,,,22.23887617009097,1.3201404527562863,0.1618905610028574,1.0,0.033,0.305,"{""error"": ""add"", ""trend"": ""add"", ""damped_trend"": true, ""seasonal"": ""mul"", ""seasonal_periods"": 24}",,,,,,,,143.3628717354525,11.145645007131376,1.2404936762863292,0,0.0,0.044,,136.72109424182293,13.864498895811368,1.561280808036366,1,0.025,0.401,"{""maxlags"": 24}",177.79138714955104,18.48153560293029,2.028664821416933,0,0.0,0.361,,233.5905773748335,27.888846001603223,2.9695136329120664,1,0.024,0.149,"{""maxlags"": 24}",233.46741904016,26.982503218208773,2.850936938215355,0,0.0,0.126,,63.08103058311216,6.130532455183047,0.7064598433694057,1,0.236,0.624,"{""yearly_seasonality"": false, ""weekly_seasonality"": true, ""daily_seasonality"": true, ""seasonality_mode"": ""multiplicative""}",64.22498854302167,7.008159458532852,0.7951455388706238,0,0.0,0.593,,108.4691057005076,11.731382109200078,1.333606493638856,1,0.021,0.639,"{""maxlags"": 24}",151.29854944910412,17.227131050499562,1.932752602047748,0,0.0,0.624,
87,H88,172800.0,without_retrain,0,,,,,,,,,,,,,,,,,,,,,,,,,,,,,,,,,,,,,,,,,,,,,,,,,,19.569243523506398,1.8048761529478488,0.3679307569949878,1.0,10.981,3.624,"{""order"": [48, 1, 0]}",24.16978978562446,2.105576703437416,0.4359231717265352,0,0.0,3.53,,21.030519225537027,2.023758307874449,0.406546532926205,0,0.0,2.846,,,,,,,,,,,,,,,,,,,,,,,,,,,,,,,,,,,,,,,,,,,,,,,,,,,55.90186274525677,5.669808461235051,1.14781479822706,1.0,0.027,1.089,"{""error"": ""add"", ""trend"": ""add"", ""damped_trend"": true, ""seasonal"": ""add"", ""seasonal_periods"": 24}",165.055367409775,15.02920042022442,2.938156538528444,0,0.0,0.045,,18.23868835429955,1.547751446849545,0.322921517361847,1,0.017,0.415,"{""maxlags"": 24}",18.32788489581363,1.6153931079968686,0.3310755670408287,0,0.0,0.387,,22.53468329591344,1.9766389474625736,0.4001178673499138,1,0.016,0.15,"{""maxlags"": 24}",36.11535850445207,2.904362219993573,0.5895442817306765,0,0.0,0.129,,22.54451180237904,2.1097932724479675,0.4139135684041908,1,0.236,0.627,"{""yearly_seasonality"": false, ""weekly_seasonality"": false, ""daily_seasonality"": true, ""seasonality_mode"": ""additive""}",36.47802689273545,3.7862937394413976,0.7424633598352585,0,0.0,0.524,,39.18022662092008,2.8978877089788484,0.6127384459265021,1,0.017,0.66,"{""maxlags"": 24}",30.36899750335272,2.5018388380867647,0.5064775108216387,0,0.0,0.652,
88,H89,172800.0,without_retrain,0,228.95950640171637,14.523352733294686,1.4005886127195828,1.0,5.639,0.273,"{""order"": [32, 1, 0]}",,,,,,,,,,,,,,,,,,,,,,,,,,,,,,,,,,,,,,,,,,,,,,,,,,224.57461296256903,14.283973085332322,1.3756405374643677,0,0.0,3.592,,195.42968774156589,11.379775945838636,1.0943995972536362,0,0.0,2.854,,333.2584039932206,19.1001260168483,1.8219976504903592,1.0,0.027,1.182,"{""error"": ""add"", ""trend"": ""add"", ""damped_trend"": true, ""seasonal"": ""add"", ""seasonal_periods"": 24}",,,,,,,,,,,,,,,,,,,,,,,,,,,,,,,,,,,,,,,,,,,,,,,,,,724.9204802375718,38.07165522751734,4.452906534669274,0,0.0,0.048,,254.1209125899824,15.852226010371686,1.52932607217278,1,0.015,0.426,"{""maxlags"": 24}",270.428279237159,16.940290163754373,1.635171174780415,0,0.0,0.391,,272.7149078869178,16.330949715345643,1.5582456503554087,1,0.012,0.159,"{""maxlags"": 24}",201.77177262591837,12.61047181572468,1.20939996210328,0,0.0,0.13,,172.52757034052274,10.15715157757622,0.998166512928087,1,0.28,0.515,"{""yearly_seasonality"": false, ""weekly_seasonality"": false, ""daily_seasonality"": true, ""seasonality_mode"": ""additive""}",149.92102029694226,8.892971472316859,0.8633509697409208,0,0.0,0.47,,272.1407955544757,17.035524579806324,1.6447653089428187,1,0.014,0.705,"{""maxlags"": 24}",316.7715952882026,19.815282628220025,1.915007775677268,0,0.0,0.653,
89,H90,172800.0,without_retrain,0,,,,,,,,1341.557705174276,6.075364495502877,0.9350805400424844,1.0,10.061,0.888,"{""order"": [27, 0, 0]}",,,,,,,,,,,,,,,,,,,,,,,,,,,,,,,,,,,,,,,,,,,1333.2461568715407,6.073120576652883,0.9323110185840487,0,0.0,3.963,,1404.3796766149524,6.191658166953453,0.9718020930971228,0,0.0,1.173,,,,,,,,,1306.1868210665132,5.751133475477412,0.8948935499810459,1.0,0.031,0.499,"{""error"": ""add"", ""trend"": ""add"", ""damped_trend"": true, ""seasonal"": ""mul"", ""seasonal_periods"": 24}",,,,,,,,,,,,,,,,,,,,,,,,,,,,,,,,,,,,,,,,,,,7189.470294267289,47.8099840463935,5.667960283410214,0,0.0,0.038,,1196.2512217371975,6.526150732520329,0.9327971021615168,1,0.017,0.47,"{""maxlags"": 24}",1115.291152557301,5.718296871424129,0.8188782505723048,0,0.0,0.425,,2806.954910935822,14.784770342265148,2.09915508066813,1,0.015,0.157,"{""maxlags"": 24}",1317.966804549119,7.003364761121145,0.9849158133750672,0,0.0,0.172,,1296.8638398650724,6.242676330199791,0.9347331102472466,1,0.252,0.483,"{""yearly_seasonality"": false, ""weekly_seasonality"": false, ""daily_seasonality"": true, ""seasonality_mode"": ""multiplicative""}",1305.6244573481708,6.509315739286248,0.9497987809554066,0,0.0,0.601,,1482.6717375289995,7.509451566452868,1.0876649780864365,1,0.017,0.666,"{""maxlags"": 24}",1427.569971698329,7.182332319195769,1.0371954869197184,0,0.0,0.619,
90,H91,172800.0,without_retrain,0,,,,,,,,,,,,,,,149.36297138628774,7.181158170313906,0.982195672243091,1.0,3.966,0.322,"{""order"": [3, 1, 3]}",,,,,,,,,,,,,,,,,,,,,,,,,,,,,,,,,,,,100.37362458397288,4.365622982261532,0.6090565413990815,0,0.0,3.745,,88.70991555436679,2.92596508845786,0.4351863084801278,0,0.0,1.626,,,,,,,,,,,,,,,,797.2007180128988,38.92729099258643,5.546729326068285,1.0,0.028,0.146,"{""error"": ""add"", ""trend"": ""add"", ""damped_trend"": true, ""seasonal"": ""add"", ""seasonal_periods"": 24}",,,,,,,,,,,,,,,,,,,,,,,,,,,,,,,,,,,,4229.496122400281,170.4112183072739,29.13678049295243,0,0.0,0.041,,94.03920987768724,3.596872718472113,0.553823397991153,1,0.017,0.458,"{""maxlags"": 24}",113.91819824281374,4.836146935536141,0.7335655596254155,0,0.0,0.338,,119.75430853140728,4.915845486980177,0.76210119494037,1,0.018,0.153,"{""maxlags"": 24}",125.01070303626324,5.44376010206721,0.8245242775407129,0,0.0,0.129,,117.54540656689854,4.191752994659928,0.6615980090517297,1,0.28,0.529,"{""yearly_seasonality"": false, ""weekly_seasonality"": false, ""daily_seasonality"": true, ""seasonality_mode"": ""additive""}",100.55937485135765,3.863046774954396,0.5648337589042729,0,0.0,0.423,,141.47936157047002,5.94008746637622,0.9119009645659446,1,0.018,0.677,"{""maxlags"": 24}",120.0918273577864,4.94021977125893,0.7668590411542627,0,0.0,0.655,
91,H92,172800.0,without_retrain,0,,,,,,,,,,,,,,,,,,,,,,172.30234306486145,5.091221384679572,0.5324213951116783,1.0,6.142,0.62,"{""order"": [24, 1, 0]}",,,,,,,,,,,,,,,,,,,,,,,,,,,,,177.93001583312696,5.249613845225525,0.5519115411903134,0,0.0,3.664,,315.0958917614994,9.646044413871966,0.956555490051302,0,0.0,1.465,,,,,,,,,,,,,,,,,,,,,,,582.4429035162358,14.956446603934808,1.723209465014117,1.0,0.038,0.428,"{""error"": ""add"", ""trend"": ""add"", ""damped_trend"": true, ""seasonal"": ""add"", ""seasonal_periods"": 24}",,,,,,,,,,,,,,,,,,,,,,,,,,,,,3030.638508040284,138.8930985723166,9.71912069218156,0,0.0,0.044,,348.2788186559907,9.624399623776384,1.1089376325952314,1,0.028,0.523,"{""maxlags"": 24}",337.2284946907708,9.265568843406935,1.069298161277578,0,0.0,0.406,,354.52761149304774,9.487182345111988,1.1035950092291336,1,0.021,0.155,"{""maxlags"": 24}",401.2141209388975,10.761548074166852,1.2138862566552249,0,0.0,0.148,,400.9337960344332,9.92574609890631,1.1966225940159718,1,0.229,0.646,"{""yearly_seasonality"": false, ""weekly_seasonality"": false, ""daily_seasonality"": true, ""seasonality_mode"": ""additive""}",396.37270754949657,9.657894513876837,1.161112280062346,0,0.0,0.433,,355.59243494681044,9.865869479110769,1.1344661376120642,1,0.023,0.641,"{""maxlags"": 24}",351.6470394834477,9.99108089315482,1.1408728231768048,0,0.0,0.665,
92,H93,172800.0,without_retrain,0,,,,,,,,,,,,,,,,,,,,,,,,,,,,,403.3221123822595,6.542411129666788,1.1617078361747106,1.0,3.708,0.331,"{""order"": [3, 1, 2]}",,,,,,,,,,,,,,,,,,,,,,520.5349208004324,8.252113726834013,1.499934139318448,0,0.0,3.528,,247.7017080227519,4.053399185719045,0.6566455574138749,0,0.0,2.13,,,,,,,,,,,,,,,,,,,,,,,,,,,,,,283.7723581317627,4.477144812564164,0.7675232942815716,1.0,0.029,0.523,"{""error"": ""add"", ""trend"": ""add"", ""damped_trend"": true, ""seasonal"": ""mul"", ""seasonal_periods"": 24}",,,,,,,,,,,,,,,,,,,,,,4038.831730303886,122.72742371498536,12.357724287604483,0,0.0,0.055,,489.5050805620803,8.267414606212808,1.4777599183224297,1,0.019,0.495,"{""maxlags"": 24}",341.36040741743585,6.130222949370776,1.0455230369492992,0,0.0,0.363,,581.4383888351756,9.971355086330332,1.7752032516504643,1,0.018,0.149,"{""maxlags"": 24}",531.5643126077235,8.468100885343757,1.5262252923438862,0,0.0,0.125,,707.7071112082982,12.557859100851276,2.2208996225307733,1,0.376,0.708,"{""yearly_seasonality"": false, ""weekly_seasonality"": false, ""daily_seasonality"": true, ""seasonality_mode"": ""multiplicative""}",505.1304562872844,9.394329994797005,1.562181934210514,0,0.0,0.5,,424.73260517037903,7.188628972616239,1.2629254797759213,1,0.015,0.603,"{""maxlags"": 24}",377.3282432509,6.483617025230754,1.1172406598535167,0,0.0,0.675,
93,H94,172800.0,without_retrain,0,,,,,,,,,,,,,,,,,,,,,,,,,,,,,,,,,,,,6554.7501396941925,6.330808119773356,1.3746332332282254,1.0,6.016,1.408,"{""order"": [33, 1, 0]}",,,,,,,,,,,,,,,6576.264968256163,6.340885228637533,1.3808054900524669,0,0.0,3.762,,5347.431701151963,5.027266129910078,1.0948987868658189,0,0.0,1.286,,,,,,,,,,,,,,,,,,,,,,,,,,,,,,,,,,,,,5247.794457777384,4.885820606886741,1.0676790908381997,1.0,0.027,0.447,"{""error"": ""add"", ""trend"": ""add"", ""damped_trend"": true, ""seasonal"": ""mul"", ""seasonal_periods"": 24}",,,,,,,,,,,,,,,22057.98936132722,20.209385593514707,4.229135960917015,0,0.0,0.046,,10900.469451231262,10.033963840403132,2.141903107143673,1,0.011,0.472,"{""maxlags"": 24}",7434.609090207943,7.041861251003266,1.526972890682152,0,0.0,0.398,,23514.050414094658,17.28303723225633,3.8983167584141376,1,0.011,0.159,"{""maxlags"": 24}",23225.39137316155,16.45393843307669,3.753878766118883,0,0.0,0.13,,9749.513724526125,9.046219155322907,2.0318945338012195,1,0.32,0.758,"{""yearly_seasonality"": false, ""weekly_seasonality"": false, ""daily_seasonality"": true, ""seasonality_mode"": ""multiplicative""}",7137.167591314514,6.733094212456332,1.4090579538854795,0,0.0,0.515,,17749.133777539715,14.35883565124422,3.088779283693135,1,0.014,0.642,"{""maxlags"": 24}",22636.39289057063,17.648323771445764,3.8871600793444494,0,0.0,0.661,
94,H95,172800.0,without_retrain,0,,,,,,,,,,,,,,,,,,,,,,,,,,,,,,,,,,,,,,,,,,,6010.46439339757,6.356754820606756,1.376807914197584,1.0,7.583,2.174,"{""order"": [38, 1, 0]}",,,,,,,,6620.3526925429705,7.000790581726149,1.5187242313002158,0,0.0,4.047,,4680.433412913247,4.78591424281517,1.0403579256858146,0,0.0,1.222,,,,,,,,,,,,,,,,,,,,,,,,,,,,,,,,,,,,,,,,,,,,4706.932803310466,4.8081685172261,1.0459835968128337,1.0,0.027,0.448,"{""error"": ""add"", ""trend"": ""add"", ""damped_trend"": true, ""seasonal"": ""mul"", ""seasonal_periods"": 24}",,,,,,,,14907.596620724553,15.205320727710417,3.232883750535912,0,0.0,0.031,,9417.226540376028,9.593884877046255,2.027597203624305,1,0.015,0.476,"{""maxlags"": 24}",6501.488996569619,7.002002828058739,1.507691516160112,0,0.0,0.404,,17116.903441965427,15.477176924557368,3.399107446247586,1,0.013,0.144,"{""maxlags"": 24}",15412.01213803163,13.21122313500075,2.855360789014481,0,0.0,0.133,,8640.991268741554,8.715037541410082,1.9599373161654647,1,0.256,0.414,"{""yearly_seasonality"": false, ""weekly_seasonality"": false, ""daily_seasonality"": true, ""seasonality_mode"": ""multiplicative""}",6171.8252718538615,6.291219864661418,1.3200450408682196,0,0.0,0.474,,16698.17680846366,14.411122740843451,3.0957023979692817,1,0.011,0.683,"{""maxlags"": 24}",18680.772073871816,16.199874832862523,3.526734997803801,0,0.0,0.688,
95,H96,172800.0,without_retrain,0,,,,,,,,,,,,,,,,,,,,,,,,,,,,,,,,,,,,,,,,,,,,,,,,,,539.3686807638151,10.29112200950918,1.6956133932319126,1.0,9.906,3.78,"{""order"": [48, 1, 0]}",638.4751236566991,11.997187981647937,1.981707423225437,0,0.0,3.77,,680.4328848857504,13.942263324392972,2.195319774854158,0,0.0,2.557,,,,,,,,,,,,,,,,,,,,,,,,,,,,,,,,,,,,,,,,,,,,,,,,,,,614.7894252527811,11.970066388333867,1.9433895165043715,1.0,0.026,0.428,"{""error"": ""add"", ""trend"": ""add"", ""damped_trend"": true, ""seasonal"": ""mul"", ""seasonal_periods"": 24}",941.9971015012552,16.397638771749374,2.80753880231674,0,0.0,0.05,,679.8640961299702,13.17210003680322,2.1325746822194493,1,0.021,0.479,"{""maxlags"": 24}",852.9505526640663,16.101003410267662,2.6177534968095264,0,0.0,0.378,,978.5129348002212,18.181656670455517,2.9351047641924635,1,0.014,0.16,"{""maxlags"": 24}",958.9578723314672,18.613089130719214,2.964949762349063,0,0.0,0.155,,649.8277532618356,12.559546905851205,2.0423189950992096,1,0.318,0.525,"{""yearly_seasonality"": false, ""weekly_seasonality"": false, ""daily_seasonality"": true, ""seasonality_mode"": ""multiplicative""}",688.3465268766433,12.829517707242523,2.1149159497942858,0,0.0,0.678,,828.4574237241741,15.05239957815342,2.463045679442157,1,0.017,0.65,"{""maxlags"": 24}",1067.8767962352254,19.186016288940863,3.1123097238447746,0,0.0,0.681,
96,H97,172800.0,without_retrain,0,1430.0102098041557,2.387551493992373,0.7198201011394962,1.0,7.142,0.638,"{""order"": [25, 1, 0]}",,,,,,,,,,,,,,,,,,,,,,,,,,,,,,,,,,,,,,,,,,,,,,,,,,1176.3343961431235,1.914637151962536,0.5767007616844321,0,0.0,3.5,,1399.05425931535,2.279316433787814,0.6839050677986624,0,0.0,1.006,,1470.6639631946894,2.423308297949279,0.724027306815295,1.0,0.026,0.206,"{""error"": ""add"", ""trend"": ""add"", ""damped_trend"": true, ""seasonal"": ""mul"", ""seasonal_periods"": 24}",,,,,,,,,,,,,,,,,,,,,,,,,,,,,,,,,,,,,,,,,,,,,,,,,,7288.918585623156,12.952773999338753,3.735424579567391,0,0.0,0.044,,1880.095028966358,3.2266107652015847,0.9619858665990572,1,0.018,0.466,"{""maxlags"": 24}",1917.839380927104,3.355007937055653,0.9959846147971684,0,0.0,0.404,,2138.292449055063,3.6974335787513897,1.0997584763614834,1,0.016,0.161,"{""maxlags"": 24}",2060.0799650765216,3.5323375767158685,1.0535954321617431,0,0.0,0.163,,2188.825395666529,3.8321330421604127,1.1520679163126413,1,0.51,0.776,"{""yearly_seasonality"": false, ""weekly_seasonality"": false, ""daily_seasonality"": true, ""seasonality_mode"": ""multiplicative""}",1496.7409463107915,2.693296741632341,0.7787390530613143,0,0.0,0.639,,2086.664611740012,3.434892704020179,1.0184982990652014,1,0.015,0.709,"{""maxlags"": 24}",2140.346100300588,3.4792884007637483,1.030554183164649,0,0.0,0.709,
97,H98,172800.0,without_retrain,0,,,,,,,,122.44266334545448,3.5928088261731417,0.5111752747646673,1.0,1.982,0.034,"{""order"": [1, 1, 0]}",,,,,,,,,,,,,,,,,,,,,,,,,,,,,,,,,,,,,,,,,,,118.78676599378409,3.444778871114258,0.4896762604410625,0,0.0,3.618,,131.1944910453544,4.1416019102428825,0.5929027720814417,0,0.0,3.15,,,,,,,,,87.16205912999905,2.483556464402781,0.3498690608279249,1.0,0.018,0.039,"{""error"": ""add"", ""trend"": ""add"", ""damped_trend"": true, ""seasonal"": null, ""seasonal_periods"": null}",,,,,,,,,,,,,,,,,,,,,,,,,,,,,,,,,,,,,,,,,,,87.16205912999905,2.483556464402781,0.3498690608279249,0,0.0,0.037,,109.99929797141998,3.1054652365563613,0.4400060517110906,1,0.019,0.398,"{""maxlags"": 25}",102.64559863277162,2.8479660018754624,0.4025787910901572,0,0.0,0.375,,107.83788682717044,3.109447036841964,0.4411906984281294,1,0.017,0.158,"{""maxlags"": 25}",107.5926036218397,2.922442568965191,0.4140666356688902,0,0.0,0.141,,77.33279601323314,2.2344271104467937,0.3106943934318565,1,0.277,0.472,"{""yearly_seasonality"": false, ""weekly_seasonality"": false, ""daily_seasonality"": true, ""seasonality_mode"": ""additive""}",172.60417958326357,6.048496417539638,0.8276300371606652,0,0.0,0.692,,126.91544681098986,3.8155834093289394,0.5440449782133987,1,0.019,0.68,"{""maxlags"": 25}",119.29428982082122,3.3902197288315974,0.4816716642075449,0,0.0,0.716,
98,H99,172800.0,without_retrain,0,,,,,,,,,,,,,,,2655.2882274960502,8.88963575875313,1.6548535822594246,1.0,3.792,0.618,"{""order"": [24, 1, 0]}",,,,,,,,,,,,,,,,,,,,,,,,,,,,,,,,,,,,2943.620090315915,9.813330016140092,1.839792105940472,0,0.0,3.535,,2367.329927582123,7.929765505019527,1.4724530985192377,0,0.0,1.175,,,,,,,,,,,,,,,,2279.7211239544968,7.635407169234821,1.4095923242492574,1.0,0.032,0.351,"{""error"": ""add"", ""trend"": ""add"", ""damped_trend"": true, ""seasonal"": ""mul"", ""seasonal_periods"": 24}",,,,,,,,,,,,,,,,,,,,,,,,,,,,,,,,,,,,32806.6440771832,158.63634950611635,22.62133575256492,0,0.0,0.054,,1636.6636009519073,6.458908959915831,1.0883113627055971,1,0.015,0.409,"{""maxlags"": 24}",1521.039429216475,5.6039650920241,0.9856976485578572,0,0.0,0.387,,5253.741280194586,17.275484072898127,3.121678760962137,1,0.016,0.138,"{""maxlags"": 24}",5263.801966828269,17.50466698418614,3.1556979346613097,0,0.0,0.142,,2667.2330237534597,9.159883765942944,1.6176458412843435,1,0.253,0.526,"{""yearly_seasonality"": false, ""weekly_seasonality"": false, ""daily_seasonality"": true, ""seasonality_mode"": ""multiplicative""}",1735.9313075432228,5.707590631387812,1.013191791287154,0,0.0,0.663,,2777.5493152680247,10.104677111573858,1.6724464276433153,1,0.017,0.666,"{""maxlags"": 24}",2992.273928720902,11.330022880807434,1.8615330554380485,0,0.0,0.622,
99,H100,172800.0,without_retrain,0,,,,,,,,,,,,,,,,,,,,,,138.49263900412856,12.29332586985906,0.6954863263211385,1.0,3.425,0.781,"{""order"": [24, 1, 0]}",,,,,,,,,,,,,,,,,,,,,,,,,,,,,136.60175115841693,11.94204327091253,0.6692430516966547,0,0.0,3.475,,707.2774065097373,45.69089208766652,4.286936885364266,0,0.0,2.322,,,,,,,,,,,,,,,,,,,,,,,195.35715484472084,17.47722140234765,1.1907869664821862,1.0,0.026,0.504,"{""error"": ""add"", ""trend"": ""add"", ""damped_trend"": true, ""seasonal"": ""mul"", ""seasonal_periods"": 24}",,,,,,,,,,,,,,,,,,,,,,,,,,,,,436.22145587131297,42.728255161350326,2.678085409158205,0,0.0,0.041,,118.00802688410218,9.982163557457078,0.5871285331830284,1,0.015,0.38,"{""maxlags"": 24}",165.56007471440074,13.1733150076535,0.8125359307671153,0,0.0,0.367,,102.85141136493549,8.338470715042599,0.5263879200920059,1,0.014,0.162,"{""maxlags"": 24}",91.33921476607016,7.639797331989896,0.451235863920998,0,0.0,0.138,,191.34080119367871,15.093778041614604,1.001441650864049,1,0.579,0.555,"{""yearly_seasonality"": false, ""weekly_seasonality"": false, ""daily_seasonality"": true, ""seasonality_mode"": ""multiplicative""}",220.45227369456796,20.383967279085685,1.217993690325046,0,0.0,0.412,,141.99710576854267,10.895130670530405,0.6398859577095721,1,0.016,0.636,"{""maxlags"": 24}",208.44296365598527,16.115487907619883,1.0240163433713667,0,0.0,0.611,
100,H101,172800.0,without_retrain,0,,,,,,,,,,,,,,,,,,,,,,,,,,,,,125.97857383112536,4.570594158722695,0.5036861697087972,1.0,3.41,0.893,"{""order"": [30, 0, 0]}",,,,,,,,,,,,,,,,,,,,,,136.02400157504013,4.906273693792168,0.5396961289157755,0,0.0,3.902,,170.09469694814638,7.1337345993809045,0.7605019218876862,0,0.0,1.43,,,,,,,,,,,,,,,,,,,,,,,,,,,,,,170.09469694814638,7.1337345993809045,0.7605019218876862,1.0,0.026,0.604,"{""error"": ""add"", ""trend"": ""add"", ""damped_trend"": true, ""seasonal"": ""add"", ""seasonal_periods"": 24}",,,,,,,,,,,,,,,,,,,,,,412.10934553991416,18.6337664629159,1.9046493772852973,0,0.0,0.047,,245.1321821534185,8.564212591763146,0.99057160304016,1,0.015,0.387,"{""maxlags"": 20}",172.48735404632967,5.75195594523382,0.6448161348419239,0,0.0,0.376,,242.7741844115392,8.813698592519806,1.009029202620835,1,0.013,0.14,"{""maxlags"": 20}",259.62763773076875,9.232427304467672,1.0552269966768222,0,0.0,0.138,,137.93029971856117,5.17704835756296,0.5523753214014614,1,0.321,0.731,"{""yearly_seasonality"": false, ""weekly_seasonality"": false, ""daily_seasonality"": true, ""seasonality_mode"": ""additive""}",123.17230701857537,4.556801002198952,0.4852031239039493,0,0.0,0.455,,280.1289152061654,9.659579733945671,1.1265460937037866,1,0.015,0.62,"{""maxlags"": 20}",259.9419576834857,8.965221239244512,1.0425898207889182,0,0.0,0.623,
101,H102,172800.0,without_retrain,0,,,,,,,,,,,,,,,,,,,,,,,,,,,,,,,,,,,,136.2277223656453,5.3705462829353365,0.5223692871313835,1.0,1.64,0.169,"{""order"": [26, 1, 0]}",,,,,,,,,,,,,,,136.28664673753164,5.414403868422684,0.5350837665378839,0,0.0,3.632,,192.91163653651776,7.735261783769284,0.7534195450237339,0,0.0,3.385,,,,,,,,,,,,,,,,,,,,,,,,,,,,,,,,,,,,,315.539398389297,12.396954536596406,1.2032364250389231,1.0,0.024,1.104,"{""error"": ""add"", ""trend"": ""add"", ""damped_trend"": true, ""seasonal"": ""add"", ""seasonal_periods"": 24}",,,,,,,,,,,,,,,524.4329003891066,18.387376397269104,1.8727341733515144,0,0.0,0.055,,227.05789830809724,8.905532253974538,0.8740309010285596,1,0.014,0.39,"{""maxlags"": 24}",267.4961914608797,10.672527320778975,1.0218310959646155,0,0.0,0.399,,172.59167994034766,7.145114800986754,0.6794538911328182,1,0.013,0.148,"{""maxlags"": 24}",276.24618783702465,11.234615968125503,1.081809225169831,0,0.0,0.129,,293.6300674196132,13.050070398061772,1.1820743195603085,1,0.36,0.43,"{""yearly_seasonality"": false, ""weekly_seasonality"": false, ""daily_seasonality"": true, ""seasonality_mode"": ""additive""}",332.1841905195324,15.73870800905867,1.4201913261207864,0,0.0,0.714,,254.38281791927105,10.65701710601612,1.0364910074439642,1,0.014,0.631,"{""maxlags"": 24}",269.8972763095533,10.804592371155527,1.0455098977973327,0,0.0,0.648,
102,H103,172800.0,without_retrain,0,,,,,,,,,,,,,,,,,,,,,,,,,,,,,,,,,,,,,,,,,,,7871.068124191364,5.610599401293617,1.083877483423608,1.0,11.846,4.487,"{""order"": [48, 1, 0]}",,,,,,,,7211.084504128716,5.320270203716089,1.0201189252578935,0,0.0,3.962,,8974.398670910105,6.741177537003369,1.3194578950948048,0,0.0,1.239,,,,,,,,,,,,,,,,,,,,,,,,,,,,,,,,,,,,,,,,,,,,8921.701538263127,6.663911447403436,1.3050103290982569,1.0,0.025,0.378,"{""error"": ""add"", ""trend"": ""add"", ""damped_trend"": true, ""seasonal"": ""mul"", ""seasonal_periods"": 24}",,,,,,,,15654.127613241408,13.30431745021759,2.496912052936193,0,0.0,0.029,,11351.046273106398,9.257543993732035,1.7862463090430414,1,0.014,0.437,"{""maxlags"": 24}",13279.63969363355,9.9951827317929,1.9675583900563447,0,0.0,0.407,,11202.260215712404,9.88997837009713,1.915595586552369,1,0.012,0.155,"{""maxlags"": 24}",17658.623086900294,13.53386633189658,2.6485462493390366,0,0.0,0.151,,22079.12431020173,18.35408641005405,3.8222856402110126,1,0.283,0.62,"{""yearly_seasonality"": false, ""weekly_seasonality"": false, ""daily_seasonality"": true, ""seasonality_mode"": ""multiplicative""}",11965.732049067714,10.7468223291392,2.075211602046992,0,0.0,0.535,,11044.799886338336,9.36666595259592,1.7834003769650622,1,0.014,0.608,"{""maxlags"": 24}",10715.057358992824,8.821621619375223,1.6841515511742948,0,0.0,0.608,
103,H104,172800.0,without_retrain,0,,,,,,,,,,,,,,,,,,,,,,,,,,,,,,,,,,,,,,,,,,,,,,,,,,150.28800919911885,6.306070141059561,0.6829962604457145,1.0,9.113,3.592,"{""order"": [48, 1, 0]}",158.57453877453227,7.442794783929592,0.8005104638708259,0,0.0,3.494,,283.21655081676107,10.657636100871333,1.1732020184450318,0,0.0,2.87,,,,,,,,,,,,,,,,,,,,,,,,,,,,,,,,,,,,,,,,,,,,,,,,,,,283.21655081676107,10.657636100871333,1.1732020184450318,1.0,0.028,0.826,"{""error"": ""add"", ""trend"": ""add"", ""damped_trend"": true, ""seasonal"": ""add"", ""seasonal_periods"": 24}",512.8888506773897,20.70816127194036,2.358756154280841,0,0.0,0.047,,201.50424145278595,8.019465659443554,0.8884301621613887,1,0.014,0.387,"{""maxlags"": 24}",191.43943640541173,7.071019752209891,0.7853609186500045,0,0.0,0.384,,230.3295995373255,9.165291736828658,1.033915582704498,1,0.014,0.239,"{""maxlags"": 24}",183.18035906887795,7.87595813185897,0.8743236016659667,0,0.0,0.139,,125.20308560424978,5.137736891593622,0.5793286877212127,1,0.418,0.444,"{""yearly_seasonality"": false, ""weekly_seasonality"": false, ""daily_seasonality"": true, ""seasonality_mode"": ""additive""}",156.50788230602762,6.922099169831353,0.7353925880329579,0,0.0,0.547,,241.8506352440417,10.890799725824754,1.1871885300259182,1,0.012,0.619,"{""maxlags"": 24}",192.3966910011942,8.671514924162757,0.9267353703053104,0,0.0,0.61,
104,H105,172800.0,without_retrain,0,157.90593834431485,5.272606025848126,0.5519660817723365,1.0,5.107,1.009,"{""order"": [31, 0, 0]}",,,,,,,,,,,,,,,,,,,,,,,,,,,,,,,,,,,,,,,,,,,,,,,,,,163.74401323385948,5.738464482548667,0.6020824492644862,0,0.0,4.128,,198.79297088699232,7.385474836001189,0.7790586629947743,0,0.0,2.181,,199.31165066599837,7.377743514583522,0.7771510955064724,1.0,0.024,0.799,"{""error"": ""add"", ""trend"": ""add"", ""damped_trend"": true, ""seasonal"": ""add"", ""seasonal_periods"": 24}",,,,,,,,,,,,,,,,,,,,,,,,,,,,,,,,,,,,,,,,,,,,,,,,,,328.658378942027,10.882573273427887,1.152650905530325,0,0.0,0.041,,125.96298543775576,4.386376230087032,0.4482385490660842,1,0.021,0.392,"{""maxlags"": 24}",154.3949629535321,5.373327181632749,0.5565473088238154,0,0.0,0.39,,234.563138454155,8.13255532637861,0.8523147019984849,1,0.014,0.168,"{""maxlags"": 24}",235.6938104556352,8.202448341202148,0.8553650991924363,0,0.0,0.128,,231.67068715523396,8.479319613946574,0.8433711147370376,1,0.347,0.511,"{""yearly_seasonality"": false, ""weekly_seasonality"": false, ""daily_seasonality"": true, ""seasonality_mode"": ""additive""}",258.77506076743566,10.111202443360272,1.0062149226481454,0,0.0,0.524,,163.88920200927228,5.332177374331394,0.5503987435966028,1,0.017,0.665,"{""maxlags"": 24}",202.45167746379008,6.948077460244278,0.7119732336581238,0,0.0,0.621,
105,H106,172800.0,without_retrain,0,,,,,,,,232.3377242031751,5.3216021929574735,1.063260923269315,1.0,3.917,0.67,"{""order"": [27, 1, 0]}",,,,,,,,,,,,,,,,,,,,,,,,,,,,,,,,,,,,,,,,,,,245.41161722636875,5.510247482099042,1.1090006019039846,0,0.0,3.606,,296.78516704299034,6.894626301975721,1.3856590710100911,0,0.0,2.466,,,,,,,,,478.8966947076456,10.839687970397565,2.3379857413860043,1.0,0.029,0.371,"{""error"": ""add"", ""trend"": ""add"", ""damped_trend"": true, ""seasonal"": ""mul"", ""seasonal_periods"": 24}",,,,,,,,,,,,,,,,,,,,,,,,,,,,,,,,,,,,,,,,,,,3527.767251503982,141.89130119224794,18.57883377934101,0,0.0,0.049,,177.5081781207988,4.276672343503653,0.8040776139343903,1,0.021,0.369,"{""maxlags"": 24}",167.911501385272,4.202254918797997,0.7924227746560311,0,0.0,0.38,,224.5627922015158,5.6216170807316805,1.0671505915841537,1,0.019,0.172,"{""maxlags"": 24}",210.94945616395327,4.582615717871319,0.909623303837177,0,0.0,0.138,,221.45482245416983,4.611681308677383,0.9143710494109544,1,0.625,0.536,"{""yearly_seasonality"": false, ""weekly_seasonality"": false, ""daily_seasonality"": true, ""seasonality_mode"": ""multiplicative""}",150.92656545135367,4.009273462923287,0.7252612540743099,0,0.0,0.642,,159.39306913008684,4.093640333706421,0.7695769567537522,1,0.021,0.608,"{""maxlags"": 24}",177.6977491503956,4.236954788093194,0.800877064074259,0,0.0,0.614,
106,H107,172800.0,without_retrain,0,,,,,,,,,,,,,,,150.93952296881585,2.5856774766835886,0.6446759946851012,1.0,10.511,3.978,"{""order"": [48, 1, 0]}",,,,,,,,,,,,,,,,,,,,,,,,,,,,,,,,,,,,184.22218007526,3.4166809902149176,0.8408500670163809,0,0.0,3.651,,207.094129907566,4.527335052264578,1.056754092012271,0,0.0,1.822,,,,,,,,,,,,,,,,205.30159548883088,4.284872766136952,1.011437073481574,1.0,0.027,0.529,"{""error"": ""add"", ""trend"": ""add"", ""damped_trend"": true, ""seasonal"": ""mul"", ""seasonal_periods"": 24}",,,,,,,,,,,,,,,,,,,,,,,,,,,,,,,,,,,,1756.6141131705,50.21582869331479,9.221775798306544,0,0.0,0.038,,138.63489431118208,2.7561212206417225,0.6496534971774642,1,0.017,0.422,"{""maxlags"": 24}",134.19941987297614,2.6887092769269487,0.6201231681114602,0,0.0,0.376,,132.91708978056784,2.619538584214007,0.609959436849533,1,0.015,0.164,"{""maxlags"": 24}",260.5098353568852,5.059340888384924,1.1757209903139,0,0.0,0.154,,183.84207848581167,3.0755209512806108,0.7690195917312385,1,0.253,0.876,"{""yearly_seasonality"": false, ""weekly_seasonality"": false, ""daily_seasonality"": true, ""seasonality_mode"": ""multiplicative""}",137.6269620079749,3.345783040849993,0.7292793598672888,0,0.0,0.661,,144.81010125568952,2.7826608417778864,0.6500730472448247,1,0.017,0.643,"{""maxlags"": 24}",148.8921068094074,2.842807612648148,0.6482189653175109,0,0.0,0.606,
107,H108,172800.0,without_retrain,0,,,,,,,,,,,,,,,,,,,,,,100.98739558325737,18.46035852940039,1.0011968724975102,1.0,2.708,0.137,"{""order"": [25, 1, 0]}",,,,,,,,,,,,,,,,,,,,,,,,,,,,,96.658603896258,17.449748764849975,0.951457997541402,0,0.0,3.691,,207.27515775809147,31.611903163658138,2.081936770536668,0,0.0,4.026,,,,,,,,,,,,,,,,,,,,,,,99.48580966036148,18.45452458776637,0.9921516158593372,1.0,0.024,0.392,"{""error"": ""add"", ""trend"": ""add"", ""damped_trend"": true, ""seasonal"": ""mul"", ""seasonal_periods"": 24}",,,,,,,,,,,,,,,,,,,,,,,,,,,,,339.18846097709195,105.32939220407468,3.712503944201972,0,0.0,0.034,,102.812925002729,17.312632912327036,0.9979888085869204,1,0.012,0.42,"{""maxlags"": 24}",95.8747736661912,15.26275009712442,0.8886025757287994,0,0.0,0.428,,123.60103492258396,21.646260742635253,1.210750581938515,1,0.013,0.148,"{""maxlags"": 24}",89.71507923552174,15.694951588203454,0.9025581536776552,0,0.0,0.128,,102.3137531936718,20.17681484275441,1.073501428187624,1,0.376,0.672,"{""yearly_seasonality"": false, ""weekly_seasonality"": false, ""daily_seasonality"": true, ""seasonality_mode"": ""multiplicative""}",110.43768009145906,24.464132140142837,1.189757381311763,0,0.0,0.497,,111.3725357067976,17.86997880558332,1.0384838443152655,1,0.013,0.674,"{""maxlags"": 24}",96.85076291997288,16.79363335612945,0.968221078266652,0,0.0,0.599,
108,H109,172800.0,without_retrain,0,,,,,,,,,,,,,,,,,,,,,,,,,,,,,1629.685943009965,3.415358535121135,0.8272067298958349,1.0,11.369,4.258,"{""order"": [48, 1, 0]}",,,,,,,,,,,,,,,,,,,,,,1871.0084658830308,4.037091058174618,0.967457738507499,0,0.0,3.705,,1535.43693575846,2.67449032615904,0.6793171387131679,0,0.0,0.934,,,,,,,,,,,,,,,,,,,,,,,,,,,,,,1526.1948735845815,2.6469157883219783,0.6728623784758229,1.0,0.031,0.293,"{""error"": ""add"", ""trend"": ""add"", ""damped_trend"": true, ""seasonal"": ""mul"", ""seasonal_periods"": 24}",,,,,,,,,,,,,,,,,,,,,,7011.882751111816,16.717112326610145,3.962615593903153,0,0.0,0.028,,1186.0405628441815,2.236722809985068,0.5712154147089326,1,0.02,0.405,"{""maxlags"": 24}",1178.9909565118055,2.202898016381402,0.5625471520673891,0,0.0,0.421,,2189.2840600721934,4.302572302714228,1.048643507214042,1,0.017,0.163,"{""maxlags"": 24}",1171.528168845654,2.372322550669303,0.5860033057493353,0,0.0,0.197,,1879.861406664096,3.1225094806471527,0.8004927975229976,1,0.201,0.574,"{""yearly_seasonality"": false, ""weekly_seasonality"": false, ""daily_seasonality"": true, ""seasonality_mode"": ""multiplicative""}",1080.1064617154748,2.3357036215589395,0.573036160600953,0,0.0,0.556,,1408.7907675379731,2.890821972504705,0.7075077415836161,1,0.016,0.64,"{""maxlags"": 24}",1106.9018270683111,2.092598059721636,0.5315925489303789,0,0.0,0.609,
109,H110,172800.0,without_retrain,0,,,,,,,,,,,,,,,,,,,,,,,,,,,,,,,,,,,,1637.9266693191576,3.656646688562013,0.8930662282937116,1.0,11.537,3.81,"{""order"": [48, 1, 0]}",,,,,,,,,,,,,,,2010.2156226438965,4.612384586968005,1.1144798914054097,0,0.0,3.966,,1516.5188798272995,2.8193675417742377,0.7219513216228934,0,0.0,0.984,,,,,,,,,,,,,,,,,,,,,,,,,,,,,,,,,,,,,21749.73290321432,67.93290021946113,12.362391244700992,1.0,0.026,0.122,"{""error"": ""add"", ""trend"": ""add"", ""damped_trend"": true, ""seasonal"": ""add"", ""seasonal_periods"": 24}",,,,,,,,,,,,,,,9363.295450074596,21.74042208150061,5.093550008800304,0,0.0,0.044,,1162.9368623028429,2.3482942022911923,0.6048168366851737,1,0.016,0.428,"{""maxlags"": 24}",1129.8922515937256,2.2448779187719783,0.5790179897453532,0,0.0,0.445,,1163.9497363121816,2.5376590088883475,0.6380770294162158,1,0.016,0.157,"{""maxlags"": 24}",1311.281037616552,2.4803534782009624,0.6416242248253857,0,0.0,0.127,,1499.774590642569,3.106042503626864,0.7809255517845228,1,0.299,0.814,"{""yearly_seasonality"": false, ""weekly_seasonality"": false, ""daily_seasonality"": true, ""seasonality_mode"": ""additive""}",989.2064351361092,2.152236812898315,0.5426155687446119,0,0.0,0.571,,1249.260556862274,2.4098914769099085,0.6196014301328914,1,0.014,0.578,"{""maxlags"": 24}",1287.6428831616336,2.451607129216209,0.6319073732996087,0,0.0,0.586,
110,H111,172800.0,without_retrain,0,,,,,,,,,,,,,,,,,,,,,,,,,,,,,,,,,,,,,,,,,,,112.84230277740188,8.052717045856056,0.8628967163081365,1.0,0.532,0.148,"{""order"": [24, 1, 0]}",,,,,,,,118.34652392620876,8.491657530881229,0.908233367775182,0,0.0,3.82,,79.08359165945363,4.9474059753922015,0.5489275081319424,0,0.0,1.596,,,,,,,,,,,,,,,,,,,,,,,,,,,,,,,,,,,,,,,,,,,,2954.163870174126,185.63971027092447,24.261348906211868,1.0,0.028,0.37,"{""error"": ""add"", ""trend"": ""add"", ""damped_trend"": true, ""seasonal"": ""add"", ""seasonal_periods"": 24}",,,,,,,,923.9409683971904,96.9149357255914,7.673422542008449,0,0.0,0.049,,127.4537609096722,9.219272472654078,0.9922777457915218,1,0.017,0.404,"{""maxlags"": 24}",178.12591756296445,12.505950308351297,1.405771186235616,0,0.0,0.415,,109.34031794768126,7.667101276539476,0.7957872695682976,1,0.016,0.154,"{""maxlags"": 24}",145.0031577902211,10.557249842113432,1.0812780222236276,0,0.0,0.126,,88.86648389643864,5.901839834056704,0.6817888924566543,1,0.652,0.491,"{""yearly_seasonality"": false, ""weekly_seasonality"": false, ""daily_seasonality"": true, ""seasonality_mode"": ""additive""}",152.79422071384425,10.7704868865897,1.1972305782434078,0,0.0,0.516,,129.76881843576146,9.53023278241855,0.9747863244805391,1,0.016,0.667,"{""maxlags"": 24}",202.2310989112885,14.01035720558936,1.5613118230585492,0,0.0,0.636,
111,H112,172800.0,without_retrain,0,,,,,,,,,,,,,,,,,,,,,,,,,,,,,,,,,,,,,,,,,,,,,,,,,,635.3761805498183,9.963240958505857,1.3736742610464887,1.0,6.334,0.777,"{""order"": [26, 0, 0]}",625.1731038401782,9.722115081681808,1.343175536724785,0,0.0,3.675,,573.3101733762348,8.671044409392747,1.1898055314977751,0,0.0,1.223,,,,,,,,,,,,,,,,,,,,,,,,,,,,,,,,,,,,,,,,,,,,,,,,,,,1183.2950024116542,19.06496483059584,2.442086715177493,1.0,0.029,0.398,"{""error"": ""add"", ""trend"": ""add"", ""damped_trend"": true, ""seasonal"": ""add"", ""seasonal_periods"": 24}",1321.8149100680896,22.613159298206288,2.995640368931909,0,0.0,0.04,,616.5915560073892,9.62819605565385,1.3117245481305555,1,0.017,0.425,"{""maxlags"": 24}",607.9186530708851,9.627329235535912,1.329489302395334,0,0.0,0.374,,520.2692460513126,8.263945229953643,1.1324069726331842,1,0.015,0.151,"{""maxlags"": 24}",534.4013020893234,8.5021503694836,1.1628135855510064,0,0.0,0.142,,566.6142222225897,9.323670671886106,1.2413410742950408,1,0.353,0.876,"{""yearly_seasonality"": false, ""weekly_seasonality"": true, ""daily_seasonality"": true, ""seasonality_mode"": ""additive""}",566.6142222225897,9.323670671886106,1.2413410742950408,0,0.0,0.451,,626.088229142998,10.176395978822546,1.3839874582846532,1,0.013,0.698,"{""maxlags"": 24}",558.1854852815081,7.748560818899134,1.0878647890508242,0,0.0,0.62,
112,H113,172800.0,without_retrain,0,1276.3985380504214,4.937775128105172,1.3855589502609478,1.0,6.81,0.763,"{""order"": [24, 1, 0]}",,,,,,,,,,,,,,,,,,,,,,,,,,,,,,,,,,,,,,,,,,,,,,,,,,1242.4783271788815,4.7836157075036105,1.3470633071213145,0,0.0,3.846,,1175.3144527460547,4.6285711081594405,1.2904685983768565,0,0.0,1.122,,1160.8758834603168,4.5518827678837015,1.2699342910290226,1.0,0.032,0.34,"{""error"": ""add"", ""trend"": ""add"", ""damped_trend"": true, ""seasonal"": ""mul"", ""seasonal_periods"": 24}",,,,,,,,,,,,,,,,,,,,,,,,,,,,,,,,,,,,,,,,,,,,,,,,,,3259.2148183720587,13.270974678290877,3.5956636432463243,0,0.0,0.048,,1213.4672294906272,4.787102403685921,1.316777996234726,1,0.017,0.416,"{""maxlags"": 24}",1488.2578275389556,6.1430224195505225,1.6413738670293725,0,0.0,0.407,,1730.288541498301,6.820770738275596,1.855583084389535,1,0.016,0.151,"{""maxlags"": 24}",1345.0937469741368,4.78230213911728,1.3192021154873668,0,0.0,0.159,,1118.7086411454827,4.502143126615842,1.2291624421506833,1,0.451,0.574,"{""yearly_seasonality"": false, ""weekly_seasonality"": true, ""daily_seasonality"": true, ""seasonality_mode"": ""multiplicative""}",1117.643571162113,4.516329537867791,1.239513641833331,0,0.0,0.447,,1288.98978722338,4.778352763011605,1.3294018467366684,1,0.017,0.676,"{""maxlags"": 24}",1268.2442080164108,4.9454963650973305,1.3610787595007896,0,0.0,0.616,
113,H114,172800.0,without_retrain,0,,,,,,,,2247.0948989656013,5.336690487168241,1.0459076136775007,1.0,10.722,3.808,"{""order"": [48, 1, 0]}",,,,,,,,,,,,,,,,,,,,,,,,,,,,,,,,,,,,,,,,,,,1495.5447799819524,4.005107392509422,0.7548898783360225,0,0.0,3.883,,1367.4910167742394,3.083062453196059,0.6099635825339454,0,0.0,1.313,,,,,,,,,1447.1136212247618,3.3285319248887206,0.6596377178172054,1.0,0.03,0.327,"{""error"": ""add"", ""trend"": ""add"", ""damped_trend"": true, ""seasonal"": ""mul"", ""seasonal_periods"": 24}",,,,,,,,,,,,,,,,,,,,,,,,,,,,,,,,,,,,,,,,,,,5133.6245322363175,13.99545071230151,2.566778758827013,0,0.0,0.031,,1718.073536377968,4.550975646435624,0.870813841067407,1,0.015,0.438,"{""maxlags"": 24}",1846.2361982167608,4.77763940666221,0.9204812185592396,0,0.0,0.385,,1438.9003545535738,3.649375747817377,0.6791300436143972,1,0.018,0.175,"{""maxlags"": 24}",1823.648723400927,4.856338686278899,0.91502623871676,0,0.0,0.162,,3397.4809008490724,9.133092619288638,1.7906049251696838,1,0.415,0.727,"{""yearly_seasonality"": false, ""weekly_seasonality"": false, ""daily_seasonality"": true, ""seasonality_mode"": ""multiplicative""}",3807.887894353504,10.613036044086684,2.0417990266503687,0,0.0,0.561,,1832.2228192689213,4.941440063524645,0.9371389007504142,1,0.015,0.648,"{""maxlags"": 24}",1908.656555078756,5.075799440147933,0.9669894913475832,0,0.0,0.611,
114,H115,172800.0,without_retrain,0,,,,,,,,,,,,,,,52.551504495235335,11.827148826058158,1.3396144102800367,1.0,3.3,0.558,"{""order"": [24, 1, 0]}",,,,,,,,,,,,,,,,,,,,,,,,,,,,,,,,,,,,51.287396218084936,11.452805963524208,1.2984804909618397,0,0.0,3.353,,43.16081188525757,8.598785092613687,0.988701936321211,0,0.0,3.784,,,,,,,,,,,,,,,,43.85000680508136,7.514928143131558,0.9135497679272184,1.0,0.032,0.656,"{""error"": ""add"", ""trend"": ""add"", ""damped_trend"": true, ""seasonal"": ""mul"", ""seasonal_periods"": 24}",,,,,,,,,,,,,,,,,,,,,,,,,,,,,,,,,,,,156.988045339628,31.122045048634494,4.016376653572434,0,0.0,0.049,,54.10784551849283,11.690199512565188,1.3325728826564516,1,0.014,0.369,"{""maxlags"": 24}",36.76303124830592,7.50839866898023,0.8730419030661677,0,0.0,0.399,,62.66891098182632,13.088322594016654,1.495850465800786,1,0.017,0.169,"{""maxlags"": 24}",27.313601823835107,4.807624698419273,0.5775873713547148,0,0.0,0.143,,29.52327710264107,6.206128800274377,0.7039582181722707,1,0.233,0.61,"{""yearly_seasonality"": false, ""weekly_seasonality"": false, ""daily_seasonality"": true, ""seasonality_mode"": ""multiplicative""}",44.99451124350589,10.815558109214717,1.1784890781123474,0,0.0,0.459,,52.055851824178326,11.00463312748139,1.2667388986732784,1,0.017,0.636,"{""maxlags"": 24}",67.25553564903828,13.693290742101777,1.565248707020512,0,0.0,0.623,
115,H116,172800.0,without_retrain,0,,,,,,,,,,,,,,,,,,,,,,177.36700198104398,5.2871523700186165,0.799817027237898,1.0,6.44,0.661,"{""order"": [24, 1, 0]}",,,,,,,,,,,,,,,,,,,,,,,,,,,,,165.39842200649264,4.885563592028455,0.7424533284434705,0,0.0,3.682,,297.73432514966026,9.413598152361905,1.4344892893597505,0,0.0,2.136,,,,,,,,,,,,,,,,,,,,,,,234.92915959386693,7.348613786239306,1.116841687486969,1.0,0.027,0.474,"{""error"": ""add"", ""trend"": ""add"", ""damped_trend"": true, ""seasonal"": ""mul"", ""seasonal_periods"": 24}",,,,,,,,,,,,,,,,,,,,,,,,,,,,,1128.6309140931712,40.132469713350325,5.285755086094971,0,0.0,0.071,,227.32942150363948,5.443631796462376,0.8794271303142839,1,0.017,0.426,"{""maxlags"": 24}",163.82862777395633,4.476999414614897,0.6908139162570167,0,0.0,0.433,,181.28995505701408,4.909497112580727,0.7741346549738397,1,0.016,0.159,"{""maxlags"": 24}",271.78885107204536,6.74146426380208,1.0892151439511075,0,0.0,0.144,,202.93377919094883,6.407255221941178,0.9374730332676572,1,0.233,0.633,"{""yearly_seasonality"": false, ""weekly_seasonality"": false, ""daily_seasonality"": true, ""seasonality_mode"": ""multiplicative""}",210.52437006332175,6.696081581425443,0.94201198803412,0,0.0,0.436,,180.65035498556807,4.758348977555658,0.744455189270545,1,0.017,0.617,"{""maxlags"": 24}",188.50118648231407,5.003129377134456,0.7831243115798019,0,0.0,0.612,
116,H117,172800.0,without_retrain,0,,,,,,,,,,,,,,,,,,,,,,,,,,,,,95.47351407570712,4.460623324342734,0.5875371799093219,1.0,7.935,0.85,"{""order"": [48, 1, 0]}",,,,,,,,,,,,,,,,,,,,,,92.91121325020158,4.277210986798061,0.5792255064864515,0,0.0,3.785,,84.02346930706548,3.673936875147106,0.5000649701688968,0,0.0,2.037,,,,,,,,,,,,,,,,,,,,,,,,,,,,,,305.88334691951104,17.490474893158307,2.190301427562158,1.0,0.026,0.749,"{""error"": ""add"", ""trend"": ""add"", ""damped_trend"": true, ""seasonal"": ""add"", ""seasonal_periods"": 24}",,,,,,,,,,,,,,,,,,,,,,230.95098687415333,11.36546249936397,1.5046492323838006,0,0.0,0.04,,165.55068084688793,9.324691258633694,1.1982961402846717,1,0.015,0.404,"{""maxlags"": 24}",179.07891166135258,9.824445535684111,1.2574027528036744,0,0.0,0.445,,157.09888700542777,8.932679353673608,1.1613428231340708,1,0.015,0.144,"{""maxlags"": 24}",196.81028514003225,10.10781167467506,1.3187674764769468,0,0.0,0.142,,104.39030980843523,4.7998951091848,0.6374124957994046,1,0.407,0.616,"{""yearly_seasonality"": false, ""weekly_seasonality"": false, ""daily_seasonality"": true, ""seasonality_mode"": ""additive""}",116.60685816137698,5.862113412501135,0.7725827811851987,0,0.0,0.578,,208.4613557141739,10.9537348901347,1.4033896677268392,1,0.012,0.666,"{""maxlags"": 24}",185.09489121843183,9.60928270726962,1.246961507706022,0,0.0,0.613,
117,H118,172800.0,without_retrain,0,,,,,,,,,,,,,,,,,,,,,,,,,,,,,,,,,,,,39.19768620679204,9.942481616880697,1.0113307884931435,1.0,6.478,0.923,"{""order"": [28, 1, 0]}",,,,,,,,,,,,,,,35.45894172244339,8.712361831260905,0.8903797494631233,0,0.0,3.517,,28.05891345574339,7.0379143955828125,0.7221397517937417,0,0.0,4.766,,,,,,,,,,,,,,,,,,,,,,,,,,,,,,,,,,,,,19.576144081121527,5.265878750322089,0.5059334110039623,1.0,0.031,0.585,"{""error"": ""add"", ""trend"": ""add"", ""damped_trend"": true, ""seasonal"": ""mul"", ""seasonal_periods"": 24}",,,,,,,,,,,,,,,94.8470002792057,24.724399880632102,2.496546732987233,0,0.0,0.053,,18.027194728644663,5.169324848996742,0.4825415786351312,1,0.022,0.383,"{""maxlags"": 24}",22.35919518711652,6.142399822887171,0.5909658195155281,0,0.0,0.437,,19.85816183294568,5.740820268780748,0.5421655547588698,1,0.021,0.149,"{""maxlags"": 24}",22.68678399229861,5.599914431132802,0.5653372599399971,0,0.0,0.141,,26.41243681308094,7.562970566671614,0.7113753073542443,1,0.285,0.589,"{""yearly_seasonality"": false, ""weekly_seasonality"": true, ""daily_seasonality"": true, ""seasonality_mode"": ""multiplicative""}",27.043370253659795,7.856954000741763,0.7024020197697566,0,0.0,0.447,,17.96771391711418,4.960295334647992,0.4687164056610731,1,0.018,0.671,"{""maxlags"": 24}",18.57772628803588,5.066690297602876,0.4841491229554122,0,0.0,0.628,
118,H119,172800.0,without_retrain,0,,,,,,,,,,,,,,,,,,,,,,,,,,,,,,,,,,,,,,,,,,,43.068865801500216,18.182299719818445,0.9132200706245645,1.0,4.704,0.148,"{""order"": [24, 1, 0]}",,,,,,,,46.42994189978762,19.806247424536533,0.985911532250386,0,0.0,3.544,,310.206694612534,54.67810533164603,6.091998987832092,0,0.0,4.883,,,,,,,,,,,,,,,,,,,,,,,,,,,,,,,,,,,,,,,,,,,,43.6528022956851,15.435503029710484,0.8818662004079926,1.0,0.041,0.461,"{""error"": ""add"", ""trend"": ""add"", ""damped_trend"": true, ""seasonal"": ""mul"", ""seasonal_periods"": 24}",,,,,,,,195.9874904103132,59.10408974099062,4.248895396467231,0,0.0,0.035,,64.41489118054675,21.22175782906763,1.1979390803460337,1,0.028,0.422,"{""maxlags"": 24}",77.225766397486,26.246426988943217,1.57072427424414,0,0.0,0.421,,67.16852882500169,24.122242655070647,1.333661450680604,1,0.027,0.154,"{""maxlags"": 24}",96.12231599104528,33.28795445309776,1.90568131456662,0,0.0,0.139,,78.6868383581785,24.31017836732936,1.5928679152855656,1,0.421,0.622,"{""yearly_seasonality"": false, ""weekly_seasonality"": false, ""daily_seasonality"": true, ""seasonality_mode"": ""multiplicative""}",93.29415066828244,29.392963747587743,1.941296977543015,0,0.0,0.427,,79.69941665223645,26.717192614929616,1.6031151241745274,1,0.031,0.641,"{""maxlags"": 24}",121.28700453000332,41.18416781316253,2.5500278485745045,0,0.0,0.625,
119,H120,172800.0,without_retrain,0,,,,,,,,,,,,,,,,,,,,,,,,,,,,,,,,,,,,,,,,,,,,,,,,,,1565.6511315916418,5.768195239715243,1.1427918152901086,1.0,4.124,0.79,"{""order"": [26, 1, 0]}",1703.4141392697477,6.23415192440513,1.2438048330036364,0,0.0,3.606,,1510.689428047918,5.53025237233134,1.092817333255736,0,0.0,1.193,,,,,,,,,,,,,,,,,,,,,,,,,,,,,,,,,,,,,,,,,,,,,,,,,,,1505.0603955713725,5.526267361220779,1.0918954374432144,1.0,0.023,0.355,"{""error"": ""add"", ""trend"": ""add"", ""damped_trend"": true, ""seasonal"": ""mul"", ""seasonal_periods"": 24}",4089.4117747395776,16.84392493896182,3.4072495290310605,0,0.0,0.034,,1417.0017758448903,5.60071817357206,1.113988270698547,1,0.014,0.444,"{""maxlags"": 24}",1374.4669134344797,5.17247101633853,1.0224178775435653,0,0.0,0.463,,1607.3476221594717,6.209459325495337,1.2537878222038106,1,0.014,0.195,"{""maxlags"": 24}",1254.5721601948624,4.968503320988726,0.9719371337799636,0,0.0,0.164,,2068.291402042837,7.794698237292896,1.643414415543755,1,0.241,0.93,"{""yearly_seasonality"": false, ""weekly_seasonality"": false, ""daily_seasonality"": true, ""seasonality_mode"": ""multiplicative""}",1680.031166348446,6.339075085956996,1.2713507749708672,0,0.0,0.49,,1285.0491495288495,4.792958255614387,0.9414723743625594,1,0.013,0.577,"{""maxlags"": 24}",1249.463057216192,4.942212914114182,0.9605214172668116,0,0.0,0.623,
120,H121,172800.0,without_retrain,0,23098.279903803355,3.276442961908276,1.019680642666681,1.0,5.387,2.226,"{""order"": [36, 1, 0]}",,,,,,,,,,,,,,,,,,,,,,,,,,,,,,,,,,,,,,,,,,,,,,,,,,33527.56993295212,5.079663803390738,1.5700258690604667,0,0.0,6.252,,22006.123196328823,2.930762197574128,0.922859751648418,0,0.0,1.086,,21620.34522781758,2.855731816491923,0.8994473662145833,1.0,0.028,0.338,"{""error"": ""add"", ""trend"": ""add"", ""damped_trend"": true, ""seasonal"": ""mul"", ""seasonal_periods"": 24}",,,,,,,,,,,,,,,,,,,,,,,,,,,,,,,,,,,,,,,,,,,,,,,,,,482910.7969772909,125.30654405903896,22.57811212352693,0,0.0,0.049,,30822.98563717778,4.36562114203604,1.293568450129701,1,0.015,0.435,"{""maxlags"": 24}",23329.33147910319,2.7577162148274943,0.8416642067699999,0,0.0,0.474,,27011.828772215245,3.183460373269761,0.9663451754547578,1,0.015,0.176,"{""maxlags"": 24}",24965.312225751917,3.051686205142172,0.9179648527880664,0,0.0,0.133,,27395.8091590308,4.210672134801368,1.272523486781222,1,0.33,0.597,"{""yearly_seasonality"": false, ""weekly_seasonality"": true, ""daily_seasonality"": true, ""seasonality_mode"": ""multiplicative""}",18487.816975543952,2.900289517344314,0.8242302256370208,0,0.0,0.538,,20343.72128139065,3.0907992759655003,0.8906520938709862,1,0.012,0.614,"{""maxlags"": 24}",40546.42055208699,6.374711328198193,1.864962117195076,0,0.0,0.6,
121,H122,172800.0,without_retrain,0,,,,,,,,467.1485251446104,7.195458233516168,1.5929797825478882,1.0,8.141,1.226,"{""order"": [35, 1, 0]}",,,,,,,,,,,,,,,,,,,,,,,,,,,,,,,,,,,,,,,,,,,496.6829240379491,7.692325749959646,1.706739851975413,0,0.0,4.026,,520.3299434689342,8.5471693269988,1.855754033635672,0,0.0,3.075,,,,,,,,,449.5594957255399,6.208140505247386,1.3665462469226777,1.0,0.025,0.649,"{""error"": ""add"", ""trend"": ""add"", ""damped_trend"": true, ""seasonal"": ""add"", ""seasonal_periods"": 24}",,,,,,,,,,,,,,,,,,,,,,,,,,,,,,,,,,,,,,,,,,,700.644741958854,9.648627030591632,2.163576012082425,0,0.0,0.06,,418.9655081651393,6.03691308105121,1.3360012936363892,1,0.014,0.39,"{""maxlags"": 24}",420.13132402821344,6.222173815442278,1.3765361984830886,0,0.0,0.502,,454.7585413559785,6.916254509375324,1.5291714715394242,1,0.015,0.163,"{""maxlags"": 24}",379.9339346178333,5.003502754810353,1.0920753184182332,0,0.0,0.137,,442.23229669904646,7.275337648552444,1.5889581338020564,1,0.191,1.164,"{""yearly_seasonality"": false, ""weekly_seasonality"": false, ""daily_seasonality"": true, ""seasonality_mode"": ""additive""}",557.8284656970472,9.958309738928312,2.1693712620031813,0,0.0,0.469,,442.8968238602059,5.861273972443075,1.3046653418784742,1,0.014,0.634,"{""maxlags"": 24}",437.64887820707145,6.466040440005378,1.433295728574823,0,0.0,0.64,
122,H123,172800.0,without_retrain,0,,,,,,,,,,,,,,,152.29294533486637,10.79986194529316,0.7442672597920779,1.0,2.918,0.723,"{""order"": [26, 1, 0]}",,,,,,,,,,,,,,,,,,,,,,,,,,,,,,,,,,,,149.30203821262856,10.300322029949225,0.7191107060864171,0,0.0,3.455,,158.86679507026224,10.327957381234734,0.7729819763174252,0,0.0,1.429,,,,,,,,,,,,,,,,126.09139244856723,8.230243393364107,0.6032605880395971,1.0,0.027,0.238,"{""error"": ""add"", ""trend"": ""add"", ""damped_trend"": true, ""seasonal"": ""mul"", ""seasonal_periods"": 24}",,,,,,,,,,,,,,,,,,,,,,,,,,,,,,,,,,,,497.1622134147692,34.22377693182929,2.5681634396627584,0,0.0,0.07,,177.37270071513225,10.074114284901976,0.7743607452031919,1,0.014,0.448,"{""maxlags"": 24}",174.98691336884292,9.660733473631211,0.7466089560225789,0,0.0,0.449,,194.28229072585813,11.880235321953103,0.8753208393967711,1,0.015,0.175,"{""maxlags"": 24}",248.30116683898152,16.23585618497016,1.1711462817109095,0,0.0,0.128,,197.49988936769168,13.029678670935668,0.9270614391148498,1,0.318,0.521,"{""yearly_seasonality"": false, ""weekly_seasonality"": false, ""daily_seasonality"": true, ""seasonality_mode"": ""multiplicative""}",186.71091067244444,11.963671710950734,0.8692297840767647,0,0.0,0.404,,155.49466871676842,9.881325394763424,0.7261001431700427,1,0.015,0.639,"{""maxlags"": 24}",200.823806335426,11.151840934599056,0.8656635049017445,0,0.0,0.614,
123,H124,172800.0,without_retrain,0,,,,,,,,,,,,,,,,,,,,,,323.696885020333,62.27507612659138,0.8093622504100292,1.0,5.228,0.915,"{""order"": [28, 0, 0]}",,,,,,,,,,,,,,,,,,,,,,,,,,,,,328.27466719756063,58.8244106337098,0.8298987807836067,0,0.0,3.591,,1312.600120710391,145.1727531225395,3.558986255991899,0,0.0,2.055,,,,,,,,,,,,,,,,,,,,,,,884.6738026529544,81.34072917845776,2.3745782515684635,1.0,0.026,0.607,"{""error"": ""add"", ""trend"": null, ""damped_trend"": false, ""seasonal"": ""mul"", ""seasonal_periods"": 24}",,,,,,,,,,,,,,,,,,,,,,,,,,,,,1572.115550233069,199.99999999088843,4.4513806658753445,0,0.0,0.043,,414.7382469039433,37.08097245888474,1.0502157838146375,1,0.018,0.424,"{""maxlags"": 24}",346.2562618378787,29.995490370448508,0.8824897352891455,0,0.0,0.412,,416.0246842145149,41.996490405852775,1.1315304220860425,1,0.017,0.155,"{""maxlags"": 24}",457.4308813899985,46.04841460486793,1.254346508863385,0,0.0,0.146,,412.5329129140037,67.71128322100054,1.159008657242577,1,0.375,0.636,"{""yearly_seasonality"": false, ""weekly_seasonality"": true, ""daily_seasonality"": true, ""seasonality_mode"": ""multiplicative""}",387.37628218411,61.74541980042103,1.1235840226746523,0,0.0,0.648,,397.0878298082256,34.20239588729228,0.99645289216101,1,0.015,0.638,"{""maxlags"": 24}",295.9418841713648,26.038541274097465,0.7633515409706906,0,0.0,0.631,
124,H125,172800.0,without_retrain,0,,,,,,,,,,,,,,,,,,,,,,,,,,,,,386.12605777507486,59.05303742170819,1.1531317400026,1.0,5.109,0.754,"{""order"": [28, 0, 0]}",,,,,,,,,,,,,,,,,,,,,,383.3934590220622,48.99697708712123,1.1236329876038893,0,0.0,3.358,,1076.5177918512593,91.24507593391138,3.527498361457372,0,0.0,3.343,,,,,,,,,,,,,,,,,,,,,,,,,,,,,,1507.828056193574,132.42537947559404,4.920443773405615,1.0,0.026,1.138,"{""error"": ""add"", ""trend"": ""add"", ""damped_trend"": true, ""seasonal"": ""mul"", ""seasonal_periods"": 24}",,,,,,,,,,,,,,,,,,,,,,1697.7209156964636,199.9999999952809,6.2385420471972255,0,0.0,0.044,,345.07206233655074,29.00194719715156,1.0456292745226925,1,0.013,0.398,"{""maxlags"": 24}",354.935451649478,25.31500413842185,1.020728654017532,0,0.0,0.426,,454.8425360753723,40.74710454764946,1.3684686817238685,1,0.014,0.144,"{""maxlags"": 24}",478.93748146863567,35.588908611488385,1.373468630273483,0,0.0,0.146,,432.56398400540405,53.82378858757344,1.2688401549902213,1,0.327,0.751,"{""yearly_seasonality"": false, ""weekly_seasonality"": true, ""daily_seasonality"": true, ""seasonality_mode"": ""multiplicative""}",468.1213145663008,44.47470607878057,1.3484487246710175,0,0.0,0.369,,373.1665201918221,30.52983805156518,1.1388696196054413,1,0.015,0.653,"{""maxlags"": 24}",418.9257221655368,30.76730203502642,1.211229067800404,0,0.0,0.594,
125,H126,172800.0,without_retrain,0,,,,,,,,,,,,,,,,,,,,,,,,,,,,,,,,,,,,168.1307496608857,22.913878473675265,0.6060839464786323,1.0,13.747,4.682,"{""order"": [48, 1, 0]}",,,,,,,,,,,,,,,147.03249869773686,24.59299996252582,0.5365298905091526,0,0.0,3.545,,440.8456413546387,47.38632992241654,1.7667154453132856,0,0.0,3.681,,,,,,,,,,,,,,,,,,,,,,,,,,,,,,,,,,,,,417.2801565601811,39.56610881673459,1.5962598338274272,1.0,0.032,0.439,"{""error"": ""add"", ""trend"": ""add"", ""damped_trend"": true, ""seasonal"": ""mul"", ""seasonal_periods"": 24}",,,,,,,,,,,,,,,1707.0241366377204,199.99999999764572,7.307701640579602,0,0.0,0.045,,127.56526294082045,12.57712773099893,0.453218600921413,1,0.017,0.393,"{""maxlags"": 24}",125.8214136560042,13.289663476258957,0.4700939568412957,0,0.0,0.421,,204.0136803236661,17.88368566925193,0.7451102028411133,1,0.016,0.155,"{""maxlags"": 24}",227.67822174216508,18.22122819513076,0.7438247167804692,0,0.0,0.143,,172.40623225895328,40.54165219178348,0.6773082616674051,1,0.222,0.581,"{""yearly_seasonality"": false, ""weekly_seasonality"": true, ""daily_seasonality"": true, ""seasonality_mode"": ""multiplicative""}",176.5864327032008,29.568669907018705,0.681656290049169,0,0.0,0.852,,165.7721439191126,15.841979017372624,0.5595636648549295,1,0.015,0.645,"{""maxlags"": 24}",174.4231121958897,20.25537221069976,0.6245082668202023,0,0.0,0.665,
126,H127,172800.0,without_retrain,0,,,,,,,,,,,,,,,,,,,,,,,,,,,,,,,,,,,,,,,,,,,242.59446222521703,33.77688437731484,0.6229211205775173,1.0,6.479,1.076,"{""order"": [31, 0, 0]}",,,,,,,,244.29570236384012,30.92143268697623,0.6198379894539779,0,0.0,3.561,,1290.5572564169609,80.48001352986105,3.392471321283688,0,0.0,3.252,,,,,,,,,,,,,,,,,,,,,,,,,,,,,,,,,,,,,,,,,,,,1103.877606904871,79.53751698777506,3.084457245257374,1.0,0.026,0.7,"{""error"": ""add"", ""trend"": ""add"", ""damped_trend"": true, ""seasonal"": ""mul"", ""seasonal_periods"": 24}",,,,,,,,2087.1466214335364,199.9999999949916,5.81483735584577,0,0.0,0.058,,208.93978449582863,16.988301016517493,0.5178400129157925,1,0.016,0.41,"{""maxlags"": 24}",215.9541072962448,18.825974225378506,0.5487159618672258,0,0.0,0.412,,239.32676552684208,18.605230844273944,0.5973223691970312,1,0.017,0.159,"{""maxlags"": 24}",271.47273110752184,25.45318963018313,0.7405052965665148,0,0.0,0.155,,263.0973123166578,43.87094632181836,0.7463078477605024,1,0.255,0.576,"{""yearly_seasonality"": false, ""weekly_seasonality"": true, ""daily_seasonality"": true, ""seasonality_mode"": ""multiplicative""}",292.6031990112116,35.46040419289172,0.7968781216621311,0,0.0,0.628,,223.1804006027115,18.167596777654648,0.578287168773027,1,0.015,0.616,"{""maxlags"": 24}",364.3799638878805,28.212307699120498,0.9769774372231536,0,0.0,0.586,
127,H128,172800.0,without_retrain,0,,,,,,,,,,,,,,,,,,,,,,,,,,,,,,,,,,,,,,,,,,,,,,,,,,271.1006171982979,46.058795415752144,0.8227365552669536,1.0,5.634,0.598,"{""order"": [26, 0, 0]}",263.4284414175614,49.830081855591686,0.785266157550128,0,0.0,3.701,,1056.0762924545577,48.18571960476572,2.8067741574875824,0,0.0,3.379,,,,,,,,,,,,,,,,,,,,,,,,,,,,,,,,,,,,,,,,,,,,,,,,,,,595.5232968055675,63.08061947717192,1.8566533635587887,1.0,0.03,0.691,"{""error"": ""add"", ""trend"": null, ""damped_trend"": false, ""seasonal"": ""mul"", ""seasonal_periods"": 24}",1206.4139506539605,171.14869256920056,4.020182862835299,0,0.0,0.051,,170.22592395492288,22.944576079800257,0.5489269282495285,1,0.016,0.411,"{""maxlags"": 24}",369.8976528890266,37.088043764135605,1.1670942013319694,0,0.0,0.367,,203.47356057635207,23.93649779983349,0.6571644477018578,1,0.017,0.16,"{""maxlags"": 24}",436.4220602285698,45.125654026572704,1.3775704388133987,0,0.0,0.152,,307.43422466104005,50.11488128501683,1.047755981054034,1,0.383,0.458,"{""yearly_seasonality"": false, ""weekly_seasonality"": false, ""daily_seasonality"": true, ""seasonality_mode"": ""multiplicative""}",299.2723765763579,49.10829362836191,1.0427720901305555,0,0.0,0.431,,166.1583935250653,27.657122966338424,0.5732493387690516,1,0.014,0.614,"{""maxlags"": 24}",315.7232465961615,33.101048455453984,0.9983639732266306,0,0.0,0.615,
128,H129,172800.0,without_retrain,0,245.69776272307595,49.09528579434908,0.8323557152612011,1.0,10.623,2.73,"{""order"": [48, 0, 0]}",,,,,,,,,,,,,,,,,,,,,,,,,,,,,,,,,,,,,,,,,,,,,,,,,,214.55096439799613,31.42851614933275,0.6236636319315977,0,0.0,5.577,,591.014426336395,45.38117149336435,1.8955044498560525,0,0.0,3.289,,625.5818791103617,51.33140349694927,2.048772976943481,1.0,0.029,0.753,"{""error"": ""add"", ""trend"": null, ""damped_trend"": false, ""seasonal"": ""mul"", ""seasonal_periods"": 24}",,,,,,,,,,,,,,,,,,,,,,,,,,,,,,,,,,,,,,,,,,,,,,,,,,1358.1944622543583,185.31418084618667,4.591019863500371,0,0.0,0.05,,82.48135218202475,10.83903002238788,0.2611922024866349,1,0.017,0.42,"{""maxlags"": 24}",86.31597698879774,11.37870237624231,0.286162439042127,0,0.0,0.399,,335.04850529812273,27.762762245378983,0.9171196185628278,1,0.016,0.157,"{""maxlags"": 24}",434.17020402885134,31.090847801183717,1.1664633665566455,0,0.0,0.151,,452.32532175262736,54.72676756693452,1.4801320328500454,1,0.252,0.47,"{""yearly_seasonality"": false, ""weekly_seasonality"": true, ""daily_seasonality"": true, ""seasonality_mode"": ""multiplicative""}",461.0180257575558,48.5883668568278,1.4894088620117,0,0.0,0.57,,88.63896349888823,10.856161885977349,0.2836536757330164,1,0.015,0.659,"{""maxlags"": 24}",84.90568203071649,11.578486358974374,0.2780774612665062,0,0.0,0.615,
129,H130,172800.0,without_retrain,0,,,,,,,,240.03360664698323,95.35617566549622,0.520394405292845,1.0,5.17,0.151,"{""order"": [24, 1, 0]}",,,,,,,,,,,,,,,,,,,,,,,,,,,,,,,,,,,,,,,,,,,285.0019108126621,128.46982667781796,0.581658260394217,0,0.0,8.271,,319.3991809224115,114.5266901885514,0.6354022083560976,0,0.0,0.344,,,,,,,,,307.545061080643,118.17658193271537,0.6119289068913968,1.0,0.032,9.556,"{""error"": ""add"", ""trend"": null, ""damped_trend"": false, ""seasonal"": ""mul"", ""seasonal_periods"": 172}",,,,,,,,,,,,,,,,,,,,,,,,,,,,,,,,,,,,,,,,,,,359.4632820072281,199.9999999806688,0.8295431016089846,0,0.0,0.067,,238.52498995334216,93.33420743416713,0.5770492002421099,1,0.017,0.33,"{""maxlags"": 20}",235.6468723794978,93.09790159530291,0.5625545718945637,0,0.0,0.337,,223.39500252342447,65.50349602151287,0.422000356596872,1,0.011,0.14,"{""maxlags"": 20}",212.8635956278941,59.13100833318316,0.374686202097178,0,0.0,0.149,,229.44985176296387,104.04341623509288,0.5957097514438189,1,0.564,0.558,"{""yearly_seasonality"": false, ""weekly_seasonality"": true, ""daily_seasonality"": true, ""seasonality_mode"": ""multiplicative""}",417.7150580622161,124.46494646895626,1.19827874778749,0,0.0,0.523,,212.6941885925577,62.37766214303984,0.3808141099351927,1,0.011,0.613,"{""maxlags"": 20}",211.5865783936613,59.94282666226335,0.3711880096533983,0,0.0,0.614,
130,H131,172800.0,without_retrain,0,,,,,,,,,,,,,,,31.39095872005204,44.23082287385736,1.2352533771314278,1.0,12.373,3.779,"{""order"": [48, 1, 0]}",,,,,,,,,,,,,,,,,,,,,,,,,,,,,,,,,,,,28.645036306994296,45.30527003307865,1.1377709630250827,0,0.0,4.856,,69.32323485237072,38.76746005239146,1.6052188856508411,0,0.0,5.07,,,,,,,,,,,,,,,,37.21746990924546,38.5280905586332,1.3211517044176244,1.0,0.04,0.473,"{""error"": ""add"", ""trend"": null, ""damped_trend"": false, ""seasonal"": ""mul"", ""seasonal_periods"": 24}",,,,,,,,,,,,,,,,,,,,,,,,,,,,,,,,,,,,60.01101225512157,105.38062190322348,2.307858775595552,0,0.0,0.053,,18.64282983206735,26.401576276327205,0.7281438286674057,1,0.02,0.404,"{""maxlags"": 24}",16.046219575435003,20.56610679949993,0.599598953776126,0,0.0,0.387,,21.260680382307157,29.42695502280532,0.8432675851998402,1,0.025,0.15,"{""maxlags"": 24}",19.0714016552433,32.854856682871194,0.7881801876899076,0,0.0,0.153,,26.551803828456247,45.59659253657809,1.0917801311306867,1,0.241,0.418,"{""yearly_seasonality"": false, ""weekly_seasonality"": true, ""daily_seasonality"": true, ""seasonality_mode"": ""multiplicative""}",24.97450733015229,40.082966034066125,1.009584539239592,0,0.0,0.406,,20.370828235425886,28.9838306728561,0.8152146835421138,1,0.023,0.619,"{""maxlags"": 24}",20.29056549952848,26.02856757705398,0.7850776429936732,0,0.0,0.601,
131,H132,172800.0,without_retrain,0,,,,,,,,,,,,,,,,,,,,,,160.94478105093873,77.6756365999458,1.1490897483565874,1.0,11.485,2.797,"{""order"": [42, 1, 0]}",,,,,,,,,,,,,,,,,,,,,,,,,,,,,174.11609812134105,60.82656618231865,1.0778918064481475,0,0.0,6.266,,379.5213007588512,69.45668839392552,2.319589552777525,0,0.0,3.238,,,,,,,,,,,,,,,,,,,,,,,484.4432092139944,143.98905177867468,3.1285689339846634,1.0,0.025,0.45,"{""error"": ""add"", ""trend"": ""add"", ""damped_trend"": true, ""seasonal"": ""mul"", ""seasonal_periods"": 24}",,,,,,,,,,,,,,,,,,,,,,,,,,,,,519.3580239699147,158.02935642026674,3.345501229664372,0,0.0,0.064,,56.65472797516638,25.97248334612622,0.3656570963581573,1,0.018,0.426,"{""maxlags"": 24}",157.3880472531387,49.08951939624492,0.9715943940250183,0,0.0,0.397,,189.00064024172352,56.45128473620729,1.0007060866120687,1,0.015,0.165,"{""maxlags"": 24}",275.9884616548075,52.73422821308073,1.2382149540115923,0,0.0,0.161,,212.21250735347647,69.78539295316592,1.4811757632915736,1,0.227,0.473,"{""yearly_seasonality"": false, ""weekly_seasonality"": true, ""daily_seasonality"": true, ""seasonality_mode"": ""multiplicative""}",218.22590018463345,75.2242976903686,1.5535341967029632,0,0.0,0.47,,65.07497732436396,45.714662348421406,0.4563757686136686,1,0.015,0.633,"{""maxlags"": 24}",331.69674875522554,80.3771692800791,1.689832587893093,0,0.0,0.584,
132,H133,172800.0,without_retrain,0,,,,,,,,,,,,,,,,,,,,,,,,,,,,,141.3473242476477,57.10084631719627,1.08548520283937,1.0,8.035,1.368,"{""order"": [36, 0, 0]}",,,,,,,,,,,,,,,,,,,,,,129.92345576951334,54.018430363695096,0.9641664309722476,0,0.0,4.168,,273.17855721450184,70.67650341077588,2.0052534367283847,0,0.0,3.738,,,,,,,,,,,,,,,,,,,,,,,,,,,,,,242.1305889115741,77.62230752318536,1.9082103757876356,1.0,0.026,1.148,"{""error"": ""add"", ""trend"": ""add"", ""damped_trend"": true, ""seasonal"": ""mul"", ""seasonal_periods"": 24}",,,,,,,,,,,,,,,,,,,,,,376.5354645212453,136.7027285576166,2.936293301549186,0,0.0,0.064,,40.54354093697964,22.295740074424074,0.3311738140354455,1,0.015,0.378,"{""maxlags"": 24}",39.249757951769126,18.17551647311149,0.3079215825231329,0,0.0,0.37,,60.82236839487623,24.98523345894444,0.4408891328126834,1,0.015,0.15,"{""maxlags"": 24}",172.8147703262935,38.19329591089456,1.0659718049617763,0,0.0,0.164,,163.0975570824926,60.33115123093766,1.3261752782784624,1,0.319,0.437,"{""yearly_seasonality"": false, ""weekly_seasonality"": true, ""daily_seasonality"": true, ""seasonality_mode"": ""multiplicative""}",164.24385001712722,61.26719097943485,1.3410285240045408,0,0.0,0.498,,75.37102061634587,21.332582776294064,0.4842485293185592,1,0.015,0.633,"{""maxlags"": 24}",186.4305918263549,43.97710866905331,1.0896474839405723,0,0.0,0.553,
133,H134,172800.0,without_retrain,0,,,,,,,,,,,,,,,,,,,,,,,,,,,,,,,,,,,,42.87576655500408,72.08440803811949,0.3820049921088872,1.0,4.648,0.471,"{""order"": [25, 0, 0]}",,,,,,,,,,,,,,,41.86222423994678,70.17826639138039,0.360989535388599,0,0.0,8.176,,182.9554003575602,62.23211622781425,1.1487133848839577,0,0.0,3.516,,,,,,,,,,,,,,,,,,,,,,,,,,,,,,,,,,,,,55.38174081506938,67.0675687614495,0.4372754349791514,1.0,0.033,9.053,"{""error"": ""add"", ""trend"": null, ""damped_trend"": false, ""seasonal"": ""mul"", ""seasonal_periods"": 168}",,,,,,,,,,,,,,,70.88186740832248,195.88446839586743,0.5952161793068159,0,0.0,0.056,,21.032789849866983,25.894742922461774,0.1510317683645182,1,0.013,0.76,"{""maxlags"": 168}",48.67196599644777,57.73077673083884,0.4014279151700251,0,0.0,0.369,,27.787881910787565,29.111943929496125,0.191580110140719,1,0.013,0.14,"{""maxlags"": 168}",29.674756786394912,34.66200963588609,0.2264931110184996,0,0.0,0.137,,88.4756723473268,131.4819032989071,0.8515857477098265,1,0.343,0.529,"{""yearly_seasonality"": false, ""weekly_seasonality"": true, ""daily_seasonality"": true, ""seasonality_mode"": ""multiplicative""}",79.8840162661007,129.47038991023726,0.7717451306041551,0,0.0,0.527,,23.35574964376984,28.396080864204816,0.1711557699371622,1,0.014,2.013,"{""maxlags"": 168}",25.54734425387389,28.75944602094532,0.1814722745483134,0,0.0,0.595,
134,H135,172800.0,without_retrain,0,,,,,,,,,,,,,,,,,,,,,,,,,,,,,,,,,,,,,,,,,,,73.26218970348145,60.4252254784059,0.5573803884212124,1.0,3.794,0.745,"{""order"": [29, 0, 0]}",,,,,,,,76.16120369896386,60.76543515238044,0.578688870704398,0,0.0,3.505,,261.46389518463843,57.35372647208241,1.4411971164541877,0,0.0,3.431,,,,,,,,,,,,,,,,,,,,,,,,,,,,,,,,,,,,,,,,,,,,127.44004422466388,50.92428069274027,0.7095228650301016,1.0,0.027,0.473,"{""error"": ""add"", ""trend"": null, ""damped_trend"": false, ""seasonal"": ""mul"", ""seasonal_periods"": 24}",,,,,,,,195.08026896971992,199.99999998163597,1.5468818754459637,0,0.0,0.049,,58.11877163558539,27.86609520562011,0.3486124156676922,1,0.016,0.379,"{""maxlags"": 24}",60.92682103432915,37.30366512476616,0.3946389439399297,0,0.0,0.368,,130.92707904131476,38.577613156394186,0.6498699074027433,1,0.015,0.144,"{""maxlags"": 24}",63.47462742292496,42.54436134724702,0.4224176642530254,0,0.0,0.128,,106.68770003045364,102.731303569013,0.8015723082932521,1,0.659,1.059,"{""yearly_seasonality"": false, ""weekly_seasonality"": true, ""daily_seasonality"": true, ""seasonality_mode"": ""multiplicative""}",93.3293671849184,108.333548607238,0.7416471228664809,0,0.0,0.642,,137.44449905794073,48.99261125465451,0.902144399497181,1,0.015,0.629,"{""maxlags"": 24}",145.62827390789903,59.34188614721632,0.9843316251251758,0,0.0,0.574,
135,H136,172800.0,without_retrain,0,,,,,,,,,,,,,,,,,,,,,,,,,,,,,,,,,,,,,,,,,,,,,,,,,,483.3420655850018,79.67082264691139,1.0749589778805986,1.0,12.651,2.889,"{""order"": [42, 1, 0]}",498.9012886188319,48.66215187193745,0.9937676896822296,0,0.0,6.182,,1128.310568367977,49.42311428235552,1.823388652997552,0,0.0,2.558,,,,,,,,,,,,,,,,,,,,,,,,,,,,,,,,,,,,,,,,,,,,,,,,,,,4954.285129405583,195.87916961874956,10.585481595423984,1.0,0.023,0.306,"{""error"": ""add"", ""trend"": ""add"", ""damped_trend"": true, ""seasonal"": ""mul"", ""seasonal_periods"": 24}",1829.2567777739923,199.99999999710892,4.211274255806388,0,0.0,0.041,,98.66573172271411,17.267328052500954,0.2118795815393625,1,0.015,0.381,"{""maxlags"": 24}",104.83082919379244,13.384884496546944,0.2159131658044115,0,0.0,0.376,,125.05966654829707,15.015925885313797,0.2335244083485195,1,0.014,0.135,"{""maxlags"": 24}",122.36404193136129,12.017795950613197,0.2482320152543524,0,0.0,0.175,,730.6414102775872,74.35148496968333,1.4431464316839335,1,0.348,0.816,"{""yearly_seasonality"": false, ""weekly_seasonality"": true, ""daily_seasonality"": true, ""seasonality_mode"": ""multiplicative""}",730.6367727238123,83.76508132549522,1.5839056506518696,0,0.0,0.694,,106.73185129550696,13.93208871566695,0.2121706040631401,1,0.014,0.673,"{""maxlags"": 24}",105.21111746910772,11.77922411447966,0.2075648579283744,0,0.0,0.578,
136,H137,172800.0,without_retrain,0,70.74070692661192,21.433391009031027,0.5663975139542233,1.0,6.282,0.706,"{""order"": [28, 0, 0]}",,,,,,,,,,,,,,,,,,,,,,,,,,,,,,,,,,,,,,,,,,,,,,,,,,77.63331041147711,24.877863769507616,0.6188478256019654,0,0.0,5.011,,359.8470951689958,54.58792357805644,3.424196322284835,0,0.0,3.521,,104.85074580736747,25.4888872515612,0.936232565191518,1.0,0.024,0.503,"{""error"": ""add"", ""trend"": null, ""damped_trend"": false, ""seasonal"": ""mul"", ""seasonal_periods"": 24}",,,,,,,,,,,,,,,,,,,,,,,,,,,,,,,,,,,,,,,,,,,,,,,,,,546.6690656652717,199.99999999374987,6.096230521474735,0,0.0,0.056,,44.40495132440592,16.46489560388613,0.4448717907221025,1,0.016,0.418,"{""maxlags"": 24}",43.02361574943114,15.380338382305196,0.4376876362252586,0,0.0,0.394,,100.71698355982846,22.195920597544013,0.8163053270182629,1,0.015,0.152,"{""maxlags"": 24}",107.45134296311876,20.86764050538177,0.8011787647783217,0,0.0,0.135,,122.71413157467856,38.58764424638793,1.1250972911189223,1,0.364,0.5,"{""yearly_seasonality"": false, ""weekly_seasonality"": true, ""daily_seasonality"": true, ""seasonality_mode"": ""multiplicative""}",124.3361052052596,36.51115922649228,1.1423579368978534,0,0.0,0.514,,45.66503902538937,16.968734862574436,0.4411508379640561,1,0.013,0.662,"{""maxlags"": 24}",45.198599867501336,17.45579443008832,0.4594638879095809,0,0.0,0.614,
137,H138,172800.0,without_retrain,0,,,,,,,,85.48120613147876,37.5338083831392,0.4661511927059512,1.0,9.624,1.514,"{""order"": [33, 0, 0]}",,,,,,,,,,,,,,,,,,,,,,,,,,,,,,,,,,,,,,,,,,,89.59992831730735,42.54706837153612,0.4922333035902412,0,0.0,3.54,,281.038157079037,45.30555190966385,1.6170797713429526,0,0.0,3.582,,,,,,,,,796.1981020908175,138.1102542494789,4.383892944652305,1.0,0.029,0.502,"{""error"": ""add"", ""trend"": ""add"", ""damped_trend"": true, ""seasonal"": ""mul"", ""seasonal_periods"": 24}",,,,,,,,,,,,,,,,,,,,,,,,,,,,,,,,,,,,,,,,,,,833.5963591439008,133.50647504914537,4.5829339850048045,0,0.0,0.064,,86.60367523603546,12.003408977752564,0.4270750924786242,1,0.017,0.397,"{""maxlags"": 24}",84.23532133478857,11.567406092741583,0.4168164200345723,0,0.0,0.381,,132.201972285487,26.43859373377477,0.7258870820751065,1,0.013,0.173,"{""maxlags"": 24}",168.15501423861417,30.48265992494609,0.9700915841144973,0,0.0,0.122,,103.92625335656376,35.53067001320036,0.5664646321381736,1,0.497,0.808,"{""yearly_seasonality"": false, ""weekly_seasonality"": true, ""daily_seasonality"": true, ""seasonality_mode"": ""multiplicative""}",105.72009640528796,33.27652766959743,0.6052457292190575,0,0.0,0.528,,120.9723925385952,21.37644307040698,0.6466650895258313,1,0.013,0.647,"{""maxlags"": 24}",90.14169976218972,15.597828923366029,0.4721109638742837,0,0.0,0.544,
138,H139,172800.0,without_retrain,0,,,,,,,,,,,,,,,98.74914970131633,26.090259606261487,0.4073009701644491,1.0,8.342,1.395,"{""order"": [35, 0, 0]}",,,,,,,,,,,,,,,,,,,,,,,,,,,,,,,,,,,,99.19133203763192,32.3631681888881,0.4268145665792393,0,0.0,3.832,,537.3796670357559,63.30053091112726,2.1457431746451845,0,0.0,2.751,,,,,,,,,,,,,,,,651.2630265607627,99.3820225994218,2.674783079159025,1.0,0.03,0.507,"{""error"": ""add"", ""trend"": ""add"", ""damped_trend"": true, ""seasonal"": ""mul"", ""seasonal_periods"": 24}",,,,,,,,,,,,,,,,,,,,,,,,,,,,,,,,,,,,1101.9709965233037,194.6911184812599,4.474389398930476,0,0.0,0.05,,80.51387512288103,16.36119912755846,0.3117849846977282,1,0.018,0.401,"{""maxlags"": 24}",76.3260346295861,15.656059617076655,0.2875008307742813,0,0.0,0.375,,128.74234523950494,25.625592819522307,0.5417896107017732,1,0.016,0.144,"{""maxlags"": 24}",118.24560654917202,20.91757072066021,0.4699158683059291,0,0.0,0.118,,213.1352439381223,44.25011982093614,0.866593311240767,1,0.345,0.624,"{""yearly_seasonality"": false, ""weekly_seasonality"": true, ""daily_seasonality"": true, ""seasonality_mode"": ""multiplicative""}",220.6192113961752,54.2603303168656,0.9987116992873446,0,0.0,0.633,,92.55522257958144,18.040899961772908,0.380492691623324,1,0.013,0.668,"{""maxlags"": 24}",154.49349976826346,20.26144832107081,0.5319128535439371,0,0.0,0.587,
139,H140,172800.0,without_retrain,0,,,,,,,,,,,,,,,,,,,,,,159.7454850313845,43.04618169479424,0.6868036329238864,1.0,7.979,1.183,"{""order"": [31, 1, 0]}",,,,,,,,,,,,,,,,,,,,,,,,,,,,,166.29856438867847,27.53458351636497,0.6239563008827212,0,0.0,4.373,,410.5318009620684,38.3739029666764,1.4482288428113248,0,0.0,3.318,,,,,,,,,,,,,,,,,,,,,,,941.8634600554428,183.34555954619512,4.264722331200437,1.0,0.026,0.324,"{""error"": ""add"", ""trend"": ""add"", ""damped_trend"": true, ""seasonal"": ""mul"", ""seasonal_periods"": 24}",,,,,,,,,,,,,,,,,,,,,,,,,,,,,794.9514822199076,139.5069012944837,3.433399097833959,0,0.0,0.042,,53.12403961565586,12.670293961050772,0.2266800467699769,1,0.014,0.392,"{""maxlags"": 24}",50.832937493869366,12.615462626693486,0.221181421570197,0,0.0,0.383,,71.97820271500795,16.52180568914321,0.3076782376281737,1,0.015,0.151,"{""maxlags"": 24}",98.45880946207636,16.496815470552725,0.3859758852880279,0,0.0,0.143,,328.9036051509924,70.51427733488725,1.6000699427193912,1,0.393,0.769,"{""yearly_seasonality"": false, ""weekly_seasonality"": true, ""daily_seasonality"": true, ""seasonality_mode"": ""multiplicative""}",337.5080820378684,71.03747911860921,1.6494906052135132,0,0.0,0.565,,57.80575652821746,12.088470366272157,0.2337095406675538,1,0.013,0.624,"{""maxlags"": 24}",608.185988538676,68.91159928502525,2.3908611150498627,0,0.0,0.591,
140,H141,172800.0,without_retrain,0,,,,,,,,,,,,,,,,,,,,,,,,,,,,,222.41479811939817,63.42454199213834,1.069793861531177,1.0,10.242,1.59,"{""order"": [36, 1, 0]}",,,,,,,,,,,,,,,,,,,,,,200.8322566054433,53.46704032526839,0.8807896772612493,0,0.0,5.741,,433.5315449946904,44.55386375633702,1.6505209320015377,0,0.0,3.495,,,,,,,,,,,,,,,,,,,,,,,,,,,,,,655.6294961528323,147.23819641130905,3.119026353134652,1.0,0.024,0.474,"{""error"": ""add"", ""trend"": ""add"", ""damped_trend"": true, ""seasonal"": ""mul"", ""seasonal_periods"": 24}",,,,,,,,,,,,,,,,,,,,,,725.595531818893,195.95575592059612,3.5072861620149403,0,0.0,0.041,,44.28686783046459,14.85906287381254,0.1911656379609637,1,0.015,0.445,"{""maxlags"": 24}",43.96608740343141,16.013904787096614,0.199255070285786,0,0.0,0.38,,55.53943374557899,12.339539670055068,0.2582464045372103,1,0.014,0.158,"{""maxlags"": 24}",52.30596659426675,12.018367833899491,0.2393027407144736,0,0.0,0.134,,290.71454371378206,65.80095828654555,1.3847368032741452,1,0.279,0.675,"{""yearly_seasonality"": false, ""weekly_seasonality"": true, ""daily_seasonality"": true, ""seasonality_mode"": ""multiplicative""}",291.10351797101146,66.86237862629089,1.3946792516882114,0,0.0,0.688,,39.40773845532193,14.81592223887048,0.1876456626332103,1,0.013,0.73,"{""maxlags"": 24}",41.97651533104079,11.356146867225393,0.1728534458252895,0,0.0,0.596,
141,H142,172800.0,without_retrain,0,,,,,,,,,,,,,,,,,,,,,,,,,,,,,,,,,,,,63.26272555307999,29.505669129383676,0.5154361800177368,1.0,14.636,4.263,"{""order"": [48, 1, 0]}",,,,,,,,,,,,,,,56.42514000808844,43.77042648594412,0.4629287409239044,0,0.0,3.505,,94.70782157608066,67.80741972042871,0.8591163072266165,0,0.0,3.811,,,,,,,,,,,,,,,,,,,,,,,,,,,,,,,,,,,,,1344.1273283788082,197.66600266131195,11.288567988518698,1.0,0.027,0.738,"{""error"": ""add"", ""trend"": ""add"", ""damped_trend"": true, ""seasonal"": ""mul"", ""seasonal_periods"": 24}",,,,,,,,,,,,,,,789.6268887458438,199.99999999436375,7.214103617813464,0,0.0,0.061,,42.46030613665543,13.728685925589453,0.323518558295547,1,0.016,0.386,"{""maxlags"": 24}",50.644457992423455,14.242124746712957,0.3675859410488504,0,0.0,0.391,,92.67911844634595,25.96122236414273,0.7065817399906972,1,0.015,0.142,"{""maxlags"": 24}",171.34436650533144,40.25839196172444,1.4012968521611748,0,0.0,0.124,,92.53932376664744,30.21588790805325,0.7479365966900184,1,0.19,0.583,"{""yearly_seasonality"": false, ""weekly_seasonality"": false, ""daily_seasonality"": true, ""seasonality_mode"": ""multiplicative""}",72.48374321154849,40.82369520617959,0.587149952192894,0,0.0,0.543,,51.49462091472686,15.09009258269934,0.3886076184818864,1,0.014,0.614,"{""maxlags"": 24}",56.88118694139103,14.401162331217805,0.4079846609585309,0,0.0,0.597,
142,H143,172800.0,without_retrain,0,,,,,,,,,,,,,,,,,,,,,,,,,,,,,,,,,,,,,,,,,,,155.8617316622621,46.56720661810042,1.1798268409034811,1.0,9.33,0.987,"{""order"": [32, 0, 0]}",,,,,,,,156.48041443507503,50.1500574366765,1.203811861467667,0,0.0,3.573,,227.35823513035908,58.03883063204975,1.8617042089262843,0,0.0,4.212,,,,,,,,,,,,,,,,,,,,,,,,,,,,,,,,,,,,,,,,,,,,8540.547171612026,158.69957017225286,68.26838058594556,1.0,0.031,0.464,"{""error"": ""add"", ""trend"": ""add"", ""damped_trend"": true, ""seasonal"": ""mul"", ""seasonal_periods"": 24}",,,,,,,,407.4105261442437,125.50048257548772,3.5022447168608086,0,0.0,0.056,,141.6922958225215,39.410872432637404,1.121636975618402,1,0.017,0.487,"{""maxlags"": 24}",147.3422904224629,41.0297196857443,1.1595098907416508,0,0.0,0.41,,189.35710000672813,43.52449638444099,1.543942461081328,1,0.016,0.138,"{""maxlags"": 24}",139.96813063088254,40.27155871555785,1.121379669395493,0,0.0,0.142,,166.95367677633914,76.38723054047466,1.3286705433607782,1,0.338,0.829,"{""yearly_seasonality"": false, ""weekly_seasonality"": true, ""daily_seasonality"": true, ""seasonality_mode"": ""multiplicative""}",166.52475177209348,77.72561911799708,1.3329838173305404,0,0.0,0.428,,144.73662106693914,39.29946355500254,1.1365754485049413,1,0.014,0.691,"{""maxlags"": 24}",151.0113333232945,39.97573291177718,1.1762584869595494,0,0.0,0.609,
143,H144,172800.0,without_retrain,0,,,,,,,,,,,,,,,,,,,,,,,,,,,,,,,,,,,,,,,,,,,,,,,,,,162.29503264948164,38.747093642593,0.8728769058165001,1.0,12.87,3.115,"{""order"": [47, 0, 0]}",152.6913798583411,34.68299321833971,0.7754839464349712,0,0.0,5.454,,308.7022894050687,94.06049980998488,1.872750137945234,0,0.0,2.421,,,,,,,,,,,,,,,,,,,,,,,,,,,,,,,,,,,,,,,,,,,,,,,,,,,542.0497827227492,114.07344116320311,3.00257472713712,1.0,0.025,0.339,"{""error"": ""add"", ""trend"": ""add"", ""damped_trend"": true, ""seasonal"": ""add"", ""seasonal_periods"": 24}",792.5037117034868,191.2702698106589,4.651590563774984,0,0.0,0.055,,114.69848993013684,28.113217761771285,0.6297668268022779,1,0.015,0.49,"{""maxlags"": 24}",122.29366892286902,32.15018641345966,0.6611794186483119,0,0.0,0.377,,107.00352306112848,25.08337244629199,0.5730602758181752,1,0.017,0.167,"{""maxlags"": 24}",142.83106884879052,33.10187533347386,0.7399391225037907,0,0.0,0.157,,141.8729241573587,35.38533098542022,0.7538420055139463,1,0.215,0.575,"{""yearly_seasonality"": false, ""weekly_seasonality"": true, ""daily_seasonality"": true, ""seasonality_mode"": ""additive""}",141.8729241573587,35.38533098542022,0.7538420055139463,0,0.0,0.591,,126.01808185651176,29.34974542799857,0.6888602020243564,1,0.016,0.738,"{""maxlags"": 24}",102.2954480289413,26.931286965310083,0.5811700139026784,0,0.0,0.596,
144,H145,172800.0,without_retrain,0,650.6874621995146,57.8719731146651,1.775604515579947,1.0,8.992,1.78,"{""order"": [39, 1, 0]}",,,,,,,,,,,,,,,,,,,,,,,,,,,,,,,,,,,,,,,,,,,,,,,,,,653.0661708793622,63.609949662853126,1.7841340941551351,0,0.0,3.744,,3012.2139754413115,197.62054058446,9.637749922827304,0,0.0,3.275,,1656.9988153097704,125.7402939953401,5.083266975090361,1.0,0.024,0.722,"{""error"": ""add"", ""trend"": null, ""damped_trend"": false, ""seasonal"": ""mul"", ""seasonal_periods"": 24}",,,,,,,,,,,,,,,,,,,,,,,,,,,,,,,,,,,,,,,,,,,,,,,,,,2214.5579241445957,199.99999999763136,7.369321840360667,0,0.0,0.051,,248.55718756554964,14.488182825372157,0.6930285690237818,1,0.011,0.411,"{""maxlags"": 24}",172.50776927515437,11.09722538022952,0.4753792456919112,0,0.0,0.387,,300.5074362780881,17.73925377164979,0.8008790276561308,1,0.014,0.164,"{""maxlags"": 24}",262.09436429603466,14.185499303083128,0.6829774908874219,0,0.0,0.134,,348.08672253934884,44.39716222505111,0.9301026258250792,1,0.28,0.512,"{""yearly_seasonality"": false, ""weekly_seasonality"": false, ""daily_seasonality"": true, ""seasonality_mode"": ""multiplicative""}",373.5032940669763,45.5072693640432,1.0940617254270568,0,0.0,0.373,,393.55526586301664,19.79452120778456,0.9595623686741168,1,0.015,0.609,"{""maxlags"": 24}",173.67903943977078,10.787859962518072,0.453851157520265,0,0.0,0.63,
145,H146,172800.0,without_retrain,0,,,,,,,,275.0042648280229,93.07130376128949,2.69996692427199,1.0,6.605,0.382,"{""order"": [3, 1, 3]}",,,,,,,,,,,,,,,,,,,,,,,,,,,,,,,,,,,,,,,,,,,283.8757505921856,84.00646231862636,2.3203572804225927,0,0.0,4.606,,375.14662254259696,118.47457624237175,3.163730218712185,0,0.0,3.555,,,,,,,,,363.83922890225386,113.094523782767,3.072837241978373,1.0,0.028,1.044,"{""error"": ""add"", ""trend"": ""add"", ""damped_trend"": true, ""seasonal"": ""mul"", ""seasonal_periods"": 24}",,,,,,,,,,,,,,,,,,,,,,,,,,,,,,,,,,,,,,,,,,,524.976158242632,199.99999999216064,5.2002621726037,0,0.0,0.043,,161.78633538391654,40.66958653199991,1.0932857660568305,1,0.024,0.377,"{""maxlags"": 24}",169.41322243558986,47.004833639102856,1.2362636000511946,0,0.0,0.386,,170.0649672214661,39.90980224961471,1.3371770264054426,1,0.018,0.16,"{""maxlags"": 24}",177.7065086658543,43.63800439586462,1.4067791728255403,0,0.0,0.147,,118.10525124801109,50.878345517875175,1.002265270282796,1,0.229,0.612,"{""yearly_seasonality"": false, ""weekly_seasonality"": true, ""daily_seasonality"": true, ""seasonality_mode"": ""multiplicative""}",124.62772579253613,56.60914712923367,1.0912064493656566,0,0.0,0.418,,260.16058923582824,57.29650600332928,2.037087524469472,1,0.018,0.621,"{""maxlags"": 24}",279.54805960459566,79.04969137947643,2.299447729891194,0,0.0,0.632,
146,H147,172800.0,without_retrain,0,,,,,,,,,,,,,,,1066.7236774996948,96.64645030172971,3.285446604331902,1.0,10.723,0.376,"{""order"": [3, 1, 4]}",,,,,,,,,,,,,,,,,,,,,,,,,,,,,,,,,,,,1216.7864771261634,99.57098129583132,3.1580761254736296,0,0.0,7.17,,1417.048579622067,125.60429070186665,3.870982293396377,0,0.0,2.904,,,,,,,,,,,,,,,,1496.378026368639,149.8335094179778,4.14467402172336,1.0,0.026,1.177,"{""error"": ""add"", ""trend"": ""add"", ""damped_trend"": true, ""seasonal"": ""mul"", ""seasonal_periods"": 24}",,,,,,,,,,,,,,,,,,,,,,,,,,,,,,,,,,,,1601.6967852037071,199.99999999333195,4.636180771864191,0,0.0,0.031,,881.8077816797961,74.63824923117775,2.461153081418081,1,0.014,0.392,"{""maxlags"": 24}",830.7550530498963,74.22389207137559,2.2074882585026177,0,0.0,0.383,,148.68332475730622,12.171033875151414,0.3169983398424863,1,0.016,0.166,"{""maxlags"": 24}",529.3370168905085,30.82582061586126,1.0825216347001725,0,0.0,0.126,,528.231038917181,58.64789012796695,1.414789613979135,1,0.238,0.628,"{""yearly_seasonality"": false, ""weekly_seasonality"": true, ""daily_seasonality"": true, ""seasonality_mode"": ""multiplicative""}",517.1883349058637,60.508425590432886,1.4335263989183058,0,0.0,0.491,,1474.86703487131,88.72263860657715,4.436614125213751,1,0.013,0.627,"{""maxlags"": 24}",765.8362098832027,60.05528867526829,1.6858621290171223,0,0.0,0.615,
147,H148,172800.0,without_retrain,0,,,,,,,,,,,,,,,,,,,,,,142.71869545088376,60.90951859000271,0.7698071533566678,1.0,6.663,0.764,"{""order"": [27, 0, 0]}",,,,,,,,,,,,,,,,,,,,,,,,,,,,,141.41754997618338,49.41217745586173,0.7644051780976326,0,0.0,3.584,,396.5906870623183,155.63127231134416,2.137839645309997,0,0.0,3.586,,,,,,,,,,,,,,,,,,,,,,,184.17442016449752,52.01258787492609,0.937982929777812,1.0,0.025,0.645,"{""error"": ""add"", ""trend"": null, ""damped_trend"": false, ""seasonal"": ""mul"", ""seasonal_periods"": 24}",,,,,,,,,,,,,,,,,,,,,,,,,,,,,431.9097312129681,156.97656939091678,2.311121140522008,0,0.0,0.069,,134.64228007896054,38.53421652191423,0.72105144997104,1,0.013,0.365,"{""maxlags"": 24}",108.59943953786572,36.280037014959575,0.5918985154862598,0,0.0,0.406,,128.30787820914952,30.912696232036375,0.6504600662405448,1,0.015,0.142,"{""maxlags"": 24}",208.06072718982293,52.85976373023362,1.1478617841693963,0,0.0,0.126,,132.5523877945937,57.597697945773184,0.7714138098088638,1,0.334,0.732,"{""yearly_seasonality"": false, ""weekly_seasonality"": false, ""daily_seasonality"": true, ""seasonality_mode"": ""multiplicative""}",99.94676651052252,46.13463941280654,0.5938038537568283,0,0.0,0.468,,171.9174733078496,45.14905285016784,0.9167088465917358,1,0.016,0.635,"{""maxlags"": 24}",130.87692444782573,37.68974695656843,0.6692428906127953,0,0.0,0.636,
148,H149,172800.0,without_retrain,0,,,,,,,,,,,,,,,,,,,,,,,,,,,,,380.4725856643228,36.4400605805905,1.4704221628456555,1.0,13.717,4.03,"{""order"": [48, 1, 0]}",,,,,,,,,,,,,,,,,,,,,,299.95813733552603,41.64169783249833,1.2722630840594016,0,0.0,3.384,,721.2269666058578,41.094271717094,2.598057055545068,0,0.0,2.504,,,,,,,,,,,,,,,,,,,,,,,,,,,,,,299.74085066516346,31.50836311129561,1.1936932502979063,1.0,0.031,0.65,"{""error"": ""add"", ""trend"": null, ""damped_trend"": false, ""seasonal"": ""mul"", ""seasonal_periods"": 24}",,,,,,,,,,,,,,,,,,,,,,371.2866555332434,100.7152370343542,1.8234311570709565,0,0.0,0.048,,257.4708156340033,27.38945457459846,0.8100529911494778,1,0.023,0.351,"{""maxlags"": 24}",251.73652975784964,26.02080593736469,0.7768041646996098,0,0.0,0.383,,242.47221424389852,31.98360492201593,0.8797224521098154,1,0.022,0.146,"{""maxlags"": 24}",254.3789898531957,24.761370364978703,0.7881324297441065,0,0.0,0.123,,288.6812986168796,54.00773121292087,1.1803759001456715,1,0.299,0.687,"{""yearly_seasonality"": false, ""weekly_seasonality"": true, ""daily_seasonality"": true, ""seasonality_mode"": ""multiplicative""}",253.58977644156167,49.208165377672834,1.037290574140504,0,0.0,0.45,,247.22630355431696,29.40864666786433,0.8420180804206424,1,0.02,0.649,"{""maxlags"": 24}",247.52454206888348,28.61347883176018,0.843561465654239,0,0.0,0.606,
149,H150,172800.0,without_retrain,0,,,,,,,,,,,,,,,,,,,,,,,,,,,,,,,,,,,,91.18382783557564,49.22700058118374,1.2757806115681798,1.0,6.05,0.848,"{""order"": [48, 1, 0]}",,,,,,,,,,,,,,,96.9685924507762,55.010927602538736,1.383610744418287,0,0.0,4.55,,67.66729036072832,40.671908718876026,1.028341119910705,0,0.0,4.276,,,,,,,,,,,,,,,,,,,,,,,,,,,,,,,,,,,,,56.0560857821993,78.56591228258917,1.0921286817473703,1.0,0.041,8.495,"{""error"": ""add"", ""trend"": null, ""damped_trend"": false, ""seasonal"": ""add"", ""seasonal_periods"": 168}",,,,,,,,,,,,,,,134.4906102570202,192.42494583819143,2.3509523558299072,0,0.0,0.061,,20.61749307769705,14.893950863673451,0.3098608436029046,1,0.013,0.891,"{""maxlags"": 168}",30.08175163920903,23.11290124015905,0.4944071914780112,0,0.0,0.39,,22.397232118963995,14.504369704372062,0.3397699589697487,1,0.013,0.146,"{""maxlags"": 168}",55.74328258583776,30.940205495522417,0.7898381378991365,0,0.0,0.154,,49.477135336970015,45.17374800709059,0.7473716911828205,1,0.318,0.527,"{""yearly_seasonality"": false, ""weekly_seasonality"": true, ""daily_seasonality"": true, ""seasonality_mode"": ""additive""}",49.477135336970015,45.17374800709059,0.7473716911828205,0,0.0,0.442,,19.997299971930705,14.062311138364636,0.3011498170101442,1,0.012,2.082,"{""maxlags"": 168}",65.65681875505814,30.663406510824373,0.8912657095266017,0,0.0,0.597,
150,H151,172800.0,without_retrain,0,,,,,,,,,,,,,,,,,,,,,,,,,,,,,,,,,,,,,,,,,,,508.68428501084975,72.8071291407385,1.368735639698082,1.0,6.158,0.529,"{""order"": [26, 0, 0]}",,,,,,,,503.4640311896479,56.26401090405747,1.3159357962614482,0,0.0,4.047,,6634.8145791674015,118.2968179213863,17.292636709897575,0,0.0,2.465,,,,,,,,,,,,,,,,,,,,,,,,,,,,,,,,,,,,,,,,,,,,728.3832654765099,56.375747593117545,2.0831530454428244,1.0,0.023,0.922,"{""error"": ""add"", ""trend"": null, ""damped_trend"": false, ""seasonal"": ""mul"", ""seasonal_periods"": 24}",,,,,,,,939.1002891073396,102.36739671765736,3.174475252445481,0,0.0,0.031,,589.3884567463181,45.34112206942675,1.42803290550989,1,0.012,0.363,"{""maxlags"": 24}",577.6080206680768,48.44960764549387,1.43163528854586,0,0.0,0.399,,607.8454268035749,40.41420642057924,1.3211134867744008,1,0.014,0.175,"{""maxlags"": 24}",644.7251074102671,52.27719268241554,1.6309109443113148,0,0.0,0.133,,606.5092119690734,72.38102069000725,1.8049040360943185,1,0.251,0.429,"{""yearly_seasonality"": false, ""weekly_seasonality"": false, ""daily_seasonality"": true, ""seasonality_mode"": ""multiplicative""}",607.1481952145568,63.55878857857755,1.6212931720654034,0,0.0,0.507,,567.5260900732385,44.711049613722025,1.3881295252857644,1,0.012,0.638,"{""maxlags"": 24}",582.7047349277973,45.810727157927296,1.4118777483876264,0,0.0,0.608,
151,H152,172800.0,without_retrain,0,,,,,,,,,,,,,,,,,,,,,,,,,,,,,,,,,,,,,,,,,,,,,,,,,,220.6906582937468,71.80264756866642,0.7928613353861887,1.0,2.584,0.155,"{""order"": [24, 1, 0]}",233.8263095420136,72.47192286760816,0.7585235177899928,0,0.0,8.193,,183.64543770147785,44.11542495670191,0.5831102088843709,0,0.0,3.219,,,,,,,,,,,,,,,,,,,,,,,,,,,,,,,,,,,,,,,,,,,,,,,,,,,177.89575952957918,44.14661835338865,0.5781440460412401,1.0,0.026,0.486,"{""error"": ""add"", ""trend"": null, ""damped_trend"": false, ""seasonal"": ""mul"", ""seasonal_periods"": 24}",435.7369333888621,199.3283583548272,1.6237535332731994,0,0.0,0.032,,169.6370904819659,56.387038407206624,0.6526573181484402,1,0.015,0.335,"{""maxlags"": 20}",165.55390437452849,51.676727187631776,0.6177955388126537,0,0.0,0.378,,169.53653880397874,43.02751328679204,0.5666981996149684,1,0.017,0.139,"{""maxlags"": 20}",158.8987677045396,44.8744378485379,0.5427978850284448,0,0.0,0.114,,145.3692963402637,62.97523971867148,0.5616521931173888,1,0.319,0.677,"{""yearly_seasonality"": false, ""weekly_seasonality"": false, ""daily_seasonality"": true, ""seasonality_mode"": ""multiplicative""}",285.14555763835546,85.39109763334021,1.179316719535222,0,0.0,0.58,,132.6871349216649,40.02250865373891,0.4743842778848997,1,0.015,0.599,"{""maxlags"": 20}",135.7539194363705,40.597124159227306,0.4841406192927451,0,0.0,0.574,
152,H153,172800.0,without_retrain,0,286.69849460016445,62.41616462545363,1.6907967169888185,1.0,7.072,0.863,"{""order"": [31, 1, 0]}",,,,,,,,,,,,,,,,,,,,,,,,,,,,,,,,,,,,,,,,,,,,,,,,,,272.65681082953927,61.24980530102195,1.6159001807221405,0,0.0,3.797,,681.4745404462774,83.95346070001311,4.161974403325601,0,0.0,3.854,,406.8533610551555,73.17470060373235,2.2217891811625274,1.0,0.027,0.512,"{""error"": ""add"", ""trend"": ""add"", ""damped_trend"": true, ""seasonal"": ""mul"", ""seasonal_periods"": 24}",,,,,,,,,,,,,,,,,,,,,,,,,,,,,,,,,,,,,,,,,,,,,,,,,,2854.0191320545578,193.12237017031464,18.39760002285679,0,0.0,0.044,,209.337786457759,42.10216223077111,1.0934069555536663,1,0.014,0.371,"{""maxlags"": 24}",251.82937136933143,52.16484858995784,1.3977377738298278,0,0.0,0.394,,189.17282007407331,32.4548287134532,0.877887669374631,1,0.015,0.156,"{""maxlags"": 24}",192.93666068149403,33.75746729715709,0.9025536982592454,0,0.0,0.161,,173.43750736303022,44.382514776039386,0.9431882883232628,1,0.334,0.806,"{""yearly_seasonality"": false, ""weekly_seasonality"": true, ""daily_seasonality"": true, ""seasonality_mode"": ""multiplicative""}",171.06485040693462,50.44466397027444,0.9312780859409776,0,0.0,0.463,,197.52948899675184,34.18051971579394,0.9256362569248988,1,0.013,0.668,"{""maxlags"": 24}",197.2493323345592,33.17032992964633,0.9197699396538204,0,0.0,0.57,
153,H154,172800.0,without_retrain,0,,,,,,,,106.72207632930744,48.022597913003416,0.4553103091921333,1.0,3.752,0.181,"{""order"": [26, 1, 0]}",,,,,,,,,,,,,,,,,,,,,,,,,,,,,,,,,,,,,,,,,,,118.39193950734074,45.44760458887336,0.4289321856016084,0,0.0,3.532,,164.8106422285645,36.98750317060557,0.6150113620578752,0,0.0,3.285,,,,,,,,,882.4232173978163,91.70277235571636,3.4419810376326665,1.0,0.025,0.463,"{""error"": ""add"", ""trend"": ""add"", ""damped_trend"": true, ""seasonal"": ""mul"", ""seasonal_periods"": 24}",,,,,,,,,,,,,,,,,,,,,,,,,,,,,,,,,,,,,,,,,,,398.9968088784509,191.68991406187203,1.658269840090811,0,0.0,0.037,,79.89811803200759,22.62350682081705,0.3090092251866848,1,0.015,0.38,"{""maxlags"": 24}",87.126272817361,24.35370598147139,0.3225572792476298,0,0.0,0.377,,250.28915861751628,42.16322463277522,0.8719481636087748,1,0.013,0.143,"{""maxlags"": 24}",148.8489597799903,33.16528045985831,0.5274088458672404,0,0.0,0.129,,144.13683795708687,32.457841538017384,0.5296736624225932,1,0.224,0.609,"{""yearly_seasonality"": false, ""weekly_seasonality"": false, ""daily_seasonality"": true, ""seasonality_mode"": ""multiplicative""}",152.49289782702343,62.12588871298681,0.6331740436245789,0,0.0,0.583,,96.33814127949027,25.98851686337275,0.3573059761470961,1,0.013,0.675,"{""maxlags"": 24}",83.21764208727615,24.360600834370786,0.3210857313104612,0,0.0,0.569,
154,H155,172800.0,without_retrain,0,,,,,,,,,,,,,,,627.4327992353197,62.91786353011653,1.288469205010115,1.0,1.859,0.424,"{""order"": [38, 1, 0]}",,,,,,,,,,,,,,,,,,,,,,,,,,,,,,,,,,,,735.5568637187064,68.94337063244554,1.4862334338075691,0,0.0,5.698,,1261.6519568289507,72.76631175298127,2.4880128249340934,0,0.0,3.267,,,,,,,,,,,,,,,,644.2714373340033,61.10499203104768,1.360801108322958,1.0,0.025,0.541,"{""error"": ""add"", ""trend"": ""add"", ""damped_trend"": true, ""seasonal"": ""mul"", ""seasonal_periods"": 24}",,,,,,,,,,,,,,,,,,,,,,,,,,,,,,,,,,,,2356.295784626245,197.0392028853399,5.73508031200891,0,0.0,0.044,,546.0344040998522,43.003038048537256,1.054470369213524,1,0.017,0.407,"{""maxlags"": 24}",463.74681329292105,47.95021264702816,1.015192804124846,0,0.0,0.378,,706.5151806442422,50.06436626802535,1.303435282188583,1,0.015,0.14,"{""maxlags"": 24}",552.7292850057775,51.141861192231936,1.1601005645772042,0,0.0,0.113,,491.3416203225625,43.70451722102033,0.994764453553972,1,0.188,0.465,"{""yearly_seasonality"": false, ""weekly_seasonality"": false, ""daily_seasonality"": true, ""seasonality_mode"": ""multiplicative""}",395.0369055794944,80.81353687064451,0.9182703059899642,0,0.0,0.403,,664.996143875555,54.01324357888871,1.3194790322129182,1,0.015,0.661,"{""maxlags"": 24}",455.5149954435018,48.21840056079838,0.9917630797674808,0,0.0,0.566,
155,H156,172800.0,without_retrain,0,,,,,,,,,,,,,,,,,,,,,,36.52725920996604,22.49320773585313,0.5760035597407916,1.0,6.189,0.619,"{""order"": [27, 1, 0]}",,,,,,,,,,,,,,,,,,,,,,,,,,,,,34.01414099976797,18.10585914645813,0.491670459907098,0,0.0,3.903,,70.06240833635307,42.63332594134408,1.2365547539218338,0,0.0,5.457,,,,,,,,,,,,,,,,,,,,,,,29.093852269818708,16.427490127554535,0.4680066216690473,1.0,0.024,1.163,"{""error"": ""add"", ""trend"": ""add"", ""damped_trend"": true, ""seasonal"": ""mul"", ""seasonal_periods"": 24}",,,,,,,,,,,,,,,,,,,,,,,,,,,,,216.59249829959936,186.90760495965145,3.80823568052039,0,0.0,0.039,,18.55953763321569,12.295056495646506,0.3017860885354708,1,0.016,0.363,"{""maxlags"": 24}",18.15792609978511,12.134461476206498,0.2830316080953305,0,0.0,0.374,,20.964837498047856,14.690911865226395,0.3268289950677073,1,0.015,0.153,"{""maxlags"": 24}",20.663306420001323,15.926718662576429,0.3296914884606092,0,0.0,0.144,,65.45221122179959,44.81082747578856,1.1698816637700766,1,0.531,0.537,"{""yearly_seasonality"": false, ""weekly_seasonality"": true, ""daily_seasonality"": true, ""seasonality_mode"": ""multiplicative""}",67.37686483372534,44.08855491624149,1.1727407571940998,0,0.0,0.684,,19.17392153536817,12.939621300283028,0.3079929787546153,1,0.013,0.624,"{""maxlags"": 24}",17.336322184312518,13.17206911535021,0.2975100798801626,0,0.0,0.613,
156,H157,172800.0,without_retrain,0,,,,,,,,,,,,,,,,,,,,,,,,,,,,,64.57417901346196,28.82616823205389,1.0397359006696405,1.0,5.349,0.644,"{""order"": [27, 0, 0]}",,,,,,,,,,,,,,,,,,,,,,58.21753866494912,25.51124030728536,0.9327523231580004,0,0.0,5.616,,90.30088401593076,46.782489221385845,1.586389283151802,0,0.0,4.416,,,,,,,,,,,,,,,,,,,,,,,,,,,,,,116.78552078343732,89.53742662135824,2.330799771329676,1.0,0.03,0.352,"{""error"": ""add"", ""trend"": null, ""damped_trend"": false, ""seasonal"": ""mul"", ""seasonal_periods"": 24}",,,,,,,,,,,,,,,,,,,,,,197.0865069656689,199.9999999743278,4.187053769611193,0,0.0,0.033,,42.85320755780844,18.74816816255497,0.7208904701672779,1,0.023,0.367,"{""maxlags"": 24}",39.79382359068615,23.72478971212216,0.7212437990455934,0,0.0,0.38,,49.76153103709177,27.653292540158485,0.8972935340445733,1,0.021,0.151,"{""maxlags"": 24}",61.82712949672959,33.82571789011402,1.0929358385726025,0,0.0,0.144,,50.15682875858831,43.03014161101722,1.0185559283614627,1,0.424,0.696,"{""yearly_seasonality"": false, ""weekly_seasonality"": false, ""daily_seasonality"": true, ""seasonality_mode"": ""multiplicative""}",55.25943983563212,47.89827305206237,0.9998451056865127,0,0.0,0.433,,45.4703928922337,19.887467379875822,0.7499698156084302,1,0.021,0.674,"{""maxlags"": 24}",41.44898504348223,23.74402900472087,0.740999295463029,0,0.0,0.591,
157,H158,172800.0,without_retrain,0,,,,,,,,,,,,,,,,,,,,,,,,,,,,,,,,,,,,749.7065644003945,51.38903993182394,1.2826977637121495,1.0,6.784,1.503,"{""order"": [35, 1, 0]}",,,,,,,,,,,,,,,760.1852202241779,52.82568813488339,1.3084055410120314,0,0.0,5.973,,2814.8381021708524,80.03807569184153,5.192909529371993,0,0.0,3.34,,,,,,,,,,,,,,,,,,,,,,,,,,,,,,,,,,,,,848.5379498733743,51.0333505703339,1.4442555972215991,1.0,0.034,0.786,"{""error"": ""add"", ""trend"": null, ""damped_trend"": false, ""seasonal"": ""mul"", ""seasonal_periods"": 24}",,,,,,,,,,,,,,,1929.3702867048823,147.4327578899757,3.734447305571605,0,0.0,0.026,,727.0836404152319,40.42070379705951,1.0306484882646438,1,0.017,0.388,"{""maxlags"": 24}",743.3815843834976,40.4718097858058,1.1115167944076123,0,0.0,0.416,,734.185167316908,44.87488587145949,1.0925040759114872,1,0.017,0.134,"{""maxlags"": 24}",729.3526374292014,60.569100280830334,1.26316418795644,0,0.0,0.158,,756.2677973225468,50.33139470888131,1.331360336377471,1,0.252,0.492,"{""yearly_seasonality"": false, ""weekly_seasonality"": true, ""daily_seasonality"": true, ""seasonality_mode"": ""multiplicative""}",756.422301482269,48.66577235332961,1.3580149159044903,0,0.0,0.431,,725.5996556829442,40.25147434696501,1.0311593193581126,1,0.018,0.65,"{""maxlags"": 24}",826.5754237928361,41.532522194673504,1.2434293221260433,0,0.0,0.603,
158,H159,172800.0,without_retrain,0,,,,,,,,,,,,,,,,,,,,,,,,,,,,,,,,,,,,,,,,,,,108.20639664630838,38.713423805526695,0.8331908683327303,1.0,7.424,1.531,"{""order"": [34, 1, 0]}",,,,,,,,118.59987989829152,41.06611236510913,0.9054094167390744,0,0.0,3.801,,618.6812123991776,71.1038896580114,4.10240542432232,0,0.0,5.328,,,,,,,,,,,,,,,,,,,,,,,,,,,,,,,,,,,,,,,,,,,,205.92820507246932,90.75625962211738,1.6943180901790915,1.0,0.045,8.515,"{""error"": ""add"", ""trend"": null, ""damped_trend"": false, ""seasonal"": ""add"", ""seasonal_periods"": 168}",,,,,,,,499.373843039748,194.1982172556524,3.902468953038523,0,0.0,0.035,,49.281924625964045,11.914215812885644,0.3261029769904104,1,0.016,0.943,"{""maxlags"": 168}",95.70449042134123,28.29698004427584,0.6273293928248926,0,0.0,0.43,,53.23778869983992,12.484552409026236,0.3343346922481373,1,0.014,0.166,"{""maxlags"": 168}",285.9396554569312,70.78443351373278,1.8883147233102413,0,0.0,0.168,,144.2824156256475,50.14128391842993,1.0734601125409722,1,0.366,0.837,"{""yearly_seasonality"": false, ""weekly_seasonality"": true, ""daily_seasonality"": true, ""seasonality_mode"": ""additive""}",144.2824156256475,50.14128391842993,1.0734601125409722,0,0.0,0.546,,58.47051953884628,12.94665373683764,0.3455545639132832,1,0.013,2.103,"{""maxlags"": 168}",267.363401090008,60.97272244261151,1.6962909610739232,0,0.0,0.594,
159,H160,172800.0,without_retrain,0,,,,,,,,,,,,,,,,,,,,,,,,,,,,,,,,,,,,,,,,,,,,,,,,,,63.01119383707577,46.70261809456088,1.0002146387488782,1.0,3.391,0.787,"{""order"": [29, 1, 0]}",62.41044111398711,43.602317512594446,0.9644208049751898,0,0.0,3.644,,94.47693875969745,34.88271201200491,1.3007393795589568,0,0.0,5.872,,,,,,,,,,,,,,,,,,,,,,,,,,,,,,,,,,,,,,,,,,,,,,,,,,,333.207457074528,71.64747029540865,5.013472328981602,1.0,0.026,0.6,"{""error"": ""add"", ""trend"": ""add"", ""damped_trend"": true, ""seasonal"": ""mul"", ""seasonal_periods"": 24}",234.226151583421,176.0779763296354,3.625441436188069,0,0.0,0.031,,54.37000343625551,22.5259203929656,0.7172474335378768,1,0.016,0.374,"{""maxlags"": 24}",38.88843167526516,17.489855467986335,0.5064184702688724,0,0.0,0.352,,74.05144999881132,34.37506055005639,1.0198202334622604,1,0.016,0.164,"{""maxlags"": 24}",116.05208442225548,30.49106969632693,1.2473955868325255,0,0.0,0.173,,70.1610022237753,35.66294719476202,1.0452491027833364,1,0.193,0.734,"{""yearly_seasonality"": false, ""weekly_seasonality"": false, ""daily_seasonality"": true, ""seasonality_mode"": ""multiplicative""}",59.229063919960495,49.68082583666575,1.0348728652006758,0,0.0,0.477,,60.20319530076404,26.008390098319865,0.8367993762429823,1,0.014,0.659,"{""maxlags"": 24}",35.712531551674665,16.09967327954022,0.4610516347873463,0,0.0,0.596,
160,H161,172800.0,without_retrain,0,573.9706900652358,28.496501168901503,1.0978680069896336,1.0,4.521,1.279,"{""order"": [35, 1, 0]}",,,,,,,,,,,,,,,,,,,,,,,,,,,,,,,,,,,,,,,,,,,,,,,,,,572.4634068615301,28.96285086065113,1.1031914982017623,0,0.0,3.846,,2813.1407917518545,65.56854712464525,5.576625783336294,0,0.0,2.947,,11615.693643187178,197.6954395312297,24.046966798062822,1.0,0.028,0.837,"{""error"": ""add"", ""trend"": ""add"", ""damped_trend"": true, ""seasonal"": ""mul"", ""seasonal_periods"": 24}",,,,,,,,,,,,,,,,,,,,,,,,,,,,,,,,,,,,,,,,,,,,,,,,,,4790.286479157004,199.9999999993801,11.466848538190227,0,0.0,0.029,,546.0865779082862,23.250628654409315,1.023255330207519,1,0.018,0.403,"{""maxlags"": 24}",580.9833222621205,26.30692701623698,1.094041332665547,0,0.0,0.419,,591.3836438566562,29.170000830352365,1.0879175381157582,1,0.016,0.164,"{""maxlags"": 24}",510.77671412881415,27.210084961759804,0.9895887187195758,0,0.0,0.164,,508.01020365686657,27.014842173741823,1.0635950047643326,1,0.305,0.615,"{""yearly_seasonality"": false, ""weekly_seasonality"": false, ""daily_seasonality"": true, ""seasonality_mode"": ""multiplicative""}",507.66340403625503,29.650311232462546,1.0411465475493762,0,0.0,0.46,,442.54071406421775,20.390430450950344,0.8702405523883666,1,0.018,0.634,"{""maxlags"": 24}",578.0879862873437,25.60231486443772,1.0817390326986345,0,0.0,0.606,
161,H162,172800.0,without_retrain,0,,,,,,,,152.52313095739277,72.9532412751275,1.4102761096411405,1.0,6.12,1.16,"{""order"": [32, 0, 0]}",,,,,,,,,,,,,,,,,,,,,,,,,,,,,,,,,,,,,,,,,,,154.4976784342517,71.9781529777137,1.413540087122463,0,0.0,3.749,,278.17392758088266,96.09375111144588,3.214371522158279,0,0.0,4.194,,,,,,,,,165.50572026394164,78.04869858092528,1.5237894427449952,1.0,0.031,0.84,"{""error"": ""add"", ""trend"": null, ""damped_trend"": false, ""seasonal"": ""mul"", ""seasonal_periods"": 24}",,,,,,,,,,,,,,,,,,,,,,,,,,,,,,,,,,,,,,,,,,,585.2426991533271,199.9999999923369,7.659843313984406,0,0.0,0.03,,86.88185078360479,34.46458036348951,0.6354430998788393,1,0.014,0.392,"{""maxlags"": 24}",96.51069427073938,41.77501185254855,0.8078064449518569,0,0.0,0.41,,89.74661622148554,34.657113924958914,0.6740410576189907,1,0.017,0.156,"{""maxlags"": 24}",110.37779782246076,50.36788586764081,0.9532729800597228,0,0.0,0.172,,101.5256069002074,73.91229520172719,1.130741006377155,1,0.196,0.73,"{""yearly_seasonality"": false, ""weekly_seasonality"": true, ""daily_seasonality"": true, ""seasonality_mode"": ""multiplicative""}",100.43339403170933,70.7720863272941,1.109403494438992,0,0.0,0.497,,140.95509500793398,49.02854635589495,1.10031929235597,1,0.013,0.648,"{""maxlags"": 24}",142.2174608174579,59.47524727383691,1.230134133281913,0,0.0,0.614,
162,H163,172800.0,without_retrain,0,,,,,,,,,,,,,,,87.335307200157,33.22489019871606,0.6494727228029419,1.0,5.91,1.019,"{""order"": [30, 1, 0]}",,,,,,,,,,,,,,,,,,,,,,,,,,,,,,,,,,,,99.45910156816008,29.24903248450744,0.7336912973023387,0,0.0,4.666,,159.2762665942113,47.50336202463049,1.291233058525183,0,0.0,4.07,,,,,,,,,,,,,,,,156.5974804478773,38.6268869377943,1.095420423538266,1.0,0.027,0.464,"{""error"": ""add"", ""trend"": ""add"", ""damped_trend"": true, ""seasonal"": ""mul"", ""seasonal_periods"": 24}",,,,,,,,,,,,,,,,,,,,,,,,,,,,,,,,,,,,505.5540716378569,199.99999998742112,4.4608884842036085,0,0.0,0.029,,40.18278348160137,12.293967024089062,0.2925459713432751,1,0.014,0.393,"{""maxlags"": 24}",40.104661271622405,13.920917894915428,0.3074072195522622,0,0.0,0.387,,38.59460153925998,14.211809878753428,0.3092183088768766,1,0.015,0.151,"{""maxlags"": 24}",53.00326816423057,14.384195203841296,0.3624192583484388,0,0.0,0.157,,131.59350292397332,53.02644110234754,1.2521863258879755,1,0.61,0.642,"{""yearly_seasonality"": false, ""weekly_seasonality"": true, ""daily_seasonality"": true, ""seasonality_mode"": ""multiplicative""}",139.5962934073001,57.09671437649232,1.3349446956476971,0,0.0,0.824,,45.56032305307185,12.80075085280346,0.339317304483891,1,0.013,0.648,"{""maxlags"": 24}",180.9452871674203,26.183820956437444,1.0281530046821543,0,0.0,0.606,
163,H164,172800.0,without_retrain,0,,,,,,,,,,,,,,,,,,,,,,671.62256707919,54.26569607131798,1.725886219361651,1.0,11.915,2.781,"{""order"": [44, 1, 0]}",,,,,,,,,,,,,,,,,,,,,,,,,,,,,726.9535359998277,56.87051165449136,1.7233077207269096,0,0.0,3.427,,3015.5218977908044,95.59269035345284,7.518467462522303,0,0.0,3.213,,,,,,,,,,,,,,,,,,,,,,,5361.744946658002,195.66235710955493,13.684919706402331,1.0,0.03,0.786,"{""error"": ""add"", ""trend"": ""add"", ""damped_trend"": true, ""seasonal"": ""mul"", ""seasonal_periods"": 24}",,,,,,,,,,,,,,,,,,,,,,,,,,,,,2168.516229803552,176.04951674378364,4.911887956584624,0,0.0,0.06,,506.1085783121657,42.0160123737863,1.1445167898452488,1,0.019,0.419,"{""maxlags"": 24}",792.0219756999782,62.5414945163083,1.931203967283556,0,0.0,0.383,,754.739539640646,54.585722818480654,1.7209462430875524,1,0.017,0.148,"{""maxlags"": 24}",584.4262516368595,38.06117877769102,1.2373288455817115,0,0.0,0.14,,676.6260952606167,46.16089765033311,1.6671406725854212,1,0.223,0.625,"{""yearly_seasonality"": false, ""weekly_seasonality"": false, ""daily_seasonality"": true, ""seasonality_mode"": ""multiplicative""}",428.895101802091,44.95992734342107,1.018542086714033,0,0.0,0.52,,572.1210290955476,50.10241926324676,1.362282828828399,1,0.019,0.621,"{""maxlags"": 24}",813.0146368624377,58.53130419156636,1.8638384557398395,0,0.0,0.599,
164,H165,172800.0,without_retrain,0,,,,,,,,,,,,,,,,,,,,,,,,,,,,,78.3956054151229,31.209792831342032,0.5948752933798777,1.0,13.269,4.572,"{""order"": [48, 1, 0]}",,,,,,,,,,,,,,,,,,,,,,92.0328636744042,32.474071782815,0.6247162956400315,0,0.0,3.577,,206.45493623479248,56.01605060927437,1.4979417773872,0,0.0,4.37,,,,,,,,,,,,,,,,,,,,,,,,,,,,,,154.3174792858036,93.59034665300952,1.329533626283577,1.0,0.038,8.646,"{""error"": ""add"", ""trend"": null, ""damped_trend"": false, ""seasonal"": ""add"", ""seasonal_periods"": 168}",,,,,,,,,,,,,,,,,,,,,,536.8437196054786,199.99999999116423,4.429383525612745,0,0.0,0.063,,60.29096639706598,17.22284454657351,0.4222867504320104,1,0.015,0.929,"{""maxlags"": 168}",159.92874451279738,38.79444859539466,1.0856922879451936,0,0.0,0.38,,55.585533795501576,16.713080893315883,0.3706656543970921,1,0.015,0.16,"{""maxlags"": 168}",127.046406265851,28.31899529184213,0.7921241878168929,0,0.0,0.133,,87.37597728657578,54.12971288695025,0.7573659543879813,1,0.415,0.492,"{""yearly_seasonality"": false, ""weekly_seasonality"": true, ""daily_seasonality"": true, ""seasonality_mode"": ""additive""}",87.37597728657578,54.12971288695025,0.7573659543879813,0,0.0,0.71,,54.76473864870342,17.40106444811958,0.3889247421382123,1,0.015,2.036,"{""maxlags"": 168}",133.3958931508494,28.60490348193278,0.7988342415393014,0,0.0,0.575,
165,H166,172800.0,without_retrain,0,,,,,,,,,,,,,,,,,,,,,,,,,,,,,,,,,,,,113.2641627228076,46.92750916312647,0.9108856360810308,1.0,14.211,4.374,"{""order"": [48, 1, 0]}",,,,,,,,,,,,,,,133.9564927250332,41.76432771297326,0.9509803139237992,0,0.0,4.061,,12485.100002532969,145.48654072083636,86.00390620707606,0,0.0,3.805,,,,,,,,,,,,,,,,,,,,,,,,,,,,,,,,,,,,,2518.5324559629344,119.12142816973972,11.370882958461191,1.0,0.025,0.484,"{""error"": ""add"", ""trend"": ""add"", ""damped_trend"": true, ""seasonal"": ""mul"", ""seasonal_periods"": 24}",,,,,,,,,,,,,,,2621.5354640098017,136.41750102154936,22.04666551739,0,0.0,0.027,,43.15845306878257,10.668062396716437,0.2851700619870879,1,0.012,0.392,"{""maxlags"": 24}",44.31536654421521,11.455140290064248,0.2938006684374081,0,0.0,0.369,,265.23585126002405,47.67444213762002,1.4741203614036895,1,0.013,0.152,"{""maxlags"": 24}",44.830984679696975,18.642183265314877,0.3101770374202272,0,0.0,0.14,,114.30901518404268,57.42404110663434,1.008817743118512,1,0.31,0.632,"{""yearly_seasonality"": false, ""weekly_seasonality"": true, ""daily_seasonality"": true, ""seasonality_mode"": ""multiplicative""}",105.77202512898228,56.63670346614461,0.9413235320390306,0,0.0,0.978,,48.85983436599022,10.64652842196797,0.3262620248670222,1,0.011,0.645,"{""maxlags"": 24}",45.75033983237749,10.91544456946358,0.3132848411081262,0,0.0,0.588,
166,H167,172800.0,without_retrain,0,,,,,,,,,,,,,,,,,,,,,,,,,,,,,,,,,,,,,,,,,,,36.93656960780186,25.37319392461742,0.7045865744839813,1.0,6.635,0.986,"{""order"": [31, 1, 0]}",,,,,,,,41.278971573204274,26.070566214194685,0.7587818900079094,0,0.0,3.596,,2070.4991582646394,114.72251449659711,35.06570694589269,0,0.0,3.982,,,,,,,,,,,,,,,,,,,,,,,,,,,,,,,,,,,,,,,,,,,,3515.9830269289305,140.53792536120832,65.39040039182555,1.0,0.025,0.762,"{""error"": ""add"", ""trend"": ""add"", ""damped_trend"": true, ""seasonal"": ""mul"", ""seasonal_periods"": 24}",,,,,,,,202.55151523455248,86.59209915667952,4.128640289986163,0,0.0,0.027,,15.906060806053006,10.420057390415062,0.2907825866613883,1,0.011,0.377,"{""maxlags"": 24}",15.798677511308506,10.541244022262392,0.2900597348290214,0,0.0,0.39,,70.88597065920527,26.80738177077698,1.0625402588420274,1,0.015,0.148,"{""maxlags"": 24}",33.634564704205474,20.26990758573267,0.5474894648209359,0,0.0,0.155,,40.46063194977784,41.0440617599939,0.8765619756738486,1,0.61,0.659,"{""yearly_seasonality"": false, ""weekly_seasonality"": true, ""daily_seasonality"": true, ""seasonality_mode"": ""multiplicative""}",36.14007532620924,38.12902057497963,0.7746300450543971,0,0.0,0.456,,112.72644228961173,54.04576288651668,2.107655645296457,1,0.012,0.647,"{""maxlags"": 24}",38.72353930892977,20.78053922066112,0.623580158588831,0,0.0,0.609,
167,H168,172800.0,without_retrain,0,,,,,,,,,,,,,,,,,,,,,,,,,,,,,,,,,,,,,,,,,,,,,,,,,,426.45520968224486,65.12074692572787,1.9412464694923053,1.0,12.989,3.968,"{""order"": [48, 1, 0]}",360.3373705187248,65.58254244154996,1.798887123879917,0,0.0,3.876,,1222.5978451026206,83.57155939038421,5.190915970425852,0,0.0,3.468,,,,,,,,,,,,,,,,,,,,,,,,,,,,,,,,,,,,,,,,,,,,,,,,,,,960.2558932162368,73.9189224953569,3.912963133387261,1.0,0.035,0.582,"{""error"": ""add"", ""trend"": null, ""damped_trend"": false, ""seasonal"": ""mul"", ""seasonal_periods"": 24}",2498.936186408215,195.07072435017508,12.510379225425254,0,0.0,0.03,,270.7649896737412,50.41092447187543,1.2384596118705262,1,0.02,0.406,"{""maxlags"": 24}",340.581979151363,53.02603643113642,1.493268139417622,0,0.0,0.369,,646.1058351818574,74.38312450084386,2.833665844211776,1,0.021,0.141,"{""maxlags"": 24}",337.313866995267,48.32551164507479,1.3710309691069764,0,0.0,0.145,,416.6080223323249,56.0699522159676,1.781840393997385,1,0.191,0.605,"{""yearly_seasonality"": false, ""weekly_seasonality"": false, ""daily_seasonality"": true, ""seasonality_mode"": ""multiplicative""}",233.24329245997416,47.57930322313447,1.0185043872072568,0,0.0,0.496,,295.18693396172733,54.841738768131904,1.2800963637033411,1,0.022,0.641,"{""maxlags"": 24}",444.1293412316252,64.7346106197502,1.881039147995936,0,0.0,0.604,
168,H169,172800.0,without_retrain,0,35.09825926021891,31.09513698987368,0.6444608338875851,1.0,7.975,0.908,"{""order"": [29, 1, 0]}",,,,,,,,,,,,,,,,,,,,,,,,,,,,,,,,,,,,,,,,,,,,,,,,,,39.494414295803104,40.10693539623112,0.6806772813941991,0,0.0,3.854,,227.1550827073634,194.84815805466815,4.33127143257719,0,0.0,0.43,,213.47610580968723,151.1587317403669,3.9894449412913993,1.0,0.024,0.873,"{""error"": ""add"", ""trend"": ""add"", ""damped_trend"": true, ""seasonal"": ""mul"", ""seasonal_periods"": 24}",,,,,,,,,,,,,,,,,,,,,,,,,,,,,,,,,,,,,,,,,,,,,,,,,,265.9850132039763,199.9999999839196,5.492236416085063,0,0.0,0.029,,25.531543156324787,10.648796486944256,0.3934776571173091,1,0.014,0.392,"{""maxlags"": 24}",25.228805110820847,11.090677378086946,0.3871550390072651,0,0.0,0.453,,98.06160463464684,33.799996539880844,1.4133146069658806,1,0.015,0.148,"{""maxlags"": 24}",26.57950275213407,13.347090833207105,0.4477103773280119,0,0.0,0.146,,58.815563232814654,44.38299410004557,1.0976070773708788,1,0.256,0.477,"{""yearly_seasonality"": false, ""weekly_seasonality"": true, ""daily_seasonality"": true, ""seasonality_mode"": ""multiplicative""}",54.78982163958578,44.01182937618089,1.0622686630702003,0,0.0,0.651,,27.292414731365,10.672401693975493,0.4273418851972229,1,0.015,0.629,"{""maxlags"": 24}",26.08236625672792,11.549505314747138,0.4214132322007558,0,0.0,0.635,
169,H170,172800.0,without_retrain,0,,,,,,,,0.0851801473503584,0.2879580355181302,0.3557859769595907,1.0,12.084,4.047,"{""order"": [48, 1, 0]}",,,,,,,,,,,,,,,,,,,,,,,,,,,,,,,,,,,,,,,,,,,0.1934102748338552,0.7285632865712565,0.8909522094613562,0,0.0,4.397,,0.1288565808452731,0.486124332174319,0.5864582806100644,0,0.0,3.661,,,,,,,,,0.0695652438877866,0.2646928249423407,0.3119047943046917,1.0,0.042,0.591,"{""error"": ""add"", ""trend"": ""add"", ""damped_trend"": true, ""seasonal"": ""mul"", ""seasonal_periods"": 24}",,,,,,,,,,,,,,,,,,,,,,,,,,,,,,,,,,,,,,,,,,,10.712684130480453,55.37269289821369,52.88094030920171,0,0.0,0.086,,0.1880407721613631,0.6660048687329422,0.7909967654355645,1,0.026,0.459,"{""maxlags"": 24}",0.3074035425380952,1.35074965194799,1.611414319136112,0,0.0,0.465,,0.1967989303274929,0.6596511363685388,0.8292580221454351,1,0.024,0.186,"{""maxlags"": 24}",0.7079013642251983,2.2939227673577034,2.856099288137889,0,0.0,0.162,,0.5548052390198462,2.2941366693760856,2.7716416148485155,1,0.304,0.565,"{""yearly_seasonality"": false, ""weekly_seasonality"": false, ""daily_seasonality"": true, ""seasonality_mode"": ""multiplicative""}",0.3128094910795552,1.3077507144325569,1.495070785932386,0,0.0,0.713,,0.1883527653728435,0.674203511811017,0.8065407725784888,1,0.028,0.729,"{""maxlags"": 24}",0.7388772944891612,2.4672052275378262,3.019537034964053,0,0.0,0.759,
170,H171,172800.0,without_retrain,0,,,,,,,,,,,,,,,0.121823499320278,0.4588940765595016,0.2017215275153046,1.0,13.02,4.898,"{""order"": [47, 1, 0]}",,,,,,,,,,,,,,,,,,,,,,,,,,,,,,,,,,,,0.5335702242832847,2.268297106700456,0.98691238036269,0,0.0,4.412,,0.1808868410664296,0.8702613018225461,0.3788531929677867,0,0.0,3.708,,,,,,,,,,,,,,,,2.67323826001226,12.0113368524076,4.9409948154211705,1.0,0.045,0.685,"{""error"": ""add"", ""trend"": ""add"", ""damped_trend"": true, ""seasonal"": ""add"", ""seasonal_periods"": 24}",,,,,,,,,,,,,,,,,,,,,,,,,,,,,,,,,,,,3.4715580021798678,16.46311234347527,7.345909596846975,0,0.0,0.058,,0.0623269439597835,0.2568536903113872,0.1073003308189675,1,0.018,0.441,"{""maxlags"": 24}",0.1326086034379258,0.5491885146098862,0.2426302814701162,0,0.0,0.47,,0.1161086456356403,0.4205320926962062,0.1777216985953337,1,0.021,0.192,"{""maxlags"": 24}",0.2404193196572916,0.7933858353053118,0.3617650316161886,0,0.0,0.176,,3.3471283476749663,14.956272102889118,6.693113797214861,1,0.669,0.847,"{""yearly_seasonality"": false, ""weekly_seasonality"": false, ""daily_seasonality"": true, ""seasonality_mode"": ""additive""}",3.374712683491461,15.031404896868072,6.732818712849476,0,0.0,0.644,,0.1014234344850768,0.2937978637969014,0.1234433361452973,1,0.019,0.702,"{""maxlags"": 24}",0.1583594740558486,0.6577793593287917,0.2887438184921968,0,0.0,0.691,
171,H172,172800.0,without_retrain,0,,,,,,,,,,,,,,,,,,,,,,0.1221422780196554,0.4898114921412563,0.7341822757163313,1.0,12.657,6.244,"{""order"": [48, 1, 0]}",,,,,,,,,,,,,,,,,,,,,,,,,,,,,0.0657953751238702,0.2714441357114333,0.3799245372473777,0,0.0,4.264,,0.1280590675656674,0.495906530742801,0.7456736534673816,0,0.0,3.295,,,,,,,,,,,,,,,,,,,,,,,0.2070561593879523,0.8746739285082454,1.2741020752601009,1.0,0.039,0.672,"{""error"": ""add"", ""trend"": ""add"", ""damped_trend"": true, ""seasonal"": ""add"", ""seasonal_periods"": 24}",,,,,,,,,,,,,,,,,,,,,,,,,,,,,14.901157271447069,94.67806955596144,92.60527268086646,0,0.0,0.059,,0.133834842334565,0.4731558044955474,0.7256175074758705,1,0.024,0.453,"{""maxlags"": 24}",0.4188966590249073,1.8890477387828144,2.6682025185203773,0,0.0,0.53,,0.1642258173437665,0.5674742028628844,0.864467273893229,1,0.025,0.183,"{""maxlags"": 24}",0.4314807784443327,1.8022260117528688,2.5914295875436606,0,0.0,0.18,,0.2982544687115088,1.106348383839456,1.6413871272675309,1,0.323,0.488,"{""yearly_seasonality"": false, ""weekly_seasonality"": false, ""daily_seasonality"": true, ""seasonality_mode"": ""additive""}",0.2999193646278972,1.1083494722974103,1.6560699198106288,0,0.0,0.578,,0.1476269903636311,0.5239313156725552,0.775979996753736,1,0.028,0.727,"{""maxlags"": 24}",0.697639694098368,2.7746366678971093,4.010784246421345,0,0.0,0.736,
172,H173,172800.0,without_retrain,0,,,,,,,,,,,,,,,,,,,,,,,,,,,,,0.054337470121095,0.2101251341502437,0.3015007292772148,1.0,14.952,5.727,"{""order"": [48, 1, 0]}",,,,,,,,,,,,,,,,,,,,,,0.0768787822704647,0.3136419095857765,0.4638012153556438,0,0.0,4.427,,0.5157103367593179,2.0876194850620977,3.177956858303544,0,0.0,3.249,,,,,,,,,,,,,,,,,,,,,,,,,,,,,,0.0844829537127912,0.3093180607786812,0.4534765373139977,1.0,0.036,0.562,"{""error"": ""add"", ""trend"": ""add"", ""damped_trend"": true, ""seasonal"": ""add"", ""seasonal_periods"": 24}",,,,,,,,,,,,,,,,,,,,,,15.188341354351424,98.8207056863598,94.38718715105075,0,0.0,0.043,,0.0766455661649404,0.2558215285630031,0.3910332317157219,1,0.021,0.432,"{""maxlags"": 24}",0.3392336751674379,1.481356476959921,2.1257251975752696,0,0.0,0.445,,0.148906913840906,0.4518322484781058,0.7270974381573848,1,0.022,0.192,"{""maxlags"": 24}",0.7556468585502062,2.760356465311601,4.0973364166226665,0,0.0,0.185,,0.2489552273630212,0.9460524460199258,1.394520028578678,1,0.302,0.946,"{""yearly_seasonality"": false, ""weekly_seasonality"": false, ""daily_seasonality"": true, ""seasonality_mode"": ""additive""}",0.2551961898414056,0.9898607314946364,1.4709942977665185,0,0.0,0.821,,0.086509665270061,0.2890878892575831,0.4360764999170898,1,0.023,0.71,"{""maxlags"": 24}",0.847520613496028,3.077952867470084,4.590684582737172,0,0.0,0.653,
173,H174,172800.0,without_retrain,0,,,,,,,,,,,,,,,,,,,,,,,,,,,,,,,,,,,,0.0726641507209316,0.2910694632971414,0.0713876841975211,1.0,11.449,5.392,"{""order"": [46, 1, 0]}",,,,,,,,,,,,,,,0.0839019551526231,0.3024481490369161,0.0767038813277263,0,0.0,4.328,,0.0736325308738196,0.2762115111694316,0.065878833431191,0,0.0,3.103,,,,,,,,,,,,,,,,,,,,,,,,,,,,,,,,,,,,,0.3869233063356698,1.8705648215625013,0.4551521180031221,1.0,0.043,0.5,"{""error"": ""add"", ""trend"": ""add"", ""damped_trend"": true, ""seasonal"": ""mul"", ""seasonal_periods"": 23}",,,,,,,,,,,,,,,4.693206039646154,17.39641986521551,4.480178247999831,0,0.0,0.034,,0.1266824914389591,0.4794346590297251,0.1216680065742586,1,0.026,0.446,"{""maxlags"": 23}",0.3203090261960161,1.429324820422685,0.3519970667560492,0,0.0,0.443,,0.1900926701578134,0.742498944892811,0.1940716045354641,1,0.028,0.194,"{""maxlags"": 23}",0.8709164001229949,3.2203519002591743,0.8162781292529026,0,0.0,0.173,,3.9487854719697686,17.3274849353858,4.4017280987619,1,0.214,0.508,"{""yearly_seasonality"": false, ""weekly_seasonality"": false, ""daily_seasonality"": true, ""seasonality_mode"": ""multiplicative""}",3.957288498218804,17.306292870457167,4.396955337500872,0,0.0,0.788,,0.1526098672654946,0.5901967219165315,0.1512417033239795,1,0.027,0.7,"{""maxlags"": 23}",1.313004364921574,4.718434275563876,1.1890978697581422,0,0.0,0.664,
174,H175,172800.0,without_retrain,0,,,,,,,,,,,,,,,,,,,,,,,,,,,,,,,,,,,,,,,,,,,0.1077588030321166,0.4603200413395172,0.636740778840133,1.0,10.738,3.996,"{""order"": [48, 1, 0]}",,,,,,,,0.1337414762551111,0.573788467663699,0.808598532584782,0,0.0,4.465,,0.0968983065519177,0.4439398934503157,0.6258810476592384,0,0.0,3.8,,,,,,,,,,,,,,,,,,,,,,,,,,,,,,,,,,,,,,,,,,,,0.1032833450264399,0.4152577505322461,0.6241472546971032,1.0,0.05,0.566,"{""error"": ""add"", ""trend"": ""add"", ""damped_trend"": true, ""seasonal"": ""mul"", ""seasonal_periods"": 24}",,,,,,,,8.058905567536119,40.0640161486684,50.331974116828654,0,0.0,0.054,,0.1708946400011063,0.7291412952622913,1.030239683008544,1,0.026,0.453,"{""maxlags"": 24}",0.3969988852802849,1.556983177265541,2.322895011149732,0,0.0,0.446,,0.2332275108274772,0.97527902028795,1.388872758317807,1,0.028,0.179,"{""maxlags"": 24}",2.3420225716947933,8.895432439812133,13.47817691379709,0,0.0,0.165,,0.5378831757881196,2.2909028074281177,3.255640360648425,1,0.505,0.867,"{""yearly_seasonality"": false, ""weekly_seasonality"": false, ""daily_seasonality"": true, ""seasonality_mode"": ""multiplicative""}",0.2984809446250153,1.2593571544843198,1.7156801149132432,0,0.0,0.677,,0.1505084091010313,0.6463198956536695,0.916501861543762,1,0.029,0.735,"{""maxlags"": 24}",3.8231201108054185,14.914400022590284,21.89767191580653,0,0.0,0.684,
175,H176,172800.0,without_retrain,0,,,,,,,,,,,,,,,,,,,,,,,,,,,,,,,,,,,,,,,,,,,,,,,,,,0.1300079556620401,0.5088124494146451,0.6505642896930297,1.0,10.953,3.708,"{""order"": [48, 1, 0]}",0.0825501454101433,0.3408005767729961,0.3952396865967705,0,0.0,4.419,,0.0605819940768049,0.2789997377491153,0.3339338849638786,0,0.0,2.598,,,,,,,,,,,,,,,,,,,,,,,,,,,,,,,,,,,,,,,,,,,,,,,,,,,0.3311555012630372,1.5862177413617295,1.8956765184991216,1.0,0.039,0.542,"{""error"": ""add"", ""trend"": ""add"", ""damped_trend"": true, ""seasonal"": ""mul"", ""seasonal_periods"": 24}",14.911914861395571,105.42021601229476,80.8205451339685,0,0.0,0.19,,0.1415532678264389,0.5792001224163966,0.7313748188693818,1,0.023,0.455,"{""maxlags"": 24}",0.2416053129201688,1.1203011968858343,1.3430258957849492,0,0.0,0.445,,0.1676843737575939,0.6723820463885919,0.8610767770964008,1,0.024,0.187,"{""maxlags"": 24}",0.6008450404228436,2.2655562043475093,2.8187388718166275,0,0.0,0.171,,0.3836411119703165,1.695382253806745,2.0999337138484715,1,0.391,0.508,"{""yearly_seasonality"": false, ""weekly_seasonality"": false, ""daily_seasonality"": true, ""seasonality_mode"": ""multiplicative""}",0.1823308779391019,0.8053551399335803,0.9373457254091342,0,0.0,0.675,,0.1745906821278707,0.7408708116611633,0.9296268252323242,1,0.025,0.723,"{""maxlags"": 24}",0.3382916834126173,1.348104822448505,1.6552860146250163,0,0.0,0.678,
176,H177,172800.0,without_retrain,0,0.1691132407903903,0.6171969076696076,0.7623802674938865,1.0,9.662,4.24,"{""order"": [48, 1, 0]}",,,,,,,,,,,,,,,,,,,,,,,,,,,,,,,,,,,,,,,,,,,,,,,,,,0.1466507271702597,0.5173110130149668,0.6394465996737748,0,0.0,4.322,,0.1028228803483613,0.3490117434824436,0.4334324537907577,0,0.0,3.064,,0.0590258369852898,0.2154454695817266,0.2562491501577557,1.0,0.04,0.551,"{""error"": ""add"", ""trend"": ""add"", ""damped_trend"": true, ""seasonal"": ""add"", ""seasonal_periods"": 24}",,,,,,,,,,,,,,,,,,,,,,,,,,,,,,,,,,,,,,,,,,,,,,,,,,16.162241488624876,111.43320302004334,81.15754682988596,0,0.0,0.042,,0.1473895206819659,0.4659812818092623,0.5806941394389741,1,0.021,0.463,"{""maxlags"": 24}",0.5669284845061426,2.1018771313237115,2.5296239279131143,0,0.0,0.447,,0.2590899539211465,0.7977071862056686,1.0287870834254964,1,0.024,0.195,"{""maxlags"": 24}",1.5084143300201254,5.393863825720264,6.348187194576205,0,0.0,0.16,,0.1297161805078011,0.5100701088966586,0.5998445128609479,1,0.335,0.685,"{""yearly_seasonality"": false, ""weekly_seasonality"": false, ""daily_seasonality"": true, ""seasonality_mode"": ""additive""}",0.1265635863611559,0.5020060565872425,0.5869667478178618,0,0.0,0.674,,0.1571989508089838,0.5161259024906169,0.6513856009724702,1,0.026,0.69,"{""maxlags"": 24}",2.481876165137833,8.192869681119111,9.895080954731917,0,0.0,0.642,
177,H178,172800.0,without_retrain,0,,,,,,,,0.0665526722621021,0.2377349181985399,0.3304097863154641,1.0,12.231,4.577,"{""order"": [48, 1, 0]}",,,,,,,,,,,,,,,,,,,,,,,,,,,,,,,,,,,,,,,,,,,0.0970483316488497,0.3525259098858462,0.4972695454800147,0,0.0,4.652,,0.0617610395777598,0.1957500629639639,0.2818136679703139,0,0.0,3.773,,,,,,,,,0.0617610395777598,0.1957500629639639,0.2818136679703139,1.0,0.039,0.709,"{""error"": ""add"", ""trend"": ""add"", ""damped_trend"": true, ""seasonal"": ""add"", ""seasonal_periods"": 24}",,,,,,,,,,,,,,,,,,,,,,,,,,,,,,,,,,,,,,,,,,,12.432791746458877,71.86649979709456,74.45346475690202,0,0.0,0.04,,0.1015700229432072,0.3642972681837246,0.5219515067135031,1,0.024,0.455,"{""maxlags"": 24}",0.2995626667711069,1.2619511563719714,1.7805134132368965,0,0.0,0.424,,0.1388417853496709,0.4487158277287859,0.6713394477615487,1,0.024,0.183,"{""maxlags"": 24}",0.7256742476397111,2.626198777626939,3.7410984648769134,0,0.0,0.154,,0.1969633253443677,0.8404969603455438,1.1508916742570596,1,0.293,0.597,"{""yearly_seasonality"": false, ""weekly_seasonality"": false, ""daily_seasonality"": true, ""seasonality_mode"": ""additive""}",0.1977465191822168,0.8293343258007561,1.1384829577073534,0,0.0,0.843,,0.1033574012928111,0.3832759912488277,0.5471909207325537,1,0.021,0.69,"{""maxlags"": 24}",0.7086461032276045,2.637473631505276,3.80348118091804,0,0.0,0.627,
178,H179,172800.0,without_retrain,0,,,,,,,,,,,,,,,0.0556195086614082,0.2111225588286874,0.2724791019665371,1.0,11.702,6.179,"{""order"": [48, 1, 0]}",,,,,,,,,,,,,,,,,,,,,,,,,,,,,,,,,,,,0.1005897136187207,0.3715763244002681,0.4821307888856951,0,0.0,4.605,,0.2654910173354449,1.048589731871148,1.385226077181061,0,0.0,3.893,,,,,,,,,,,,,,,,0.2139552360103654,0.853384511542768,1.1295675317461815,1.0,0.038,0.797,"{""error"": ""add"", ""trend"": ""add"", ""damped_trend"": true, ""seasonal"": ""add"", ""seasonal_periods"": 24}",,,,,,,,,,,,,,,,,,,,,,,,,,,,,,,,,,,,18.66976251770016,123.6134179066186,98.03935065557418,0,0.0,0.033,,0.13879777256367,0.4775475857671249,0.6347445794525166,1,0.022,0.457,"{""maxlags"": 24}",0.3850310115904403,1.5828698954858902,2.06884482021527,0,0.0,0.446,,0.202210197857119,0.5810637152570309,0.8082197759310367,1,0.023,0.196,"{""maxlags"": 24}",0.4517240408187558,1.6533696348974107,2.2364865093625284,0,0.0,0.154,,0.1165097288802871,0.4586274849035452,0.5760535496301178,1,0.198,0.734,"{""yearly_seasonality"": false, ""weekly_seasonality"": false, ""daily_seasonality"": true, ""seasonality_mode"": ""additive""}",0.1199115330050482,0.4433231772074243,0.5539096289627304,0,0.0,0.59,,0.1416711820621936,0.4991192293490794,0.65931141542098,1,0.022,0.717,"{""maxlags"": 24}",1.016186549552075,2.8516727039019494,3.760403374511221,0,0.0,0.682,
179,H180,172800.0,without_retrain,0,,,,,,,,,,,,,,,,,,,,,,0.1153217907406208,0.4765833666197775,0.6036609941037763,1.0,17.262,7.927,"{""order"": [48, 1, 0]}",,,,,,,,,,,,,,,,,,,,,,,,,,,,,0.0714326752186154,0.2748051342474812,0.3384801096647944,0,0.0,4.201,,0.1831632048952067,0.7782309281581202,1.0028934017147877,0,0.0,3.245,,,,,,,,,,,,,,,,,,,,,,,0.4474474865533305,1.9113227404442088,2.235855420855461,1.0,0.037,0.612,"{""error"": ""add"", ""trend"": ""add"", ""damped_trend"": true, ""seasonal"": ""mul"", ""seasonal_periods"": 24}",,,,,,,,,,,,,,,,,,,,,,,,,,,,,8.917009648737622,46.02920196144091,49.91256768006059,0,0.0,0.032,,0.149172209820899,0.5502204173344202,0.7393150740701543,1,0.018,0.393,"{""maxlags"": 24}",0.4406172885886651,1.990883970905992,2.5626676878080814,0,0.0,0.44,,0.2264870895718777,0.7410541327752643,1.027015862047831,1,0.02,0.177,"{""maxlags"": 24}",0.3267803329353089,1.3841413553695556,1.8009850029960075,0,0.0,0.207,,0.5808304904822226,2.569550808924093,3.0412939818232707,1,0.496,0.622,"{""yearly_seasonality"": false, ""weekly_seasonality"": false, ""daily_seasonality"": true, ""seasonality_mode"": ""multiplicative""}",0.2695476959879024,1.0801989396851803,1.404349566872374,0,0.0,0.975,,0.1469963359233969,0.556052928943231,0.7440918101533708,1,0.018,0.692,"{""maxlags"": 24}",0.7031148542896447,2.7353800910993216,3.63879189571316,0,0.0,0.678,
180,H181,172800.0,without_retrain,0,,,,,,,,,,,,,,,,,,,,,,,,,,,,,0.0712973057708084,0.3352683840875159,0.5836063443771707,1.0,12.158,4.472,"{""order"": [48, 1, 0]}",,,,,,,,,,,,,,,,,,,,,,0.090005070489577,0.4053316697963381,0.7292333289607767,0,0.0,4.591,,0.0772697399253364,0.3688834092164539,0.6260193546200837,0,0.0,2.966,,,,,,,,,,,,,,,,,,,,,,,,,,,,,,0.0823405330319312,0.3595407091884042,0.6218848011879453,1.0,0.043,0.567,"{""error"": ""add"", ""trend"": ""add"", ""damped_trend"": true, ""seasonal"": ""mul"", ""seasonal_periods"": 24}",,,,,,,,,,,,,,,,,,,,,,11.11739629623838,67.33862287725866,93.93701740687818,0,0.0,0.039,,0.1412941970680144,0.5900160181482552,1.1065202445369515,1,0.023,0.417,"{""maxlags"": 24}",0.4930186011405266,1.9519847935754404,3.706215722687787,0,0.0,0.417,,0.2112492252150813,0.7907626611702855,1.5106868101653372,1,0.022,0.2,"{""maxlags"": 24}",1.302561121590726,3.907021108848172,6.892773435469824,0,0.0,0.198,,0.4799290258934852,1.9213628842486736,3.2715173586853,1,0.276,0.657,"{""yearly_seasonality"": false, ""weekly_seasonality"": false, ""daily_seasonality"": true, ""seasonality_mode"": ""multiplicative""}",0.4504732896872646,1.7913058097492307,3.2403569114686186,0,0.0,0.638,,0.1436779163061882,0.5735601385708731,1.0660050450686498,1,0.019,0.693,"{""maxlags"": 24}",2.402849852696614,9.083185133464225,16.294460450950083,0,0.0,0.644,
181,H182,172800.0,without_retrain,0,,,,,,,,,,,,,,,,,,,,,,,,,,,,,,,,,,,,0.0387862121491482,0.1091658320280181,1.5121186156180804,1.0,16.853,3.257,"{""order"": [48, 1, 0]}",,,,,,,,,,,,,,,,,,0,0.0,4.652,,0.1109047080613882,0.4036150749328519,5.554841531940446,0,0.0,2.98,,,,,,,,,,,,,,,,,,,,,,,,,,,,,,,,,,,,,0.0404908862995945,0.1420967694437535,1.9419430601674268,1.0,0.049,0.422,"{""error"": ""add"", ""trend"": ""add"", ""damped_trend"": true, ""seasonal"": ""add"", ""seasonal_periods"": 24}",,,,,,,,,,,,,,,3.332593979441218,11.094412432617752,148.7040916640129,0,0.0,0.039,,0.0417699641134335,0.1174631758144793,1.640281695189415,1,0.027,0.381,"{""maxlags"": 24}",0.0843706345314735,0.2612226648830026,3.7238808186409145,0,0.0,0.374,,0.061229097469385,0.1660020376029093,2.377079849228981,1,0.027,0.183,"{""maxlags"": 24}",0.2220451060297709,0.5447884796520549,7.644602755246745,0,0.0,0.189,,0.1448319447944272,0.500407117541296,6.849638488277503,1,0.611,0.582,"{""yearly_seasonality"": false, ""weekly_seasonality"": false, ""daily_seasonality"": true, ""seasonality_mode"": ""additive""}",0.1445573848199959,0.500345160073211,6.830771887183237,0,0.0,0.89,,0.041358955946037,0.1098557752836362,1.5268894621225175,1,0.029,0.519,"{""maxlags"": 24}",0.0985355249674588,0.2986681379155887,4.233258738934727,0,0.0,0.435,
182,H183,172800.0,without_retrain,0,,,,,,,,,,,,,,,,,,,,,,,,,,,,,,,,,,,,,,,,,,,0.0912854267345059,0.3980351573564173,0.564247787807073,1.0,11.132,3.884,"{""order"": [48, 1, 0]}",,,,,,,,0.0825802543407091,0.3639833585652512,0.5119633299064058,0,0.0,4.347,,0.1573551752684064,0.7330506274757537,1.0451728032858318,0,0.0,3.345,,,,,,,,,,,,,,,,,,,,,,,,,,,,,,,,,,,,,,,,,,,,0.0921556775711928,0.3550346916279681,0.5479962111562799,1.0,0.044,0.621,"{""error"": ""add"", ""trend"": ""add"", ""damped_trend"": true, ""seasonal"": ""mul"", ""seasonal_periods"": 24}",,,,,,,,6.017775319217044,24.48700167733256,34.22920645568066,0,0.0,0.04,,0.1091175035094681,0.3802079378705927,0.5809027175929964,1,0.024,0.489,"{""maxlags"": 24}",0.4663814428346954,1.9462588079954288,2.864504946752047,0,0.0,0.43,,0.1997562872066503,0.5628536643959429,0.8998029319688429,1,0.023,0.192,"{""maxlags"": 24}",0.9938402953475364,3.5867756848577157,5.2461768420222095,0,0.0,0.183,,0.7248511459564448,3.3371520895345426,4.533990763429541,1,0.285,1.054,"{""yearly_seasonality"": false, ""weekly_seasonality"": false, ""daily_seasonality"": true, ""seasonality_mode"": ""multiplicative""}",0.3131714112202347,1.1059532166403754,1.588540060513476,0,0.0,0.771,,0.124297551920093,0.4439891058528584,0.6701792247101072,1,0.021,0.734,"{""maxlags"": 24}",1.42275915225634,4.810163355935585,7.232369815068445,0,0.0,0.711,
183,H184,172800.0,without_retrain,0,,,,,,,,,,,,,,,,,,,,,,,,,,,,,,,,,,,,,,,,,,,,,,,,,,0.074698431069673,0.3192772269893447,0.4769501853815912,1.0,14.02,5.018,"{""order"": [48, 1, 0]}",0.0727508858906144,0.3229868992038215,0.4800641306615163,0,0.0,4.492,,0.1290738283699021,0.4996028328670426,0.8158435395607161,0,0.0,2.945,,,,,,,,,,,,,,,,,,,,,,,,,,,,,,,,,,,,,,,,,,,,,,,,,,,0.2526987747226271,1.0647718305282037,1.7132201304665289,1.0,0.039,0.601,"{""error"": ""add"", ""trend"": ""add"", ""damped_trend"": true, ""seasonal"": ""mul"", ""seasonal_periods"": 24}",11.724148398578476,70.68682428026246,82.38460396693613,0,0.0,0.035,,0.1305759226506224,0.558074339203539,0.8608044341715404,1,0.026,0.448,"{""maxlags"": 24}",0.3304899291238304,1.34744425605772,2.139595690576716,0,0.0,0.408,,0.2011827784932925,0.7603222206579875,1.249276369591715,1,0.024,0.178,"{""maxlags"": 24}",1.2156713224149225,4.407578145333655,6.5065945549618,0,0.0,0.162,,0.3902385254245815,1.41699267776328,2.322081224189398,1,0.301,0.495,"{""yearly_seasonality"": false, ""weekly_seasonality"": false, ""daily_seasonality"": true, ""seasonality_mode"": ""multiplicative""}",0.4770178614480337,2.34204300676382,3.2386524016518226,0,0.0,0.473,,0.1243240068556637,0.5480908516473403,0.8209759340915387,1,0.024,0.71,"{""maxlags"": 24}",1.447489461019648,5.360547873149869,8.442059196116306,0,0.0,0.662,
184,H185,172800.0,without_retrain,0,0.100548374164114,0.407031544078192,0.560352389163835,1.0,10.625,3.801,"{""order"": [48, 1, 0]}",,,,,,,,,,,,,,,,,,,,,,,,,,,,,,,,,,,,,,,,,,,,,,,,,,0.0746808658180498,0.2820157855914841,0.3898940235104937,0,0.0,4.497,,0.0770462117114231,0.3004629151512006,0.417270363648129,0,0.0,2.124,,0.1562853125537554,0.6582801438793767,0.9223356236940204,1.0,0.042,0.515,"{""error"": ""add"", ""trend"": ""add"", ""damped_trend"": true, ""seasonal"": ""add"", ""seasonal_periods"": 24}",,,,,,,,,,,,,,,,,,,,,,,,,,,,,,,,,,,,,,,,,,,,,,,,,,9.455164687368647,49.91238374973928,54.87474451441913,0,0.0,0.039,,0.1124001539421012,0.3947175316547984,0.5324617211057537,1,0.022,0.435,"{""maxlags"": 24}",0.5272097588667704,2.166840425332161,2.8934211223360307,0,0.0,0.463,,0.2198768414519819,0.6975924717602595,1.0155226668512622,1,0.025,0.194,"{""maxlags"": 24}",0.7291646499755171,2.645354894302509,3.6974219295446353,0,0.0,0.19,,0.2166520905860499,0.8436221647877497,1.0949842512233612,1,0.47,0.778,"{""yearly_seasonality"": false, ""weekly_seasonality"": false, ""daily_seasonality"": true, ""seasonality_mode"": ""additive""}",0.248633343647344,1.0010752244943102,1.296272257483928,0,0.0,0.568,,0.128431804867351,0.4457032217172829,0.6194626728972316,1,0.024,0.733,"{""maxlags"": 24}",0.9537881224638854,3.644050214671933,4.959246494564824,0,0.0,0.668,
185,H186,172800.0,without_retrain,0,,,,,,,,0.1353252991958308,0.6017445788585185,0.6759849392765632,1.0,11.378,4.137,"{""order"": [48, 1, 0]}",,,,,,,,,,,,,,,,,,,,,,,,,,,,,,,,,,,,,,,,,,,0.0560405965474718,0.2409305724394735,0.2706382441675877,0,0.0,4.296,,0.0781886884489049,0.3259593130132128,0.3651311946735687,0,0.0,2.582,,,,,,,,,0.190021176044609,0.8450198323439256,0.952558457813914,1.0,0.044,0.534,"{""error"": ""add"", ""trend"": ""add"", ""damped_trend"": true, ""seasonal"": ""mul"", ""seasonal_periods"": 24}",,,,,,,,,,,,,,,,,,,,,,,,,,,,,,,,,,,,,,,,,,,6.458674649130745,33.24407810624607,32.28515263990331,0,0.0,0.058,,0.1317696270744635,0.4997702219163882,0.5747019010964334,1,0.026,0.422,"{""maxlags"": 24}",0.3629721364175734,1.4426353187396064,1.6315383818078208,0,0.0,0.447,,0.1971326352875787,0.6808678290134966,0.8033606765893246,1,0.027,0.195,"{""maxlags"": 24}",2.286437136877556,7.676337822400971,8.7830051828317,0,0.0,0.199,,0.3913304968108473,1.7885333906903715,1.9987819239014557,1,0.325,0.549,"{""yearly_seasonality"": false, ""weekly_seasonality"": false, ""daily_seasonality"": true, ""seasonality_mode"": ""multiplicative""}",0.1398175324252066,0.6198132092037653,0.6802650972716288,0,0.0,0.558,,0.1242251246452786,0.4795367582055048,0.5530141679284769,1,0.022,0.691,"{""maxlags"": 24}",2.426796783646977,8.438694258700876,9.669026700201394,0,0.0,0.703,
186,H187,172800.0,without_retrain,0,,,,,,,,,,,,,,,0.0434341714249362,0.1049319057930888,1.848842502630685,1.0,18.318,4.091,"{""order"": [48, 1, 0]}",,,,,,,,,,,,,,,,,,,,,,,,,,,,,,,,,,,,0.0440849880679374,0.1178327695867081,2.053991645622578,0,0.0,4.459,,0.0499988918434139,0.1021464056307008,1.8197285578674671,0,0.0,3.07,,,,,,,,,,,,,,,,0.0497559543334329,0.1020949864363873,1.8185258518165284,1.0,0.035,0.434,"{""error"": ""add"", ""trend"": ""add"", ""damped_trend"": true, ""seasonal"": ""add"", ""seasonal_periods"": 24}",,,,,,,,,,,,,,,,,,,,,,,,,,,,,,,,,,,,2.710596455385855,8.323378254357952,144.20367816656898,0,0.0,0.058,,0.0469540905723953,0.1010365450324836,1.7939325231830552,1,0.02,0.387,"{""maxlags"": 24}",0.0623407556762829,0.1569148605177138,2.842366065373436,0,0.0,0.356,,0.0485153409255066,0.1090215601300008,1.926348221535936,1,0.022,0.274,"{""maxlags"": 24}",0.1772125703215054,0.2898842882983967,5.225687830619908,0,0.0,0.172,,0.1070324269388594,0.3170647277377771,5.547749359896341,1,0.31,0.563,"{""yearly_seasonality"": false, ""weekly_seasonality"": false, ""daily_seasonality"": true, ""seasonality_mode"": ""additive""}",0.1071591523152896,0.3151000524828152,5.513877497116344,0,0.0,0.522,,0.0458413392197328,0.0959304366748664,1.7028440620639402,1,0.021,0.506,"{""maxlags"": 24}",0.0560498797513695,0.1230870224642445,2.220987741273688,0,0.0,0.474,
187,H188,172800.0,without_retrain,0,,,,,,,,,,,,,,,,,,,,,,0.0569829410623819,0.2288919358456872,0.2781305833251239,1.0,9.991,3.541,"{""order"": [48, 1, 0]}",,,,,,,,,,,,,,,,,,,,,,,,,,,,,0.0926300788513786,0.3630238363693376,0.4498437326510927,0,0.0,4.537,,0.0722439636881399,0.2964450142700605,0.3673147504369091,0,0.0,3.494,,,,,,,,,,,,,,,,,,,,,,,0.1048734016061182,0.4325936188085511,0.5526886037995353,1.0,0.038,0.87,"{""error"": ""add"", ""trend"": ""add"", ""damped_trend"": true, ""seasonal"": ""add"", ""seasonal_periods"": 24}",,,,,,,,,,,,,,,,,,,,,,,,,,,,,6.847738689520814,32.29347156313095,36.34826313309574,0,0.0,0.035,,0.1342287531958152,0.4986630616385937,0.6480398942809997,1,0.024,0.439,"{""maxlags"": 24}",0.5137452204393714,1.911791690795848,2.4508732062145184,0,0.0,0.428,,0.1765961191881247,0.5531553264064261,0.7399210604353991,1,0.023,0.191,"{""maxlags"": 24}",0.9773924404448536,3.65724891308804,4.647418904502472,0,0.0,0.165,,0.2473871762692489,0.94636045716822,1.1841391563082624,1,0.426,0.482,"{""yearly_seasonality"": false, ""weekly_seasonality"": false, ""daily_seasonality"": true, ""seasonality_mode"": ""additive""}",0.2558644342206365,1.0159850488573652,1.272723796868746,0,0.0,0.56,,0.1228795605863353,0.4460655642999455,0.5753478605151044,1,0.022,0.724,"{""maxlags"": 24}",1.010315800677377,3.679534437481864,4.686910976564966,0,0.0,0.74,
188,H189,172800.0,without_retrain,0,,,,,,,,,,,,,,,,,,,,,,,,,,,,,0.0814320220299057,0.3209226364157056,0.4176859034550595,1.0,10.326,3.849,"{""order"": [48, 1, 0]}",,,,,,,,,,,,,,,,,,,,,,0.146037981874637,0.5791306139955542,0.7979868228314637,0,0.0,4.261,,1.3045126685266912,5.226248583390839,7.378464920570519,0,0.0,2.648,,,,,,,,,,,,,,,,,,,,,,,,,,,,,,0.1073046008410761,0.4454900850147696,0.5919810335911787,1.0,0.046,0.576,"{""error"": ""add"", ""trend"": ""add"", ""damped_trend"": true, ""seasonal"": ""mul"", ""seasonal_periods"": 24}",,,,,,,,,,,,,,,,,,,,,,16.663681414523364,116.74049075678572,95.57436964811926,0,0.0,0.033,,0.1122298763277261,0.4247803502041212,0.5583145836318569,1,0.022,0.474,"{""maxlags"": 24}",0.3175286035631197,1.4048471134429246,1.796358991716321,0,0.0,0.399,,0.1295909929583495,0.5094054093533543,0.689245857916069,1,0.024,0.173,"{""maxlags"": 24}",0.7088668181749302,2.783691187907805,3.680767299514624,0,0.0,0.162,,0.4984644085234225,2.21091227362543,2.733100382098851,1,0.261,0.83,"{""yearly_seasonality"": false, ""weekly_seasonality"": false, ""daily_seasonality"": true, ""seasonality_mode"": ""multiplicative""}",0.1375626873583606,0.5659478395187748,0.7223029101934895,0,0.0,0.684,,0.113756989095923,0.4375157746280151,0.5796517802058461,1,0.025,0.723,"{""maxlags"": 24}",0.9650532185620728,3.862522549216904,5.126542400721784,0,0.0,0.693,
189,H190,172800.0,without_retrain,0,,,,,,,,,,,,,,,,,,,,,,,,,,,,,,,,,,,,0.0971548446243317,0.3225915886023725,0.5291935144915073,1.0,10.309,3.847,"{""order"": [48, 1, 0]}",,,,,,,,,,,,,,,0.0647339936788678,0.2352216576616865,0.3725999927549661,0,0.0,4.919,,0.0695341452996725,0.2575493702339332,0.4171521020235222,0,0.0,3.018,,,,,,,,,,,,,,,,,,,,,,,,,,,,,,,,,,,,,0.142655121743206,0.5247414220401386,0.8441558903878487,1.0,0.034,0.515,"{""error"": ""add"", ""trend"": ""add"", ""damped_trend"": true, ""seasonal"": ""add"", ""seasonal_periods"": 24}",,,,,,,,,,,,,,,18.447211763653,128.89740739225158,120.88013480535164,0,0.0,0.033,,0.1698763892722775,0.6573893709043025,1.0252932223221334,1,0.019,0.444,"{""maxlags"": 24}",0.3916705467555589,1.6859845870090595,2.6263493742224377,0,0.0,0.432,,0.1989661974642605,0.6229354991505717,1.019738200942049,1,0.019,0.173,"{""maxlags"": 24}",0.3225652491035207,1.321564989877617,2.059724178845906,0,0.0,0.16,,0.2490853511911294,0.9923700467089436,1.5501746488362211,1,0.301,0.647,"{""yearly_seasonality"": false, ""weekly_seasonality"": false, ""daily_seasonality"": true, ""seasonality_mode"": ""additive""}",0.209511446150552,0.8092098279168122,1.2513198408423576,0,0.0,0.562,,0.1753006552586015,0.6788061552651455,1.012878312888257,1,0.016,0.699,"{""maxlags"": 24}",0.5387529061205657,2.013064589989885,3.0411775636681084,0,0.0,0.694,
190,H191,172800.0,without_retrain,0,,,,,,,,,,,,,,,,,,,,,,,,,,,,,,,,,,,,,,,,,,,0.0617661814290966,0.2553198574626408,0.3284154490845944,1.0,12.64,4.591,"{""order"": [48, 1, 0]}",,,,,,,,0.0676671639731578,0.2725773312187355,0.3577755453490572,0,0.0,4.213,,0.0506435131135742,0.2052534050779247,0.2647962858157589,0,0.0,3.026,,,,,,,,,,,,,,,,,,,,,,,,,,,,,,,,,,,,,,,,,,,,0.1527449465182035,0.6576860153126663,0.8171608614566828,1.0,0.044,0.557,"{""error"": ""add"", ""trend"": ""add"", ""damped_trend"": true, ""seasonal"": ""mul"", ""seasonal_periods"": 24}",,,,,,,,8.415412923653037,40.80045674592773,46.66402407157123,0,0.0,0.034,,0.1232589219197671,0.4781955595051004,0.6310176120642662,1,0.026,0.468,"{""maxlags"": 24}",0.4935269945807532,2.158060127859436,2.79858780493352,0,0.0,0.44,,0.1868156469068902,0.6384389216378328,0.8949289499858425,1,0.023,0.162,"{""maxlags"": 24}",0.8812194475397868,3.0314790720157574,4.186377632256686,0,0.0,0.155,,0.5399619490814103,2.3498360109623917,2.8953597132839293,1,0.195,0.601,"{""yearly_seasonality"": false, ""weekly_seasonality"": false, ""daily_seasonality"": true, ""seasonality_mode"": ""multiplicative""}",0.254054060406168,1.0171686981864985,1.3314924200035594,0,0.0,0.595,,0.1253122895207896,0.487801201798095,0.6455569679433564,1,0.021,0.709,"{""maxlags"": 24}",0.9055221061311995,3.2916506237377807,4.474817327524327,0,0.0,0.73,
191,H192,172800.0,without_retrain,0,,,,,,,,,,,,,,,,,,,,,,,,,,,,,,,,,,,,,,,,,,,,,,,,,,0.0591283933920894,0.2795764155520466,0.4185742199073914,1.0,11.314,4.116,"{""order"": [48, 1, 0]}",0.0813259568315918,0.3690254186998558,0.5635565069331007,0,0.0,4.387,,0.958815282676754,4.543647549060086,7.176965496186766,0,0.0,2.405,,,,,,,,,,,,,,,,,,,,,,,,,,,,,,,,,,,,,,,,,,,,,,,,,,,0.9356558315558066,4.311843663354933,6.998388870782094,1.0,0.045,0.84,"{""error"": ""add"", ""trend"": ""add"", ""damped_trend"": true, ""seasonal"": ""mul"", ""seasonal_periods"": 24}",5.127174672330605,24.309487694584632,34.7398536090056,0,0.0,0.032,,0.0851466214079849,0.3617948968652565,0.5478979910029298,1,0.025,0.484,"{""maxlags"": 24}",0.3490108809982528,1.680365447873705,2.480272130236548,0,0.0,0.443,,0.1525349915137321,0.6559629887907111,1.011478607095192,1,0.025,0.195,"{""maxlags"": 24}",0.7390484696750506,2.626076770427355,4.1276362556661965,0,0.0,0.18,,0.5523402361846795,2.840173174791914,4.101126683360955,1,0.549,0.473,"{""yearly_seasonality"": false, ""weekly_seasonality"": false, ""daily_seasonality"": true, ""seasonality_mode"": ""multiplicative""}",0.2615323391969201,1.0030176630878207,1.5075630824827442,0,0.0,0.777,,0.0973136929702139,0.4419855159844348,0.6625437043484139,1,0.023,0.704,"{""maxlags"": 24}",0.8833914583653069,3.326201229153521,5.227593127289752,0,0.0,0.694,
192,H193,172800.0,without_retrain,0,0.1362370386958628,0.5700217919577374,0.8003652180778769,1.0,13.11,3.909,"{""order"": [48, 1, 0]}",,,,,,,,,,,,,,,,,,,,,,,,,,,,,,,,,,,,,,,,,,,,,,,,,,0.0601653378985717,0.2273270779339667,0.3171864199555529,0,0.0,4.508,,0.1083575065470826,0.448502955380045,0.63177966648588,0,0.0,3.165,,0.2516616433075478,1.0719535208704436,1.5045898519905438,1.0,0.038,0.626,"{""error"": ""add"", ""trend"": ""add"", ""damped_trend"": true, ""seasonal"": ""add"", ""seasonal_periods"": 24}",,,,,,,,,,,,,,,,,,,,,,,,,,,,,,,,,,,,,,,,,,,,,,,,,,11.005035146916937,60.431753198388016,64.8779354145367,0,0.0,0.044,,0.1283521421071546,0.4631959381685953,0.6758918945149713,1,0.024,0.469,"{""maxlags"": 24}",0.4135649395975468,1.863253160232936,2.5429207341577804,0,0.0,0.432,,0.1854465773536145,0.5993885575956001,0.8990783035292466,1,0.023,0.179,"{""maxlags"": 24}",0.7283962602366528,2.4816725427851805,3.484873185938321,0,0.0,0.202,,0.2360410039419679,0.7826255356744083,1.0650895590020808,1,0.333,0.489,"{""yearly_seasonality"": false, ""weekly_seasonality"": false, ""daily_seasonality"": true, ""seasonality_mode"": ""additive""}",0.2349706680664305,0.7846208706461301,1.0702720359359434,0,0.0,0.657,,0.1353252316717491,0.4699422818291065,0.6609557372257888,1,0.022,0.686,"{""maxlags"": 24}",0.7450648852571163,2.7605727486640785,3.824372364174072,0,0.0,0.716,
193,H194,172800.0,without_retrain,0,,,,,,,,0.0926162157687838,0.357442103345278,0.4771632275066304,1.0,10.699,3.718,"{""order"": [48, 1, 0]}",,,,,,,,,,,,,,,,,,,,,,,,,,,,,,,,,,,,,,,,,,,0.053654476610802,0.2149170069273815,0.2753041282338246,0,0.0,4.437,,0.141081713679587,0.5949593748818324,0.788753498382368,0,0.0,2.293,,,,,,,,,0.141081713679587,0.5949593748818324,0.788753498382368,1.0,0.038,0.515,"{""error"": ""add"", ""trend"": ""add"", ""damped_trend"": true, ""seasonal"": ""add"", ""seasonal_periods"": 24}",,,,,,,,,,,,,,,,,,,,,,,,,,,,,,,,,,,,,,,,,,,2.771304310711429,11.988573709027976,15.673253702446097,0,0.0,0.038,,0.1348248095635794,0.5174160872240888,0.6820022307921022,1,0.025,0.438,"{""maxlags"": 24}",0.3064613780641019,1.36340703242652,1.765854963325878,0,0.0,0.466,,0.1580139504672947,0.5053555234253565,0.707906277969372,1,0.024,0.19,"{""maxlags"": 24}",0.3088372692237023,1.2315068710785655,1.615395434893126,0,0.0,0.18,,0.1442417059865579,0.6279852305318468,0.7892153674407464,1,0.37,0.638,"{""yearly_seasonality"": false, ""weekly_seasonality"": false, ""daily_seasonality"": true, ""seasonality_mode"": ""additive""}",0.1425033195019511,0.6176247350257769,0.7769111105355503,0,0.0,0.733,,0.1309878855542725,0.4815837688214598,0.6505112891526825,1,0.022,0.716,"{""maxlags"": 24}",0.3176631332758164,1.295103976577644,1.7158187537207183,0,0.0,0.704,
194,H195,172800.0,without_retrain,0,,,,,,,,,,,,,,,0.0577022526976357,0.2252593123732283,0.2476437930249169,1.0,10.013,4.162,"{""order"": [48, 1, 0]}",,,,,,,,,,,,,,,,,,,,,,,,,,,,,,,,,,,,0.1058610567565425,0.3823142047237232,0.44382904480606,0,0.0,4.215,,0.07705398261164,0.2722838751483228,0.3097259143052976,0,0.0,2.33,,,,,,,,,,,,,,,,0.098270405656022,0.3999151380715958,0.442311754331279,1.0,0.035,0.575,"{""error"": ""add"", ""trend"": ""add"", ""damped_trend"": true, ""seasonal"": ""mul"", ""seasonal_periods"": 24}",,,,,,,,,,,,,,,,,,,,,,,,,,,,,,,,,,,,8.773075765505517,47.76555340118895,43.52489286405095,0,0.0,0.04,,0.1181889980317654,0.3977311360394828,0.4610709491307785,1,0.019,0.449,"{""maxlags"": 24}",0.3476368596407232,1.5842207056228268,1.772011493125098,0,0.0,0.446,,0.1797128723458905,0.5968661173649762,0.6929782501661065,1,0.021,0.198,"{""maxlags"": 24}",0.6162178195653627,2.193208760388748,2.398615420168408,0,0.0,0.174,,0.3618809947484859,1.4694266376728742,1.6912687557998918,1,0.427,0.576,"{""yearly_seasonality"": false, ""weekly_seasonality"": false, ""daily_seasonality"": true, ""seasonality_mode"": ""multiplicative""}",0.2704425433544363,1.1271925095130757,1.1850478170627794,0,0.0,0.714,,0.1343012679934574,0.4537666754979848,0.5312014998180576,1,0.023,0.702,"{""maxlags"": 24}",1.3333867483885486,4.241923904827523,4.7239587414023,0,0.0,0.659,
195,H196,172800.0,without_retrain,0,,,,,,,,,,,,,,,,,,,,,,0.1184456094713877,0.5725616086012222,0.8591215598478442,1.0,9.557,3.835,"{""order"": [48, 1, 0]}",,,,,,,,,,,,,,,,,,,,,,,,,,,,,0.0959853084555384,0.4375151117477286,0.663425447166672,0,0.0,4.215,,0.2843898296628153,1.3345263971259964,2.0953080373836284,0,0.0,3.044,,,,,,,,,,,,,,,,,,,,,,,0.3026787389871347,1.4111312525380992,2.229728388668294,1.0,0.041,0.563,"{""error"": ""add"", ""trend"": ""add"", ""damped_trend"": true, ""seasonal"": ""mul"", ""seasonal_periods"": 24}",,,,,,,,,,,,,,,,,,,,,,,,,,,,,7.500733123907607,37.2543904904569,51.41155423616459,0,0.0,0.038,,0.1509532002613918,0.6432439604359613,1.0080827249134745,1,0.024,0.454,"{""maxlags"": 24}",0.5528145204629084,2.099124616390015,3.36969519145802,0,0.0,0.429,,0.2403255420950417,0.8030019652678714,1.351991181168125,1,0.023,0.185,"{""maxlags"": 24}",0.9712467123437196,3.1465445156379914,5.05465655110127,0,0.0,0.158,,0.4443866240237173,1.811929471461055,2.6730071634999804,1,0.199,0.622,"{""yearly_seasonality"": false, ""weekly_seasonality"": false, ""daily_seasonality"": true, ""seasonality_mode"": ""multiplicative""}",0.4327177657724695,1.8372253813718773,2.868298961551796,0,0.0,0.559,,0.1738743880829333,0.7165655537858382,1.132082776253162,1,0.021,0.699,"{""maxlags"": 24}",1.2920909570290413,4.617524944467764,7.279447849642179,0,0.0,0.638,
196,H197,172800.0,without_retrain,0,,,,,,,,,,,,,,,,,,,,,,,,,,,,,0.0660895462345256,0.2428701391372489,0.3133305467701552,1.0,11.021,3.57,"{""order"": [48, 1, 0]}",,,,,,,,,,,,,,,,,,,,,,0.102368142248702,0.3919292563722368,0.5147291881249086,0,0.0,4.402,,0.0530291555578587,0.1576201629113684,0.2042258966490081,0,0.0,3.366,,,,,,,,,,,,,,,,,,,,,,,,,,,,,,0.1071655935154977,0.4092185723001475,0.5350023407183652,1.0,0.042,0.606,"{""error"": ""add"", ""trend"": ""add"", ""damped_trend"": true, ""seasonal"": ""add"", ""seasonal_periods"": 24}",,,,,,,,,,,,,,,,,,,,,,12.775471899704955,72.1342843987879,70.10111640307674,0,0.0,0.091,,0.0947383961026796,0.3360555020179736,0.4470064101968248,1,0.023,0.431,"{""maxlags"": 24}",0.322103748171881,1.3764560775891586,1.7915243147562292,0,0.0,0.46,,0.1304551135966369,0.4128907074732717,0.5880625392565767,1,0.024,0.195,"{""maxlags"": 24}",0.6757642289226405,2.4299350284125816,3.218219308781619,0,0.0,0.209,,0.1998054489878836,0.6767869043731833,0.8998958699821832,1,0.3,0.521,"{""yearly_seasonality"": false, ""weekly_seasonality"": false, ""daily_seasonality"": true, ""seasonality_mode"": ""additive""}",0.2160141774012129,0.719020092247978,0.9648764972323284,0,0.0,0.592,,0.1033527422720088,0.3599868416831314,0.4893315034710606,1,0.02,0.74,"{""maxlags"": 24}",0.437696155224549,1.5380572107846149,2.0558331970756645,0,0.0,0.68,
197,H198,172800.0,without_retrain,0,,,,,,,,,,,,,,,,,,,,,,,,,,,,,,,,,,,,0.0868865679693047,0.3392261895790953,0.4400258250710268,1.0,10.075,3.852,"{""order"": [48, 1, 0]}",,,,,,,,,,,,,,,0.0633882515986301,0.2601252510642113,0.3493232305651765,0,0.0,4.366,,0.0721745813223088,0.2885370329318916,0.3800172173168767,0,0.0,3.396,,,,,,,,,,,,,,,,,,,,,,,,,,,,,,,,,,,,,0.2399924252492526,1.0378691415934185,1.3914228114868397,1.0,0.039,0.434,"{""error"": ""add"", ""trend"": ""add"", ""damped_trend"": true, ""seasonal"": ""add"", ""seasonal_periods"": 24}",,,,,,,,,,,,,,,3.333723193561453,14.290681695139009,19.571072330225583,0,0.0,0.186,,0.1079480938859773,0.3918974302808491,0.5463291106478252,1,0.023,0.451,"{""maxlags"": 24}",0.4660975730880576,2.1127597281359,2.832432529698663,0,0.0,0.486,,0.1873091038182811,0.6403789182701112,0.9022373378297432,1,0.023,0.18,"{""maxlags"": 24}",0.937412191113284,3.2471199301640685,4.4858354000010685,0,0.0,0.155,,0.2497017680738678,0.9167614021048186,1.2226250098637923,1,0.285,0.647,"{""yearly_seasonality"": false, ""weekly_seasonality"": false, ""daily_seasonality"": true, ""seasonality_mode"": ""additive""}",0.2502979828811127,0.9075730811227626,1.213922349584427,0,0.0,0.589,,0.109954666102229,0.4041195880940463,0.5481132088465465,1,0.021,0.729,"{""maxlags"": 24}",0.7942349342246567,2.992357249211673,4.10246508364714,0,0.0,0.659,
198,H199,172800.0,without_retrain,0,,,,,,,,,,,,,,,,,,,,,,,,,,,,,,,,,,,,,,,,,,,0.122123104119124,0.4367692875943843,0.554426746632295,1.0,10.537,3.839,"{""order"": [48, 1, 0]}",,,,,,,,0.0971084521002819,0.3483502946961778,0.4322063047544585,0,0.0,4.541,,0.19572230398886,0.7303920428399385,0.933026622010047,0,0.0,3.378,,,,,,,,,,,,,,,,,,,,,,,,,,,,,,,,,,,,,,,,,,,,0.1034234399009804,0.3936064236609213,0.5007585416213228,1.0,0.04,0.543,"{""error"": ""add"", ""trend"": ""add"", ""damped_trend"": true, ""seasonal"": ""add"", ""seasonal_periods"": 24}",,,,,,,,12.728631781345312,74.80868756687973,66.42254579865305,0,0.0,0.036,,0.1522496377194504,0.5267730484335943,0.6659238360596373,1,0.021,0.432,"{""maxlags"": 24}",0.5833586101553653,2.3101961156101614,2.8624489947217486,0,0.0,0.498,,0.2397441665916181,0.6956453356317461,0.9364767879425236,1,0.022,0.195,"{""maxlags"": 24}",1.9440199841306056,6.947787634076513,8.807550298267596,0,0.0,0.19,,0.1604685465952931,0.6276539259130473,0.7569799679047543,1,0.4,0.742,"{""yearly_seasonality"": false, ""weekly_seasonality"": false, ""daily_seasonality"": true, ""seasonality_mode"": ""additive""}",0.1705465885614957,0.6686187541453862,0.8018116957219369,0,0.0,0.676,,0.1410375318104642,0.4720346232263155,0.6107872304488882,1,0.018,0.726,"{""maxlags"": 24}",1.3987581544400525,4.172404135802193,5.290914504504194,0,0.0,0.665,
199,H200,172800.0,without_retrain,0,,,,,,,,,,,,,,,,,,,,,,,,,,,,,,,,,,,,,,,,,,,,,,,,,,0.0671785396676868,0.2627059845107645,0.3133662469761784,1.0,11.746,3.833,"{""order"": [48, 1, 0]}",0.0612643995673729,0.2400396978316276,0.3094006824005271,0,0.0,4.613,,0.1610372606269009,0.6816200528285906,0.8941849827651932,0,0.0,2.879,,,,,,,,,,,,,,,,,,,,,,,,,,,,,,,,,,,,,,,,,,,,,,,,,,,0.1433192334898374,0.5911462029521433,0.7712426313150699,1.0,0.04,0.562,"{""error"": ""add"", ""trend"": ""add"", ""damped_trend"": true, ""seasonal"": ""mul"", ""seasonal_periods"": 24}",14.720954466659338,92.3526988060372,81.63513214033173,0,0.0,0.039,,0.0960861795471269,0.3706323223074259,0.4788446380534318,1,0.02,0.445,"{""maxlags"": 24}",0.3664345952060919,1.5824162808141893,2.095470340827608,0,0.0,0.414,,0.1687576799600312,0.5509702630900527,0.744260010585347,1,0.022,0.187,"{""maxlags"": 24}",0.7504304696984331,2.6428559602629096,3.5192930025740154,0,0.0,0.167,,0.4066204735627819,1.7649103978232157,2.052407178862857,1,0.349,0.744,"{""yearly_seasonality"": false, ""weekly_seasonality"": false, ""daily_seasonality"": true, ""seasonality_mode"": ""multiplicative""}",0.2560832159111077,1.0739870456665457,1.4149689590307102,0,0.0,0.581,,0.1320885484791961,0.5334662906396533,0.6829976499591425,1,0.021,0.727,"{""maxlags"": 24}",0.9128570455348124,3.2755263889642925,4.3437353367690745,0,0.0,0.663,
200,H201,172800.0,without_retrain,0,0.0757715305934296,0.2820221389779668,0.3301951104485332,1.0,12.124,5.806,"{""order"": [48, 1, 0]}",,,,,,,,,,,,,,,,,,,,,,,,,,,,,,,,,,,,,,,,,,,,,,,,,,0.1253001680033545,0.4515159593998781,0.5218472787710752,0,0.0,4.402,,0.5326592769520188,2.096273589113379,2.624494081141899,0,0.0,3.192,,0.2692369683141557,1.029948421572484,1.318848467085097,1.0,0.04,0.405,"{""error"": ""add"", ""trend"": ""add"", ""damped_trend"": true, ""seasonal"": ""add"", ""seasonal_periods"": 24}",,,,,,,,,,,,,,,,,,,,,,,,,,,,,,,,,,,,,,,,,,,,,,,,,,10.8818637122689,54.604920903595634,53.29602760269106,0,0.0,0.101,,0.1708542545139314,0.6190587857318639,0.7538931084478268,1,0.025,0.437,"{""maxlags"": 24}",0.4149941248963077,1.652764814117014,2.0768410104200314,0,0.0,0.418,,0.2454416337042779,0.6901412283588656,0.9138962878242722,1,0.025,0.178,"{""maxlags"": 24}",1.8206441966793003,6.022255889871464,7.470088829601394,0,0.0,0.178,,0.2643175695419335,1.023090605294184,1.1439201028904356,1,0.432,0.753,"{""yearly_seasonality"": false, ""weekly_seasonality"": false, ""daily_seasonality"": true, ""seasonality_mode"": ""additive""}",0.315224905371273,1.2471321736933505,1.4209075968909266,0,0.0,0.646,,0.1692381596428676,0.6373105421244162,0.7752801895660241,1,0.027,0.739,"{""maxlags"": 24}",1.3622250839020236,3.696194801064994,4.5511824185041485,0,0.0,0.699,
201,H202,172800.0,without_retrain,0,,,,,,,,0.1345249194172371,0.5346986913054687,0.1561108048606394,1.0,11.64,3.688,"{""order"": [46, 1, 0]}",,,,,,,,,,,,,,,,,,,,,,,,,,,,,,,,,,,,,,,,,,,0.0893793324045181,0.3509661153019059,0.1009458829369395,0,0.0,4.573,,0.1752496396633553,0.6521265099120893,0.2023923076120459,0,0.0,1.834,,,,,,,,,0.1599784060841202,0.5825496153095258,0.1810201567270586,1.0,0.039,0.366,"{""error"": ""add"", ""trend"": ""add"", ""damped_trend"": true, ""seasonal"": ""add"", ""seasonal_periods"": 23}",,,,,,,,,,,,,,,,,,,,,,,,,,,,,,,,,,,,,,,,,,,18.92933393061296,123.01669369837566,22.473711442920177,0,0.0,0.041,,0.1742236214430878,0.5361958681190463,0.1676519900766586,1,0.023,0.424,"{""maxlags"": 23}",0.4827065016236481,1.8532729993072576,0.554498529715784,0,0.0,0.452,,0.2869127660799022,0.8281715275332746,0.2666815942711554,1,0.022,0.176,"{""maxlags"": 23}",1.213651420289036,3.947594534903048,1.1667899986217405,0,0.0,0.166,,3.133812771756346,12.669493373469502,3.790105881824854,1,0.29,0.737,"{""yearly_seasonality"": false, ""weekly_seasonality"": false, ""daily_seasonality"": true, ""seasonality_mode"": ""additive""}",3.150586793444834,12.73419807831179,3.809043441762233,0,0.0,0.474,,0.1904767345740056,0.5116972322828127,0.1650690124583223,1,0.021,0.699,"{""maxlags"": 23}",1.2586931339882808,4.004051244701737,1.1935929731857924,0,0.0,0.683,
202,H203,172800.0,without_retrain,0,,,,,,,,,,,,,,,0.0924213854577237,0.3856346365494161,0.4904582199551736,1.0,13.619,5.525,"{""order"": [48, 1, 0]}",,,,,,,,,,,,,,,,,,,,,,,,,,,,,,,,,,,,0.1261538128418793,0.4706130964109596,0.6421633812135684,0,0.0,4.346,,0.1330798783913905,0.4786013082693938,0.6648213300812523,0,0.0,2.818,,,,,,,,,,,,,,,,0.1037185151110441,0.398507416706655,0.4912078839439817,1.0,0.042,0.496,"{""error"": ""add"", ""trend"": ""add"", ""damped_trend"": true, ""seasonal"": ""add"", ""seasonal_periods"": 24}",,,,,,,,,,,,,,,,,,,,,,,,,,,,,,,,,,,,8.129796893385073,37.32135857621991,43.564574282521626,0,0.0,0.039,,0.1603334117089659,0.6652607612902716,0.8088313806183253,1,0.025,0.429,"{""maxlags"": 24}",0.3521153140370674,1.552888747098109,2.02628016997723,0,0.0,0.488,,0.1954364878672977,0.7533051284120775,0.9476590767745372,1,0.025,0.182,"{""maxlags"": 24}",0.8510347880595851,3.164363068206711,4.134438756565349,0,0.0,0.171,,0.2004658985396835,0.8215966336241719,1.08719550701842,1,0.389,0.678,"{""yearly_seasonality"": false, ""weekly_seasonality"": false, ""daily_seasonality"": true, ""seasonality_mode"": ""additive""}",0.2385739598590007,0.9796569019891672,1.313542541057798,0,0.0,0.577,,0.1732109509284886,0.7272532851207156,0.8852214378131803,1,0.028,0.739,"{""maxlags"": 24}",0.8431213382694839,3.167141511156822,4.168220835436527,0,0.0,0.664,
203,H204,172800.0,without_retrain,0,,,,,,,,,,,,,,,,,,,,,,0.1389008224055705,0.4515240694074108,0.7163922971316167,1.0,10.339,3.812,"{""order"": [48, 1, 0]}",,,,,,,,,,,,,,,,,,,,,,,,,,,,,0.1266533720145589,0.4547812389364702,0.6957512830533599,0,0.0,4.449,,0.2383285063704785,0.8138078642147345,1.283954189308662,0,0.0,4.926,,,,,,,,,,,,,,,,,,,,,,,0.2563599293365461,0.8792979784266614,1.3892141555791102,1.0,0.043,1.047,"{""error"": ""add"", ""trend"": ""add"", ""damped_trend"": true, ""seasonal"": ""add"", ""seasonal_periods"": 24}",,,,,,,,,,,,,,,,,,,,,,,,,,,,,20.95549129928717,138.33533822839934,129.24072564086228,0,0.0,0.042,,0.2056515325215682,0.6240370303036556,1.0141910998777897,1,0.028,0.441,"{""maxlags"": 24}",0.5227850305957424,2.2099598978585937,3.334281580054057,0,0.0,0.41,,0.2739905002869239,0.7120825486216235,1.201921149838138,1,0.027,0.187,"{""maxlags"": 24}",0.6069995167061717,2.0162446598660906,3.1117838372121667,0,0.0,0.185,,0.1882572243195479,0.6899571089535256,1.0325721275386452,1,0.286,0.601,"{""yearly_seasonality"": false, ""weekly_seasonality"": false, ""daily_seasonality"": true, ""seasonality_mode"": ""additive""}",0.1926265229132354,0.6996432770707601,1.045990100851889,0,0.0,0.621,,0.1881126355961004,0.5509672065770413,0.8904541292373317,1,0.025,0.732,"{""maxlags"": 24}",0.938675130900707,3.392028435715821,5.12195462386426,0,0.0,0.671,
204,H205,172800.0,without_retrain,0,,,,,,,,,,,,,,,,,,,,,,,,,,,,,0.0609410557752161,0.2389736295104269,0.3583532329404166,1.0,12.026,3.866,"{""order"": [48, 1, 0]}",,,,,,,,,,,,,,,,,,,,,,0.0980154534972358,0.3969573580331474,0.5819080540377753,0,0.0,4.472,,0.1397164430643667,0.5675311746270048,0.8602026327345961,0,0.0,3.026,,,,,,,,,,,,,,,,,,,,,,,,,,,,,,0.1259293735025649,0.5030445951888352,0.7688991280369611,1.0,0.037,0.996,"{""error"": ""add"", ""trend"": ""add"", ""damped_trend"": true, ""seasonal"": ""add"", ""seasonal_periods"": 24}",,,,,,,,,,,,,,,,,,,,,,8.089859082649445,35.65288015566832,48.3486875152748,0,0.0,0.041,,0.0995217615797886,0.3486654516817777,0.5166201649363504,1,0.025,0.453,"{""maxlags"": 24}",0.3934769312951666,1.768675487798296,2.634995853913857,0,0.0,0.413,,0.174737592468085,0.5202754469771258,0.8692605892178932,1,0.025,0.175,"{""maxlags"": 24}",0.7243914743412544,2.669987308049956,4.133122170331171,0,0.0,0.178,,0.3646458637408203,1.2834265882578677,1.983935185692852,1,0.459,0.923,"{""yearly_seasonality"": false, ""weekly_seasonality"": false, ""daily_seasonality"": true, ""seasonality_mode"": ""additive""}",0.3639755418600132,1.2873565654548604,1.9923762144026116,0,0.0,0.656,,0.1151808024617416,0.3986591975967724,0.5995687028617945,1,0.022,0.718,"{""maxlags"": 24}",0.9363765750375912,3.3701279822461974,5.186566091587715,0,0.0,0.648,
205,H206,172800.0,without_retrain,0,,,,,,,,,,,,,,,,,,,,,,,,,,,,,,,,,,,,0.0773707358497619,0.310485583684319,0.3626757539234552,1.0,10.299,3.574,"{""order"": [48, 1, 0]}",,,,,,,,,,,,,,,0.0921342013427032,0.3308848811861877,0.4256206783687264,0,0.0,4.18,,0.1310913785687569,0.5279736958201644,0.5975288250010056,0,0.0,3.191,,,,,,,,,,,,,,,,,,,,,,,,,,,,,,,,,,,,,0.2198967596773064,0.9572436643711388,1.1248795638815985,1.0,0.041,0.492,"{""error"": ""add"", ""trend"": ""add"", ""damped_trend"": true, ""seasonal"": ""add"", ""seasonal_periods"": 24}",,,,,,,,,,,,,,,14.186231189312847,92.22750040345244,73.34782150482867,0,0.0,0.042,,0.1294976710507174,0.4725022087363079,0.5889391104248571,1,0.022,0.435,"{""maxlags"": 24}",0.3331836698665604,1.3689181572576132,1.6678419511747595,0,0.0,0.441,,0.213939017853479,0.7461950801395583,0.969068725674838,1,0.025,0.251,"{""maxlags"": 24}",3.016411578968034,10.28199041596818,12.780418890927663,0,0.0,0.194,,0.1921145098745996,0.7256616516786346,0.90621325205997,1,0.237,0.844,"{""yearly_seasonality"": false, ""weekly_seasonality"": false, ""daily_seasonality"": true, ""seasonality_mode"": ""additive""}",0.1824414721235451,0.6845251328297864,0.843115656564073,0,0.0,0.629,,0.131571178813919,0.4789502789177406,0.6100293734096706,1,0.023,0.762,"{""maxlags"": 24}",3.3656197288939995,11.844104162793542,14.84655540471129,0,0.0,0.689,
206,H207,172800.0,without_retrain,0,,,,,,,,,,,,,,,,,,,,,,,,,,,,,,,,,,,,,,,,,,,0.0854500341235506,0.3191939045344141,0.3712134560983207,1.0,11.953,4.478,"{""order"": [48, 1, 0]}",,,,,,,,0.1892916592227701,0.7220567066200939,0.8625400855821406,0,0.0,4.223,,0.0884585649241799,0.3162953817766965,0.3560812783173125,0,0.0,3.915,,,,,,,,,,,,,,,,,,,,,,,,,,,,,,,,,,,,,,,,,,,,0.0884585649241799,0.3162953817766965,0.3560812783173125,1.0,0.04,0.872,"{""error"": ""add"", ""trend"": ""add"", ""damped_trend"": true, ""seasonal"": ""add"", ""seasonal_periods"": 24}",,,,,,,,9.99165403006428,43.17901341434227,43.58478688450887,0,0.0,0.037,,0.2159615568268273,0.780968112566058,0.917572576100261,1,0.027,0.456,"{""maxlags"": 24}",0.619248833271015,1.8954744848570464,2.3418168852723373,0,0.0,0.422,,0.3073878124429989,1.073076349397209,1.3139199090620233,1,0.025,0.177,"{""maxlags"": 24}",1.4388180334557583,3.884718238218454,4.746367698285704,0,0.0,0.188,,0.2976498821363734,1.1590845290597356,1.2606597445862122,1,0.389,0.559,"{""yearly_seasonality"": false, ""weekly_seasonality"": false, ""daily_seasonality"": true, ""seasonality_mode"": ""additive""}",0.2987219175972064,1.156817113087082,1.2547987491052437,0,0.0,0.736,,0.2247636900166139,0.7821580278558021,0.9389829921428082,1,0.024,0.724,"{""maxlags"": 24}",2.3143865438550546,6.586521494780565,8.115442464315118,0,0.0,0.67,
207,H208,172800.0,without_retrain,0,,,,,,,,,,,,,,,,,,,,,,,,,,,,,,,,,,,,,,,,,,,,,,,,,,0.0590856185882268,0.2447866223324453,0.3546751758573531,1.0,10.721,3.816,"{""order"": [48, 1, 0]}",0.0661789137927451,0.2752277293757319,0.3896328330175095,0,0.0,4.572,,0.3520632389905938,1.5683664305769245,2.317496291886673,0,0.0,2.623,,,,,,,,,,,,,,,,,,,,,,,,,,,,,,,,,,,,,,,,,,,,,,,,,,,0.3132607492866063,1.4071791003895544,2.0780579512348267,1.0,0.042,0.546,"{""error"": ""add"", ""trend"": ""add"", ""damped_trend"": true, ""seasonal"": ""add"", ""seasonal_periods"": 24}",16.551844604692313,116.07235274264892,105.40665196336052,0,0.0,0.034,,0.1175905247739223,0.438932689751385,0.6624677215999503,1,0.026,0.435,"{""maxlags"": 24}",0.467469615178733,1.9084392436203368,2.7892236616176524,0,0.0,0.432,,0.1946432019125647,0.5359982425340879,0.8625651002891924,1,0.024,0.181,"{""maxlags"": 24}",0.6493492695720015,2.6688384789387687,3.9711968880722464,0,0.0,0.154,,0.3310039755291805,1.33140507656605,1.9049931226738404,1,0.454,0.502,"{""yearly_seasonality"": false, ""weekly_seasonality"": false, ""daily_seasonality"": true, ""seasonality_mode"": ""additive""}",0.3307360152575875,1.3311470432962558,1.908912639748858,0,0.0,0.724,,0.1181050233603316,0.3993983010053716,0.6120368722299102,1,0.023,0.702,"{""maxlags"": 24}",0.6562030305678609,2.744094507600444,4.073423089547919,0,0.0,0.697,
208,H209,172800.0,without_retrain,0,0.0704714194348263,0.2910679547077639,0.5279246451362883,1.0,10.863,4.166,"{""order"": [48, 1, 0]}",,,,,,,,,,,,,,,,,,,,,,,,,,,,,,,,,,,,,,,,,,,,,,,,,,0.0824005436483257,0.3218116467254474,0.5615945573733044,0,0.0,4.541,,0.0626098676219038,0.2557782012008607,0.4465123944905289,0,0.0,4.317,,0.0495873484585376,0.2082142135112333,0.364463800090742,1.0,0.039,1.048,"{""error"": ""add"", ""trend"": ""add"", ""damped_trend"": true, ""seasonal"": ""add"", ""seasonal_periods"": 24}",,,,,,,,,,,,,,,,,,,,,,,,,,,,,,,,,,,,,,,,,,,,,,,,,,18.763002933396987,128.38025410363676,142.0636944135749,0,0.0,0.037,,0.0919901207510883,0.3469449237869761,0.6571685267352604,1,0.027,0.434,"{""maxlags"": 24}",0.2068041722899229,0.7690468969138848,1.371221137588264,0,0.0,0.394,,0.0820560596000365,0.3022577580911355,0.5086019669277694,1,0.026,0.193,"{""maxlags"": 24}",0.1943027487353794,0.6706930532040487,1.283869292620849,0,0.0,0.172,,0.4173123178911065,1.7598084270946288,2.896416856142283,1,0.425,0.773,"{""yearly_seasonality"": false, ""weekly_seasonality"": false, ""daily_seasonality"": true, ""seasonality_mode"": ""additive""}",0.4199641846532007,1.784949118897149,2.96191823870774,0,0.0,0.539,,0.0939217918258224,0.380352895311204,0.6504893873970138,1,0.028,0.739,"{""maxlags"": 24}",0.1455145078843898,0.5075783173637171,0.9914075209996596,0,0.0,0.647,
209,H210,172800.0,without_retrain,0,,,,,,,,0.1192241414955618,0.4637442216785231,0.5876238254716338,1.0,10.305,3.837,"{""order"": [48, 1, 0]}",,,,,,,,,,,,,,,,,,,,,,,,,,,,,,,,,,,,,,,,,,,0.0728522135226789,0.2595492263103374,0.3465893055011699,0,0.0,4.482,,0.1090018650106628,0.4268010745230315,0.5386889580006152,0,0.0,2.558,,,,,,,,,0.1112818348727692,0.4333755930200629,0.548243562544203,1.0,0.046,0.495,"{""error"": ""add"", ""trend"": ""add"", ""damped_trend"": true, ""seasonal"": ""add"", ""seasonal_periods"": 24}",,,,,,,,,,,,,,,,,,,,,,,,,,,,,,,,,,,,,,,,,,,10.722342375671396,56.1613791092017,57.61558648820263,0,0.0,0.033,,0.0796734977539466,0.314063856314878,0.3962331012900524,1,0.034,0.455,"{""maxlags"": 24}",0.2457651699806762,1.105721148397535,1.3734890527168409,0,0.0,0.441,,0.1019621495013498,0.4052287386186579,0.5126820588892538,1,0.026,0.192,"{""maxlags"": 24}",0.2288957963685757,0.9304407807066046,1.1916723912388816,0,0.0,0.163,,0.1561300166320723,0.6372015174462088,0.7835653072608141,1,0.337,0.518,"{""yearly_seasonality"": false, ""weekly_seasonality"": false, ""daily_seasonality"": true, ""seasonality_mode"": ""additive""}",0.1522315184237844,0.625124643848464,0.7543488207565884,0,0.0,0.773,,0.1065382823926485,0.4048492884334331,0.5053450829072436,1,0.023,0.771,"{""maxlags"": 24}",0.2836802756039169,1.1210273011273033,1.4107886823185172,0,0.0,0.687,
210,H211,172800.0,without_retrain,0,,,,,,,,,,,,,,,0.1146842262403867,0.4685555130129311,0.5703100225268948,1.0,10.322,3.885,"{""order"": [48, 1, 0]}",,,,,,,,,,,,,,,,,,,,,,,,,,,,,,,,,,,,0.0849491060758987,0.3293155598073711,0.4276856096638946,0,0.0,4.53,,0.1036759165130953,0.4218799355909657,0.5221279584204499,0,0.0,2.862,,,,,,,,,,,,,,,,0.1594990752787083,0.6911344457545961,0.8698284749849678,1.0,0.032,0.468,"{""error"": ""add"", ""trend"": ""add"", ""damped_trend"": true, ""seasonal"": ""add"", ""seasonal_periods"": 24}",,,,,,,,,,,,,,,,,,,,,,,,,,,,,,,,,,,,9.869661511390287,53.869795396804726,55.04079859419639,0,0.0,0.031,,0.0881039270864996,0.347435572774441,0.4311402056703546,1,0.018,0.449,"{""maxlags"": 24}",0.287883711881519,1.2747982742199735,1.622774600488032,0,0.0,0.406,,0.1434831713741252,0.5574001745911626,0.7203069376339494,1,0.02,0.173,"{""maxlags"": 24}",0.5060522793673574,1.8639193612549143,2.382744513612037,0,0.0,0.178,,0.1498703197898758,0.6007314825526276,0.7343938874179949,1,0.34,0.609,"{""yearly_seasonality"": false, ""weekly_seasonality"": false, ""daily_seasonality"": true, ""seasonality_mode"": ""additive""}",0.1711285485570872,0.7239138790987845,0.903344976729056,0,0.0,0.655,,0.1199797361639015,0.5084663161981027,0.641546323665738,1,0.021,0.771,"{""maxlags"": 24}",0.439326435846695,1.661212485813664,2.122116872842008,0,0.0,0.681,
211,H212,172800.0,without_retrain,0,,,,,,,,,,,,,,,,,,,,,,0.116584267507492,0.4221975572261709,0.5744492890927364,1.0,12.262,6.082,"{""order"": [48, 1, 0]}",,,,,,,,,,,,,,,,,,,,,,,,,,,,,0.154234669943445,0.5644219877393373,0.7666109696913052,0,0.0,4.584,,0.1726967410444551,0.6351542144040074,0.8678401673302188,0,0.0,3.324,,,,,,,,,,,,,,,,,,,,,,,0.4299967226303484,1.7018494681065484,2.2524621725122107,1.0,0.042,1.017,"{""error"": ""add"", ""trend"": ""add"", ""damped_trend"": true, ""seasonal"": ""add"", ""seasonal_periods"": 24}",,,,,,,,,,,,,,,,,,,,,,,,,,,,,11.833869624382723,64.30693460034759,62.682956185440446,0,0.0,0.032,,0.2687801463969202,0.9137256967597572,1.247942004562431,1,0.02,0.433,"{""maxlags"": 24}",0.7018894616073619,2.8877879166000056,3.714752800560485,0,0.0,0.423,,0.3618895250486857,1.0970350811286822,1.5056023020719334,1,0.024,0.181,"{""maxlags"": 24}",2.989420585955077,9.960382581886044,12.88232468596162,0,0.0,0.172,,0.2194617164941912,0.8210723877198608,1.065369134706719,1,0.416,0.585,"{""yearly_seasonality"": false, ""weekly_seasonality"": false, ""daily_seasonality"": true, ""seasonality_mode"": ""additive""}",0.2170880306109258,0.8143295780862022,1.0558855287841475,0,0.0,0.768,,0.270704496116229,0.9111436556825474,1.2274502772535894,1,0.021,0.714,"{""maxlags"": 24}",3.383144025343233,10.473902309204371,13.71388573207402,0,0.0,0.682,
212,H213,172800.0,without_retrain,0,,,,,,,,,,,,,,,,,,,,,,,,,,,,,0.083939910048229,0.3854324727046061,0.7583169333153569,1.0,12.541,5.972,"{""order"": [48, 1, 0]}",,,,,,,,,,,,,,,,,,,,,,0.1640148036371399,0.7814667696129796,1.5176794611329594,0,0.0,4.54,,0.0629411930807579,0.3015482518166654,0.592977881256281,0,0.0,2.036,,,,,,,,,,,,,,,,,,,,,,,,,,,,,,0.0913977792571189,0.4152923136279674,0.8315045729234029,1.0,0.045,0.393,"{""error"": ""add"", ""trend"": ""add"", ""damped_trend"": true, ""seasonal"": ""add"", ""seasonal_periods"": 24}",,,,,,,,,,,,,,,,,,,,,,6.374972045268463,31.3422908797945,55.21806787762143,0,0.0,0.043,,0.0595718810789918,0.2840835887953037,0.5192312624419219,1,0.024,0.43,"{""maxlags"": 24}",0.1646548311955886,0.8284198290103847,1.484783785595173,0,0.0,0.436,,0.0869534583677391,0.3851658101585657,0.6882238053640372,1,0.027,0.19,"{""maxlags"": 24}",0.2189104083208848,0.8759658063948731,1.6707718565410916,0,0.0,0.157,,0.1734002191038798,0.7763282330735287,1.4099571481632622,1,0.304,0.62,"{""yearly_seasonality"": false, ""weekly_seasonality"": false, ""daily_seasonality"": true, ""seasonality_mode"": ""additive""}",0.1596414526352943,0.702459350752699,1.2586717893460937,0,0.0,0.675,,0.0782282254509135,0.3311214922175011,0.5734650168060108,1,0.026,0.697,"{""maxlags"": 24}",0.6036506526448241,2.304360010931164,4.43099742820445,0,0.0,0.654,
213,H214,172800.0,without_retrain,0,,,,,,,,,,,,,,,,,,,,,,,,,,,,,,,,,,,,0.0776198813270318,0.3031878909044683,0.434597027160937,1.0,11.56,4.418,"{""order"": [48, 1, 0]}",,,,,,,,,,,,,,,0.1113234046498028,0.4531807533855356,0.6032397856993058,0,0.0,4.469,,0.07771556104617,0.2671366659384544,0.4137474117761839,0,0.0,2.896,,,,,,,,,,,,,,,,,,,,,,,,,,,,,,,,,,,,,0.1100526187634556,0.3791566349861638,0.598331569130185,1.0,0.047,0.648,"{""error"": ""add"", ""trend"": ""add"", ""damped_trend"": true, ""seasonal"": ""add"", ""seasonal_periods"": 24}",,,,,,,,,,,,,,,15.48563805469127,99.46213733908507,96.11542204795894,0,0.0,0.034,,0.1176385990788657,0.4733341489074416,0.6763924529000912,1,0.025,0.508,"{""maxlags"": 24}",0.3816343581666787,1.667780134316417,2.469763422891768,0,0.0,0.44,,0.1875922407403193,0.6084546755903443,0.92221462708923,1,0.027,0.191,"{""maxlags"": 24}",0.8695344465262334,2.995250336156173,4.570641852407879,0,0.0,0.162,,0.213165409886567,0.8548247170684129,1.2709949822396691,1,0.254,1.206,"{""yearly_seasonality"": false, ""weekly_seasonality"": false, ""daily_seasonality"": true, ""seasonality_mode"": ""additive""}",0.224443301578298,0.901646805667486,1.3511393270629946,0,0.0,0.594,,0.1491600275939963,0.5836578219493807,0.8356427647527407,1,0.025,0.694,"{""maxlags"": 24}",0.4666482812835277,1.673664623620449,2.548334533197125,0,0.0,0.704,
214,H215,172800.0,without_retrain,0,,,,,,,,,,,,,,,,,,,,,,,,,,,,,,,,,,,,,,,,,,,0.0785046761781363,0.3227400303234254,0.4606322504803884,1.0,10.671,3.786,"{""order"": [48, 1, 0]}",,,,,,,,0.0909663725634705,0.3623478429017839,0.5098817564787791,0,0.0,4.246,,0.9508661904296024,3.9695946665506794,6.003239071859025,0,0.0,2.979,,,,,,,,,,,,,,,,,,,,,,,,,,,,,,,,,,,,,,,,,,,,0.1075430588074035,0.4610966779884049,0.6531413889714281,1.0,0.039,1.086,"{""error"": ""add"", ""trend"": ""add"", ""damped_trend"": true, ""seasonal"": ""add"", ""seasonal_periods"": 24}",,,,,,,,7.557557413743676,35.03342883985661,45.728398111942376,0,0.0,0.035,,0.1218487737013429,0.481064878370925,0.7134341651526203,1,0.025,0.45,"{""maxlags"": 24}",0.4648970350180094,1.888661296778329,2.7560780548997506,0,0.0,0.403,,0.1662147192600886,0.5504652104650436,0.8561628419116388,1,0.026,0.199,"{""maxlags"": 24}",1.0755976902534108,3.811762272537604,5.73246031927416,0,0.0,0.173,,0.3806982869665861,1.381760711152463,2.03621172815755,1,0.558,1.238,"{""yearly_seasonality"": false, ""weekly_seasonality"": false, ""daily_seasonality"": true, ""seasonality_mode"": ""additive""}",0.3780827208509389,1.3692954652396276,2.0188857221065373,0,0.0,0.485,,0.1132116057594393,0.461219872837489,0.6642164350016051,1,0.026,0.719,"{""maxlags"": 24}",1.032391856487363,3.694227634922555,5.511594092800368,0,0.0,0.671,
215,H216,172800.0,without_retrain,0,,,,,,,,,,,,,,,,,,,,,,,,,,,,,,,,,,,,,,,,,,,,,,,,,,0.0814707763925686,0.3365712063240271,0.392847912099336,1.0,12.263,3.638,"{""order"": [48, 1, 0]}",0.0634096221908081,0.2370369390581274,0.2800310146822274,0,0.0,4.349,,0.102400000872458,0.3953323371975648,0.5191210504253413,0,0.0,3.115,,,,,,,,,,,,,,,,,,,,,,,,,,,,,,,,,,,,,,,,,,,,,,,,,,,0.1941762207924975,0.792285863622129,0.9491672065705876,1.0,0.042,0.604,"{""error"": ""add"", ""trend"": ""add"", ""damped_trend"": true, ""seasonal"": ""mul"", ""seasonal_periods"": 24}",10.833635176068364,57.21243376175801,57.03025008229091,0,0.0,0.039,,0.138183277512729,0.5426900915248631,0.6899666020164862,1,0.023,0.425,"{""maxlags"": 24}",0.5155511515756409,2.288296757671954,2.7902222642682566,0,0.0,0.436,,0.2215787811936543,0.6491872856053206,0.8956914860778955,1,0.026,0.196,"{""maxlags"": 24}",0.843966558966781,2.8787570588229854,3.7866994485673247,0,0.0,0.174,,0.7163252483874376,3.175638528410255,3.677324368728568,1,0.443,0.697,"{""yearly_seasonality"": false, ""weekly_seasonality"": false, ""daily_seasonality"": true, ""seasonality_mode"": ""multiplicative""}",0.2263750031833861,0.9005734569437185,1.0842482281311294,0,0.0,0.643,,0.1231098471556908,0.4355854449200708,0.5550242344312396,1,0.027,0.731,"{""maxlags"": 24}",0.7910964308899987,3.125985259060535,3.963219351007265,0,0.0,0.672,
216,H217,172800.0,without_retrain,0,0.1384955817382811,0.5150514820050701,0.7526034423442484,1.0,10.156,3.578,"{""order"": [48, 1, 0]}",,,,,,,,,,,,,,,,,,,,,,,,,,,,,,,,,,,,,,,,,,,,,,,,,,0.0726192313937986,0.313535485215293,0.4275432515146652,0,0.0,4.397,,0.14927570528711,0.5899447514102686,0.8518024212087782,0,0.0,3.336,,0.1851717609022493,0.7398034749576395,1.063745497225916,1.0,0.044,0.497,"{""error"": ""add"", ""trend"": ""add"", ""damped_trend"": true, ""seasonal"": ""add"", ""seasonal_periods"": 24}",,,,,,,,,,,,,,,,,,,,,,,,,,,,,,,,,,,,,,,,,,,,,,,,,,8.41147529639222,42.86454751258344,50.488736587689935,0,0.0,0.038,,0.157855580392278,0.5308089827395164,0.788921941545476,1,0.023,0.457,"{""maxlags"": 24}",0.4299309519156071,1.9106679602616905,2.63727291342575,0,0.0,0.458,,0.1986037808187571,0.6225880027114756,0.9376173756379002,1,0.024,0.208,"{""maxlags"": 24}",0.7505909524719478,2.765876937623636,3.904125610775896,0,0.0,0.184,,0.1884968200383985,0.7543282057873416,1.043973577809913,1,0.407,0.503,"{""yearly_seasonality"": false, ""weekly_seasonality"": false, ""daily_seasonality"": true, ""seasonality_mode"": ""additive""}",0.1880556425705797,0.7509485174697342,1.0401747385469506,0,0.0,0.513,,0.1492003511126845,0.5067855554478143,0.7419202252052338,1,0.025,0.735,"{""maxlags"": 24}",0.488384112515101,1.8504287510252384,2.654123608662303,0,0.0,0.675,
217,H218,172800.0,without_retrain,0,,,,,,,,0.0524971983235732,0.2007796898942204,0.2929918124103195,1.0,10.646,4.166,"{""order"": [48, 1, 0]}",,,,,,,,,,,,,,,,,,,,,,,,,,,,,,,,,,,,,,,,,,,0.0612556310293788,0.2334987074114415,0.3462311086864786,0,0.0,4.521,,0.2550693143984375,1.0593109778573384,1.595736539915915,0,0.0,3.375,,,,,,,,,0.2124160226800883,0.8672528789051048,1.3150360438248685,1.0,0.037,1.047,"{""error"": ""add"", ""trend"": ""add"", ""damped_trend"": true, ""seasonal"": ""add"", ""seasonal_periods"": 24}",,,,,,,,,,,,,,,,,,,,,,,,,,,,,,,,,,,,,,,,,,,10.26017208858748,52.373350771169775,62.80379673286888,0,0.0,0.035,,0.1321454236235072,0.4297679098630718,0.6644362498102501,1,0.023,0.45,"{""maxlags"": 24}",0.486264021684849,1.9816211421117584,2.963841424463169,0,0.0,0.376,,0.2287333620287645,0.5999368290783923,0.9816882612157936,1,0.024,0.187,"{""maxlags"": 24}",0.8123536139233184,2.854729012607484,4.309259197741764,0,0.0,0.183,,0.2754524839920226,1.058873534904338,1.5190820974313377,1,0.518,0.512,"{""yearly_seasonality"": false, ""weekly_seasonality"": false, ""daily_seasonality"": true, ""seasonality_mode"": ""additive""}",0.2780423474523302,1.0647028272865569,1.5292054516567557,0,0.0,0.58,,0.1348007612166656,0.4078124754841698,0.6226260614388913,1,0.03,0.727,"{""maxlags"": 24}",0.7527746297081329,2.8145846191037225,4.161332861451089,0,0.0,0.673,
218,H219,172800.0,without_retrain,0,,,,,,,,,,,,,,,0.0673870470015872,0.4322549368235415,0.7849540763897412,1.0,10.054,3.539,"{""order"": [48, 1, 0]}",,,,,,,,,,,,,,,,,,,,,,,,,,,,,,,,,,,,0.0744047609497553,0.4791764265284941,0.8639370626009085,0,0.0,4.365,,0.0760385928542167,0.410038701894672,0.779179437272373,0,0.0,2.879,,,,,,,,,,,,,,,,0.057573358825731,0.3361214589611254,0.638118040687063,1.0,0.034,0.444,"{""error"": ""add"", ""trend"": ""add"", ""damped_trend"": true, ""seasonal"": ""mul"", ""seasonal_periods"": 24}",,,,,,,,,,,,,,,,,,,,,,,,,,,,,,,,,,,,19.30229551726299,149.73766265493168,227.53788483628463,0,0.0,0.031,,0.086348958186525,0.5086091816522834,0.8995031122003715,1,0.024,0.495,"{""maxlags"": 24}",0.1764838817002169,1.0941503746232943,2.115183445322186,0,0.0,0.423,,0.093241575754767,0.6153277100192461,1.145569552578485,1,0.023,0.205,"{""maxlags"": 24}",0.1196831866366042,0.7102672406767635,1.3669205009635352,0,0.0,0.197,,0.2539089727314088,1.5909059471394322,2.6817361712690544,1,0.201,0.925,"{""yearly_seasonality"": false, ""weekly_seasonality"": false, ""daily_seasonality"": true, ""seasonality_mode"": ""multiplicative""}",0.4036962626898077,2.6204899074683734,4.431263662440778,0,0.0,0.672,,0.0886864694296928,0.561861367128763,1.047662929234164,1,0.023,0.686,"{""maxlags"": 24}",0.2056058666234649,1.1559686990401767,2.2353007900575723,0,0.0,0.626,
219,H220,172800.0,without_retrain,0,,,,,,,,,,,,,,,,,,,,,,0.091628461029686,0.3758803404538309,0.5305792353310027,1.0,10.804,4.177,"{""order"": [48, 1, 0]}",,,,,,,,,,,,,,,,,,,,,,,,,,,,,0.0536349854082645,0.2226701294754556,0.3031014742371488,0,0.0,4.276,,0.0674503687601563,0.2683446713014069,0.3670397344567677,0,0.0,4.086,,,,,,,,,,,,,,,,,,,,,,,0.1923434910884423,0.7320165860195326,1.087947304491193,1.0,0.046,0.65,"{""error"": ""add"", ""trend"": ""add"", ""damped_trend"": true, ""seasonal"": ""mul"", ""seasonal_periods"": 24}",,,,,,,,,,,,,,,,,,,,,,,,,,,,,31.394373740397945,159.5855405016339,183.564265056349,0,0.0,0.039,,0.1467348798113649,0.5021529943483553,0.7619617923782562,1,0.028,0.471,"{""maxlags"": 24}",0.3783147812774414,1.486502612138498,2.188617825345229,0,0.0,0.448,,0.2247177670927988,0.573558017611744,0.9387989599384312,1,0.027,0.198,"{""maxlags"": 24}",0.3096199183706711,1.2428715530697778,1.8226678736758264,0,0.0,0.199,,0.4318604232206723,1.8873665694952693,2.6274096395437865,1,0.204,0.57,"{""yearly_seasonality"": false, ""weekly_seasonality"": false, ""daily_seasonality"": true, ""seasonality_mode"": ""multiplicative""}",0.4446331858215269,1.835894918738326,2.437280306433757,0,0.0,0.48,,0.1549495359199178,0.5626000209834149,0.7943211396595921,1,0.023,0.744,"{""maxlags"": 24}",1.3005666929752653,3.289291204480909,4.9638325796858735,0,0.0,0.659,
220,H221,172800.0,without_retrain,0,,,,,,,,,,,,,,,,,,,,,,,,,,,,,0.0880212062926275,0.3790194198211769,0.5155588177481637,1.0,11.424,4.477,"{""order"": [48, 1, 0]}",,,,,,,,,,,,,,,,,,,,,,0.0768173306237307,0.3252775508403067,0.4499406796525325,0,0.0,4.457,,0.0866263895408339,0.364651555706676,0.5032323733640145,0,0.0,2.907,,,,,,,,,,,,,,,,,,,,,,,,,,,,,,0.079846632865195,0.3435884923255323,0.4732341929664453,1.0,0.039,0.521,"{""error"": ""add"", ""trend"": ""add"", ""damped_trend"": true, ""seasonal"": ""add"", ""seasonal_periods"": 24}",,,,,,,,,,,,,,,,,,,,,,10.036907194731102,59.61323586726286,63.61801298325992,0,0.0,0.033,,0.1244391865291632,0.5287097788960126,0.7269814578642966,1,0.023,0.525,"{""maxlags"": 24}",0.3321497818161649,1.5780848156945406,2.15531484792338,0,0.0,0.427,,0.1565742238528282,0.6065507724082042,0.8506844510234016,1,0.021,0.18,"{""maxlags"": 24}",0.5645936364516718,2.1100115007669222,2.9435636167296324,0,0.0,0.171,,0.1549495137228727,0.6966903107108363,0.9479570825455564,1,0.226,1.44,"{""yearly_seasonality"": false, ""weekly_seasonality"": false, ""daily_seasonality"": true, ""seasonality_mode"": ""additive""}",0.2101052757399151,0.9807525959121284,1.3364499555089644,0,0.0,0.934,,0.1418750593766179,0.5880383378089511,0.801809684318903,1,0.021,0.708,"{""maxlags"": 24}",0.3801546085296124,1.6359043003253833,2.252031486274402,0,0.0,0.666,
221,H222,172800.0,without_retrain,0,,,,,,,,,,,,,,,,,,,,,,,,,,,,,,,,,,,,3.7069770773088417,12.042900995211014,0.7803821173462162,1.0,12.642,6.386,"{""order"": [46, 1, 0]}",,,,,,,,,,,,,,,3.746795404602358,11.855635904874289,0.769367978343649,0,0.0,4.759,,5.107513101147445,15.104839322672042,1.0131270740659268,0,0.0,2.252,,,,,,,,,,,,,,,,,,,,,,,,,,,,,,,,,,,,,4.186304506172782,12.597097741896704,0.7998137678852727,1.0,0.052,0.987,"{""error"": ""add"", ""trend"": ""add"", ""damped_trend"": true, ""seasonal"": ""add"", ""seasonal_periods"": 42}",,,,,,,,,,,,,,,7.402624585977509,21.98351644930814,1.5757616773937515,0,0.0,0.035,,4.529765904785113,14.36543222414177,0.9188711493845756,1,0.02,0.533,"{""maxlags"": 42}",3.993378394634007,12.04646768811503,0.7707035588641888,0,0.0,0.431,,3.24253064691598,9.564407179667938,0.5926774320282698,1,0.024,0.166,"{""maxlags"": 42}",7.156526939173793,24.13618093740977,1.474808842172446,0,0.0,0.164,,4.308452945953738,15.550335659691187,1.0190391447970264,1,0.348,0.542,"{""yearly_seasonality"": false, ""weekly_seasonality"": false, ""daily_seasonality"": true, ""seasonality_mode"": ""additive""}",4.335617435603192,15.632242653176386,1.0242456890331584,0,0.0,0.561,,5.0373623032889885,15.008363323559214,0.9396971618820276,1,0.023,1.121,"{""maxlags"": 42}",5.259860010687509,16.700598940151103,1.044009388980417,0,0.0,0.654,
222,H223,172800.0,without_retrain,0,,,,,,,,,,,,,,,,,,,,,,,,,,,,,,,,,,,,,,,,,,,0.1156867557794565,0.6136363007374387,0.0291404835503237,1.0,6.371,1.855,"{""order"": [32, 1, 0]}",,,,,,,,0.168980868263135,0.9165064186464748,0.0433901208858984,0,0.0,1.48,,0.1528210714127668,0.851945404258165,0.0399258040870976,0,0.0,1.477,,,,,,,,,,,,,,,,,,,,,,,,,,,,,,,,,,,,,,,,,,,,0.0602408859605167,0.2800745295831283,0.0130130823582663,1.0,0.042,0.205,"{""error"": ""add"", ""trend"": ""add"", ""damped_trend"": true, ""seasonal"": ""mul"", ""seasonal_periods"": 16}",,,,,,,,2.783843778376429,14.191862219999498,0.672640290342947,0,0.0,0.13,,0.1484861270925045,0.5967522245878175,0.0269068901332414,1,0.032,0.392,"{""maxlags"": 20}",0.1594355160857192,0.6712686762647672,0.0303841152619077,0,0.0,0.418,,0.1062901526581823,0.501450922123894,0.0231865864822067,1,0.033,0.19,"{""maxlags"": 20}",0.1104684530025989,0.5161732848796912,0.0238041874247144,0,0.0,0.177,,1.9654072997558605,11.74510411586345,0.563163214553911,1,0.211,0.641,"{""yearly_seasonality"": false, ""weekly_seasonality"": true, ""daily_seasonality"": false, ""seasonality_mode"": ""multiplicative""}",1.9049143392196075,11.743065182394004,0.5628786007249938,0,0.0,0.539,,0.1192191150633407,0.5032875117144434,0.0230890125820414,1,0.033,0.581,"{""maxlags"": 20}",0.1194919013243538,0.4963515485888907,0.0227141353526186,0,0.0,0.625,
223,H224,172800.0,without_retrain,0,,,,,,,,,,,,,,,,,,,,,,,,,,,,,,,,,,,,,,,,,,,,,,,,,,0.093867188765879,0.3160318809627777,0.0614168199525267,1.0,10.451,4.2,"{""order"": [46, 1, 0]}",0.0918971807788152,0.3051791453974462,0.0519836684407534,0,0.0,4.428,,0.0633439188824202,0.215877578909696,0.0398409696364395,0,0.0,3.476,,,,,,,,,,,,,,,,,,,,,,,,,,,,,,,,,,,,,,,,,,,,,,,,,,,0.1583345401585781,0.5600135743792737,0.1060044858307333,1.0,0.034,0.758,"{""error"": ""add"", ""trend"": ""add"", ""damped_trend"": true, ""seasonal"": ""add"", ""seasonal_periods"": 23}",15.41639445323244,42.64610543520809,10.33813727574295,0,0.0,0.119,,0.1644109915469857,0.4905487662510665,0.0967907753880406,1,0.018,0.503,"{""maxlags"": 23}",0.4492458771168626,1.5397738625580282,0.2958507053345265,0,0.0,0.44,,0.2414126664594744,0.5783570076068899,0.1218303950360204,1,0.018,0.202,"{""maxlags"": 23}",0.7530037594302174,2.406603308170516,0.4535393400964918,0,0.0,0.161,,5.572754343377289,20.29226027537994,3.8607236117530417,1,0.355,0.715,"{""yearly_seasonality"": false, ""weekly_seasonality"": false, ""daily_seasonality"": true, ""seasonality_mode"": ""additive""}",5.63086711017353,20.497862923776086,3.9012806403675113,0,0.0,0.603,,0.1598518887198676,0.4799267265173446,0.0927499835829253,1,0.017,0.713,"{""maxlags"": 23}",0.8381069021779644,2.57065948940598,0.4935028033788346,0,0.0,0.681,
224,H225,172800.0,without_retrain,0,0.0924414542856321,0.3484019368298727,0.4890830548753504,1.0,15.074,4.053,"{""order"": [48, 1, 0]}",,,,,,,,,,,,,,,,,,,,,,,,,,,,,,,,,,,,,,,,,,,,,,,,,,0.0650584975657855,0.2751801999176443,0.3883987244929395,0,0.0,4.248,,0.0924269750340261,0.3454028483304938,0.4792039503079598,0,0.0,3.782,,0.2012703320213029,0.8485725028513187,1.2144791517586706,1.0,0.038,0.496,"{""error"": ""add"", ""trend"": ""add"", ""damped_trend"": true, ""seasonal"": ""add"", ""seasonal_periods"": 24}",,,,,,,,,,,,,,,,,,,,,,,,,,,,,,,,,,,,,,,,,,,,,,,,,,3.6815798486403737,15.040674966859918,22.13865440494467,0,0.0,0.073,,0.1075795116326073,0.3499777511723194,0.5297800902990725,1,0.024,0.471,"{""maxlags"": 24}",0.3990386811797656,1.8351594625011067,2.596061806241186,0,0.0,0.445,,0.1642278461905158,0.4531135191765067,0.7188716970133117,1,0.027,0.262,"{""maxlags"": 24}",0.7560212082631108,2.8191655350814955,4.103054545576697,0,0.0,0.188,,0.2458135526514779,0.9673219864199046,1.3866289688346989,1,0.246,0.509,"{""yearly_seasonality"": false, ""weekly_seasonality"": false, ""daily_seasonality"": true, ""seasonality_mode"": ""additive""}",0.2441861760823813,0.9654168065100952,1.3828628729393568,0,0.0,0.592,,0.1070778477526207,0.3172201567371525,0.4905994063540501,1,0.026,0.719,"{""maxlags"": 24}",0.9353511599521096,3.370871488546977,4.952372245937869,0,0.0,0.649,
225,H226,172800.0,without_retrain,0,,,,,,,,0.0626563951466579,0.2656058232066162,0.3853459039667988,1.0,10.907,3.901,"{""order"": [48, 1, 0]}",,,,,,,,,,,,,,,,,,,,,,,,,,,,,,,,,,,,,,,,,,,0.0730873140355965,0.2941775926065247,0.412034868834019,0,0.0,4.54,,0.0816492899039476,0.3288079586342549,0.4917460753178986,0,0.0,3.011,,,,,,,,,0.0684523895702146,0.3125895818354366,0.453648551532235,1.0,0.039,0.438,"{""error"": ""add"", ""trend"": ""add"", ""damped_trend"": true, ""seasonal"": ""add"", ""seasonal_periods"": 24}",,,,,,,,,,,,,,,,,,,,,,,,,,,,,,,,,,,,,,,,,,,7.217738821999956,36.86649874852999,46.38746790971727,0,0.0,0.032,,0.1124310532225875,0.3795309088507091,0.569807895103099,1,0.023,0.454,"{""maxlags"": 24}",0.4011999665791507,1.778670114114926,2.5902683068851755,0,0.0,0.452,,0.1783299995185922,0.5124447090992934,0.808993328820996,1,0.026,0.191,"{""maxlags"": 24}",0.807374600328776,3.112999486675017,4.559500413186055,0,0.0,0.169,,0.1905908867566263,0.8443960509326253,1.1935695415524843,1,0.201,0.61,"{""yearly_seasonality"": false, ""weekly_seasonality"": false, ""daily_seasonality"": true, ""seasonality_mode"": ""additive""}",0.1917252857568747,0.8525046447035344,1.2056961131967854,0,0.0,0.63,,0.1144702632141786,0.3972545270854096,0.5968878297961132,1,0.028,0.758,"{""maxlags"": 24}",0.705411910892219,2.707023167160031,3.992053935177136,0,0.0,0.639,
226,H227,172800.0,without_retrain,0,,,,,,,,,,,,,,,0.1030484422026454,0.3793400887055521,0.4779624446919344,1.0,9.92,3.588,"{""order"": [48, 1, 0]}",,,,,,,,,,,,,,,,,,,,,,,,,,,,,,,,,,,,0.1935679661017816,0.7602232455459955,0.9631788225916752,0,0.0,4.725,,0.1026240723706268,0.3910452412468814,0.4768247490570385,0,0.0,2.482,,,,,,,,,,,,,,,,0.1078282997198419,0.4260612419002155,0.53930455394217,1.0,0.042,0.739,"{""error"": ""add"", ""trend"": ""add"", ""damped_trend"": true, ""seasonal"": ""mul"", ""seasonal_periods"": 24}",,,,,,,,,,,,,,,,,,,,,,,,,,,,,,,,,,,,9.595906232890956,50.129465226040736,51.05417061849946,0,0.0,0.033,,0.1597847285479344,0.5276076364749634,0.6563503686004588,1,0.023,0.544,"{""maxlags"": 24}",0.2348851446344725,1.0543899856316876,1.314380763933202,0,0.0,0.425,,0.1490246531157409,0.5263498125801228,0.6710105024889534,1,0.026,0.209,"{""maxlags"": 24}",0.6998527863224774,2.406751039872352,3.0618397217596347,0,0.0,0.174,,0.4536700060677375,1.8107076379123288,2.3220783383557597,1,0.38,0.587,"{""yearly_seasonality"": false, ""weekly_seasonality"": false, ""daily_seasonality"": true, ""seasonality_mode"": ""multiplicative""}",0.3343578019916993,1.3857942863945425,1.6024649862750455,0,0.0,0.465,,0.180450350505406,0.6603003264173729,0.8365258372671128,1,0.029,0.812,"{""maxlags"": 24}",0.627715094378598,1.975190818480364,2.554055139112805,0,0.0,0.652,
227,H228,172800.0,without_retrain,0,,,,,,,,,,,,,,,,,,,,,,0.2029703438507848,0.7960581642898231,0.6965011451355787,1.0,11.829,5.309,"{""order"": [48, 1, 0]}",,,,,,,,,,,,,,,,,,,,,,,,,,,,,1.2184939404594104,4.977720897459189,4.549367742875077,0,0.0,4.741,,1.798830640792334,7.464916278126322,6.89462869037641,0,0.0,4.141,,,,,,,,,,,,,,,,,,,,,,,1.8175638822901468,7.548093897556065,6.955450851930252,1.0,0.034,1.048,"{""error"": ""add"", ""trend"": ""add"", ""damped_trend"": true, ""seasonal"": ""add"", ""seasonal_periods"": 24}",,,,,,,,,,,,,,,,,,,,,,,,,,,,,7.362695475461939,36.51726431270521,29.584358115695007,0,0.0,0.035,,0.1225763986011412,0.4705891124483672,0.4033114919483551,1,0.021,0.571,"{""maxlags"": 24}",0.174597862833444,0.7180850459595288,0.6233716421966919,0,0.0,0.432,,0.1844123485617895,0.5527509799825997,0.49437911979052,1,0.022,0.174,"{""maxlags"": 24}",0.6240597894820058,2.089817890742267,1.8910922364677896,0,0.0,0.191,,4.145271874649418,17.84326042859175,16.51503921095345,1,0.519,0.628,"{""yearly_seasonality"": false, ""weekly_seasonality"": false, ""daily_seasonality"": true, ""seasonality_mode"": ""additive""}",4.156919767253671,17.90481417829921,16.548188894837065,0,0.0,0.829,,0.2745061578058802,0.9893062251343858,0.8664197606131104,1,0.019,0.826,"{""maxlags"": 24}",0.593497615849436,1.7868976680094455,1.617278748299616,0,0.0,0.675,
228,H229,172800.0,without_retrain,0,,,,,,,,,,,,,,,,,,,,,,,,,,,,,0.0543341685445019,0.2476554462818687,0.334031273812706,1.0,19.871,9.515,"{""order"": [48, 1, 0]}",,,,,,,,,,,,,,,,,,,,,,0.1449417661006183,0.6138034848783441,0.8573819976389965,0,0.0,4.45,,0.0609797459673587,0.2697663861596061,0.3625584649140332,0,0.0,2.963,,,,,,,,,,,,,,,,,,,,,,,,,,,,,,0.1421668062485022,0.5897228914098781,0.8222311551682601,1.0,0.039,0.525,"{""error"": ""add"", ""trend"": ""add"", ""damped_trend"": true, ""seasonal"": ""add"", ""seasonal_periods"": 24}",,,,,,,,,,,,,,,,,,,,,,11.160594680896512,63.71184317819101,68.12132544724095,0,0.0,0.04,,0.1035286509763644,0.4542906633501123,0.5976302873094784,1,0.026,0.453,"{""maxlags"": 24}",0.0765368022550751,0.3324495269268243,0.4520926611868955,0,0.0,0.406,,0.1178512998089801,0.4798335214663736,0.6235658267739167,1,0.024,0.192,"{""maxlags"": 24}",0.1517446384397912,0.5522721208123339,0.7683456617400527,0,0.0,0.17,,0.2706225765234658,1.2079422188366251,1.607596930314834,1,0.305,0.712,"{""yearly_seasonality"": false, ""weekly_seasonality"": false, ""daily_seasonality"": true, ""seasonality_mode"": ""additive""}",0.3150480347148216,1.446551160050974,1.9366588117296493,0,0.0,0.838,,0.1157844490653761,0.4843960372409567,0.635807642742944,1,0.028,0.764,"{""maxlags"": 24}",0.3566177442997194,1.1088455231693355,1.5573965731004815,0,0.0,0.702,
229,H230,172800.0,without_retrain,0,,,,,,,,,,,,,,,,,,,,,,,,,,,,,,,,,,,,0.0734636037494469,0.2721552144744742,0.064425402229613,1.0,27.677,11.595,"{""order"": [46, 1, 0]}",,,,,,,,,,,,,,,0.0641382287471729,0.2508873372131841,0.057429652566685,0,0.0,4.431,,0.0695789596245228,0.2665032228056556,0.0620016635287542,0,0.0,2.347,,,,,,,,,,,,,,,,,,,,,,,,,,,,,,,,,,,,,0.0640182789879329,0.2339368043312454,0.0546651055181841,1.0,0.046,0.408,"{""error"": ""add"", ""trend"": ""add"", ""damped_trend"": true, ""seasonal"": ""add"", ""seasonal_periods"": 23}",,,,,,,,,,,,,,,17.238213985710786,51.89310403045916,17.315710545627912,0,0.0,0.201,,0.1245282449313409,0.4720046788382193,0.1132584398970602,1,0.024,0.46,"{""maxlags"": 23}",0.2996606654838639,1.3369750068809705,0.310580247979113,0,0.0,0.458,,0.1452896165315075,0.4702437660975507,0.1166951607825337,1,0.026,0.213,"{""maxlags"": 23}",0.6412767504566127,2.4136330630719525,0.5738180003604673,0,0.0,0.187,,4.098724503404136,17.073923712645954,4.121816301194303,1,0.242,0.441,"{""yearly_seasonality"": false, ""weekly_seasonality"": false, ""daily_seasonality"": true, ""seasonality_mode"": ""additive""}",4.137535943719927,17.210646058112392,4.157604596796126,0,0.0,0.893,,0.1338879397239555,0.4976680700922225,0.1182531395461798,1,0.024,0.75,"{""maxlags"": 23}",0.415665561909788,1.54456810532455,0.3659135524198493,0,0.0,0.658,
230,H231,172800.0,without_retrain,0,,,,,,,,,,,,,,,,,,,,,,,,,,,,,,,,,,,,,,,,,,,0.125556957040899,0.4555859397047292,0.5626104739163656,1.0,12.69,4.74,"{""order"": [48, 1, 0]}",,,,,,,,0.1815893044567702,0.6662315180400992,0.8229763497456274,0,0.0,4.553,,0.6172929687596492,2.581549512356139,3.144377078673209,0,0.0,3.548,,,,,,,,,,,,,,,,,,,,,,,,,,,,,,,,,,,,,,,,,,,,0.1302253143618559,0.518263905052405,0.644222494150886,1.0,0.042,1.003,"{""error"": ""add"", ""trend"": ""add"", ""damped_trend"": true, ""seasonal"": ""mul"", ""seasonal_periods"": 24}",,,,,,,,11.017823800597238,57.29865648977221,55.05158216251115,0,0.0,0.345,,0.1574808016630534,0.5415891972456003,0.6625946888923829,1,0.024,0.45,"{""maxlags"": 24}",0.3379665426001149,1.466954608274597,1.7885476570351857,0,0.0,0.428,,0.1771992645162785,0.6285866370984862,0.7984091551831206,1,0.024,0.208,"{""maxlags"": 24}",0.3322036975526681,1.2546708275972014,1.556634295916081,0,0.0,0.19,,0.5247677366308756,2.182516198334913,2.6269161471132407,1,0.463,0.585,"{""yearly_seasonality"": false, ""weekly_seasonality"": false, ""daily_seasonality"": true, ""seasonality_mode"": ""multiplicative""}",0.3035797312275829,1.2414617221849025,1.3809212695125035,0,0.0,0.857,,0.1740076554533113,0.6222846062173453,0.772779494772398,1,0.023,0.794,"{""maxlags"": 24}",0.7008244954474802,2.326897830285492,2.8965335709805764,0,0.0,0.671,
231,H232,172800.0,without_retrain,0,,,,,,,,,,,,,,,,,,,,,,,,,,,,,,,,,,,,,,,,,,,,,,,,,,0.0546701368707239,0.1978136673119947,0.2644697102855853,1.0,17.722,10.547,"{""order"": [48, 1, 0]}",0.0749734935630406,0.2987855045646205,0.4005094891094962,0,0.0,4.482,,0.0456439570757336,0.1120367018917445,0.1473390004689339,0,0.0,2.787,,,,,,,,,,,,,,,,,,,,,,,,,,,,,,,,,,,,,,,,,,,,,,,,,,,0.0770829903647183,0.2998554587302345,0.4023231360800886,1.0,0.041,0.484,"{""error"": ""add"", ""trend"": ""add"", ""damped_trend"": true, ""seasonal"": ""add"", ""seasonal_periods"": 24}",11.073627290041909,61.32744722278036,63.60777468933313,0,0.0,0.037,,0.0975386954106392,0.3117426487733416,0.4291949060144827,1,0.024,0.446,"{""maxlags"": 24}",0.3402104471464535,1.4488209214871102,1.9467646535054868,0,0.0,0.44,,0.1300720562517104,0.4196593350380668,0.5999820167518901,1,0.024,0.187,"{""maxlags"": 24}",0.784078788894325,2.737618443185506,3.7363781507273335,0,0.0,0.191,,0.1854717495662346,0.784054421029975,1.0131605367620828,1,0.285,0.768,"{""yearly_seasonality"": false, ""weekly_seasonality"": false, ""daily_seasonality"": true, ""seasonality_mode"": ""additive""}",0.211668230816028,0.8852579581779483,1.1540179566944768,0,0.0,1.182,,0.1025396936097554,0.3589092430456254,0.4895549309846607,1,0.025,0.778,"{""maxlags"": 24}",0.7201775685824521,2.5893295623637447,3.538530040367933,0,0.0,0.651,
232,H233,172800.0,without_retrain,0,0.1873807278860203,0.9497855069491452,1.8910108671175785,1.0,9.864,4.773,"{""order"": [48, 1, 0]}",,,,,,,,,,,,,,,,,,,,,,,,,,,,,,,,,,,,,,,,,,,,,,,,,,0.1879646133983611,0.9548410227497556,1.8969348600167908,0,0.0,4.634,,0.2303690832892384,1.1551346756984868,2.3417759149067,0,0.0,2.814,,0.1950952792261961,0.9695913952080644,1.970905600208651,1.0,0.035,0.419,"{""error"": ""add"", ""trend"": ""add"", ""damped_trend"": true, ""seasonal"": ""add"", ""seasonal_periods"": 24}",,,,,,,,,,,,,,,,,,,,,,,,,,,,,,,,,,,,,,,,,,,,,,,,,,4.25519436545569,19.86936416437733,38.57921752508964,0,0.0,0.033,,0.2181215307368075,1.1133379169036146,2.1874819153558924,1,0.025,0.442,"{""maxlags"": 24}",0.4323647851311697,2.195315951757289,4.460385276118203,0,0.0,0.397,,0.2365890951916824,1.102103292896789,2.2389624010203195,1,0.022,0.179,"{""maxlags"": 24}",0.5467842684006695,2.682646889992233,5.416941777370718,0,0.0,0.168,,0.3943599604934283,2.050902462021449,4.161489410328072,1,0.397,0.546,"{""yearly_seasonality"": false, ""weekly_seasonality"": false, ""daily_seasonality"": true, ""seasonality_mode"": ""additive""}",0.4374516358743358,2.286967080619783,4.6317362435245855,0,0.0,0.78,,0.2106911101054553,1.040930425445649,2.0631549311879893,1,0.021,0.638,"{""maxlags"": 24}",0.6624840111714675,3.030408375874051,6.128438861457139,0,0.0,0.586,
233,H234,172800.0,without_retrain,0,,,,,,,,0.084872778923039,0.4014118709809263,0.594427308544439,1.0,10.001,3.599,"{""order"": [48, 1, 0]}",,,,,,,,,,,,,,,,,,,,,,,,,,,,,,,,,,,,,,,,,,,0.0646521374368627,0.301173115725924,0.4578268653177313,0,0.0,4.627,,0.1599694357982258,0.762565576586388,1.148815556542888,0,0.0,3.15,,,,,,,,,0.126708279480667,0.5950974592139152,0.8856856879272005,1.0,0.04,0.557,"{""error"": ""add"", ""trend"": ""add"", ""damped_trend"": true, ""seasonal"": ""mul"", ""seasonal_periods"": 24}",,,,,,,,,,,,,,,,,,,,,,,,,,,,,,,,,,,,,,,,,,,4.818335747602072,22.785393313326505,33.131301754613595,0,0.0,0.063,,0.1168044164652428,0.5055640516865346,0.7916046061818257,1,0.023,0.448,"{""maxlags"": 24}",0.3030402962524075,1.5124031492328776,2.322248375614413,0,0.0,0.43,,0.1561294925855632,0.6258935213928681,0.997916545263933,1,0.021,0.193,"{""maxlags"": 24}",0.7870849048050336,2.945156699783697,4.725729214674799,0,0.0,0.178,,0.3800878320552712,1.6049003418302874,2.571119061148996,1,0.339,0.875,"{""yearly_seasonality"": false, ""weekly_seasonality"": false, ""daily_seasonality"": true, ""seasonality_mode"": ""multiplicative""}",0.3203496091238607,1.7121463640193653,2.4430559794706483,0,0.0,0.721,,0.1394950520401819,0.6311372734487727,0.9543178664511,1,0.022,0.722,"{""maxlags"": 24}",0.748908113697946,2.8989230499908927,4.58262040673981,0,0.0,0.655,
234,H235,172800.0,without_retrain,0,,,,,,,,,,,,,,,0.0612897424741963,0.2509679000709396,0.4302441322857906,1.0,13.271,4.444,"{""order"": [48, 1, 0]}",,,,,,,,,,,,,,,,,,,,,,,,,,,,,,,,,,,,0.070182010680028,0.3010608250032511,0.5106385038609601,0,0.0,4.42,,0.1544848006912077,0.6807775257532552,1.1412474574117748,0,0.0,2.898,,,,,,,,,,,,,,,,0.1544848006912077,0.6807775257532552,1.1412474574117748,1.0,0.042,1.015,"{""error"": ""add"", ""trend"": ""add"", ""damped_trend"": true, ""seasonal"": ""add"", ""seasonal_periods"": 24}",,,,,,,,,,,,,,,,,,,,,,,,,,,,,,,,,,,,5.5967269792637016,26.19319412685219,41.02300238540396,0,0.0,0.213,,0.0731138432062952,0.3273525140083841,0.5415033286727,1,0.022,0.441,"{""maxlags"": 24}",0.2956019873798675,1.4094350793799368,2.369574951674477,0,0.0,0.432,,0.142789937260906,0.4756936278011432,0.8604518460320291,1,0.023,0.183,"{""maxlags"": 24}",0.2794117410975144,1.29356454094807,2.1866750338307384,0,0.0,0.17,,0.2674024755777452,1.221325587409961,1.985262649429954,1,0.367,0.616,"{""yearly_seasonality"": false, ""weekly_seasonality"": false, ""daily_seasonality"": true, ""seasonality_mode"": ""additive""}",0.2762523586337712,1.3061451188631783,2.1077250320298915,0,0.0,0.806,,0.0895713936347607,0.4097943898063896,0.6664826909874758,1,0.025,0.709,"{""maxlags"": 24}",0.3829390884894261,1.7411739540893658,2.9711548908732923,0,0.0,0.666,
235,H236,172800.0,without_retrain,0,,,,,,,,,,,,,,,,,,,,,,0.0645079531774006,0.2629202558864068,0.4732533616430882,1.0,26.207,8.455,"{""order"": [48, 1, 0]}",,,,,,,,,,,,,,,,,,,,,,,,,,,,,0.0610734977623014,0.2589759277956791,0.46420789720057,0,0.0,4.635,,0.108514554737029,0.5166755762392463,0.9051549496203832,0,0.0,3.572,,,,,,,,,,,,,,,,,,,,,,,0.0608027487275696,0.2746234753949828,0.4656376486630525,1.0,0.042,0.545,"{""error"": ""add"", ""trend"": ""add"", ""damped_trend"": true, ""seasonal"": ""add"", ""seasonal_periods"": 24}",,,,,,,,,,,,,,,,,,,,,,,,,,,,,15.272685929339689,124.37662580665597,132.1353310390453,0,0.0,0.154,,0.1165763353592061,0.4824162375885476,0.8811070852899686,1,0.025,0.436,"{""maxlags"": 24}",0.2378709549771012,1.0848855371750243,1.9600261509354464,0,0.0,0.4,,0.174872264932247,0.5925892212279,1.1563310215765286,1,0.024,0.187,"{""maxlags"": 24}",1.2768143693616036,4.5843030424992826,8.491878925356053,0,0.0,0.203,,0.4254148249940372,2.217148094467679,3.6322481724686617,1,0.3,0.702,"{""yearly_seasonality"": false, ""weekly_seasonality"": false, ""daily_seasonality"": true, ""seasonality_mode"": ""additive""}",0.4411663345722783,2.297739574446706,3.7266639962871633,0,0.0,0.497,,0.140606303669426,0.5636567159417969,1.0679531763882106,1,0.028,0.733,"{""maxlags"": 24}",0.3870785002578455,1.617719382648269,2.910030391507666,0,0.0,0.646,
236,H237,172800.0,without_retrain,0,,,,,,,,,,,,,,,,,,,,,,,,,,,,,0.1339875073415402,0.5306456178723652,1.3898206440845524,1.0,26.494,6.659,"{""order"": [48, 1, 0]}",,,,,,,,,,,,,,,,,,,,,,0.1864263740592332,0.7522829753569918,2.002558976236744,0,0.0,4.519,,0.1737293290112476,0.7025536897323313,1.909074712469916,0,0.0,3.009,,,,,,,,,,,,,,,,,,,,,,,,,,,,,,0.1697368958420688,0.6790332241432409,1.844913052476744,1.0,0.032,1.063,"{""error"": ""add"", ""trend"": ""add"", ""damped_trend"": true, ""seasonal"": ""mul"", ""seasonal_periods"": 24}",,,,,,,,,,,,,,,,,,,,,,19.75921122589691,158.49933552959075,244.57288093452848,0,0.0,0.036,,0.1304421851434491,0.5259988288024232,1.3478259905805257,1,0.02,0.45,"{""maxlags"": 24}",0.1322801138045018,0.5835834954741927,1.3951765701644192,0,0.0,0.386,,0.1158500334927455,0.5004661565463694,1.2430092868371188,1,0.015,0.192,"{""maxlags"": 24}",0.1382327675732056,0.6046143690469162,1.4879069696499014,0,0.0,0.196,,0.2802632192628789,1.3961503603800385,3.1620453212144284,1,0.195,0.655,"{""yearly_seasonality"": false, ""weekly_seasonality"": false, ""daily_seasonality"": true, ""seasonality_mode"": ""multiplicative""}",0.3940502506514383,1.821579589422368,4.417419474236468,0,0.0,0.505,,0.1196049796749989,0.5210922077100575,1.2920977114201104,1,0.02,0.711,"{""maxlags"": 24}",0.1252470252898409,0.5572970952645695,1.3425902657487268,0,0.0,0.619,
237,H238,172800.0,without_retrain,0,,,,,,,,,,,,,,,,,,,,,,,,,,,,,,,,,,,,0.0675018961077114,0.234646271313805,0.3954223048856646,1.0,20.542,7.416,"{""order"": [48, 1, 0]}",,,,,,,,,,,,,,,0.086989913866701,0.2991986894875349,0.5022448314805928,0,0.0,4.509,,0.0757615339651129,0.2799291940067672,0.4569355712168519,0,0.0,3.809,,,,,,,,,,,,,,,,,,,,,,,,,,,,,,,,,,,,,0.2161105287593394,0.6979059590259228,1.2636763980228585,1.0,0.04,0.555,"{""error"": ""add"", ""trend"": ""add"", ""damped_trend"": true, ""seasonal"": ""mul"", ""seasonal_periods"": 24}",,,,,,,,,,,,,,,16.179750204432416,92.97473139687696,107.96301791547872,0,0.0,0.036,,0.177047854864626,0.5363309979169878,0.965634713594828,1,0.024,0.47,"{""maxlags"": 24}",0.4752894777864004,1.6394083330349585,2.9536082749137536,0,0.0,0.428,,0.3091550697749058,0.7523382539777822,1.4579207918058008,1,0.025,0.211,"{""maxlags"": 24}",1.847140593623953,5.981006402696469,9.690619887003573,0,0.0,0.193,,0.3238320930403284,1.303103497546801,1.9507071467702013,1,0.243,0.916,"{""yearly_seasonality"": false, ""weekly_seasonality"": false, ""daily_seasonality"": true, ""seasonality_mode"": ""multiplicative""}",0.7272601251935608,2.918855546702625,4.756715605966108,0,0.0,0.524,,0.190719901892477,0.5967506329992321,1.0403817062370928,1,0.027,0.704,"{""maxlags"": 24}",2.398179364569557,7.707739776230368,12.566972143145136,0,0.0,0.677,
238,H239,172800.0,without_retrain,0,,,,,,,,,,,,,,,,,,,,,,,,,,,,,,,,,,,,,,,,,,,0.0652975981909023,0.2642319414890556,0.3903245137995816,1.0,12.705,3.876,"{""order"": [48, 1, 0]}",,,,,,,,0.0716645743378797,0.3005237477960047,0.4484700763464024,0,0.0,4.351,,1.2484056809538695,5.096043756330308,7.928724929824888,0,0.0,2.958,,,,,,,,,,,,,,,,,,,,,,,,,,,,,,,,,,,,,,,,,,,,0.1891218769214114,0.7201615415855063,1.057266716246839,1.0,0.04,0.537,"{""error"": ""add"", ""trend"": ""add"", ""damped_trend"": true, ""seasonal"": ""add"", ""seasonal_periods"": 24}",,,,,,,,18.591409208065805,128.6403725833668,117.1020143423993,0,0.0,0.036,,0.1576386615063085,0.5628354775079042,0.8191122050590657,1,0.023,0.466,"{""maxlags"": 24}",0.4708310111702256,2.071479119063264,3.0041724969744146,0,0.0,0.43,,0.2214376063386035,0.7077110074344152,1.0984517225539203,1,0.021,0.198,"{""maxlags"": 24}",0.8158650099476563,3.134561168248912,4.650243142404107,0,0.0,0.184,,0.2642132048709542,1.0545452868481855,1.4894944025609462,1,0.244,0.734,"{""yearly_seasonality"": false, ""weekly_seasonality"": false, ""daily_seasonality"": true, ""seasonality_mode"": ""additive""}",0.2866835540803233,1.1526498691315783,1.602512843699185,0,0.0,0.594,,0.1548226286787748,0.5374764784190512,0.7979539642525011,1,0.022,0.717,"{""maxlags"": 24}",1.0899108212794002,4.098436128139446,6.128456893730662,0,0.0,0.675,
239,H240,172800.0,without_retrain,0,,,,,,,,,,,,,,,,,,,,,,,,,,,,,,,,,,,,,,,,,,,,,,,,,,0.8892843811236929,2.539989537139165,0.2484725029562526,1.0,6.539,0.807,"{""order"": [20, 1, 0]}",0.7021045593693851,2.0344777961695844,0.1976270029479554,0,0.0,5.838,,0.1065574701266042,0.31719497157315,0.0321543044600087,0,0.0,0.921,,,,,,,,,,,,,,,,,,,,,,,,,,,,,,,,,,,,,,,,,,,,,,,,,,,0.0919932092441953,0.2748726748545955,0.0269894984494417,1.0,0.032,0.191,"{""error"": ""add"", ""trend"": ""add"", ""damped_trend"": true, ""seasonal"": ""add"", ""seasonal_periods"": 10}",2.1582376883704057,6.11317002367035,0.6009196330778807,0,0.0,0.039,,0.4231883457900712,1.073722227832983,0.1007567468394172,1,0.027,1.028,"{""maxlags"": 133}",0.8141167417649238,2.0421184123949607,0.1996080734964018,0,0.0,0.416,,0.2457202796605326,0.7859787831057047,0.076461594004989,1,0.027,0.201,"{""maxlags"": 133}",1.4195895264033267,3.801373749887457,0.3731714247356276,0,0.0,0.179,,2.3276551973617794,6.042245266483867,0.5939593490505174,1,0.2,0.761,"{""yearly_seasonality"": false, ""weekly_seasonality"": false, ""daily_seasonality"": true, ""seasonality_mode"": ""additive""}",2.3728604419728363,6.0717115043043615,0.597205340172071,0,0.0,0.641,,0.1868072590356019,0.5799424766137938,0.0558209909174007,1,0.027,2.369,"{""maxlags"": 133}",0.1933177486228103,0.6291275316322641,0.0607808758720598,0,0.0,0.701,
240,H241,172800.0,without_retrain,0,0.063925082474461,0.2284465222469155,2.340763755297444,1.0,30.418,7.965,"{""order"": [48, 1, 0]}",,,,,,,,,,,,,,,,,,,,,,,,,,,,,,,,,,,,,,,,,,,,,,,,,,0.0786793680632682,0.282779751526251,2.9063066518260854,0,0.0,4.615,,0.0756912396506002,0.2751082060076482,2.7575742211347034,0,0.0,2.299,,0.0642859181012285,0.2493827526087749,2.5057072876016493,1.0,0.034,0.362,"{""error"": ""add"", ""trend"": ""add"", ""damped_trend"": true, ""seasonal"": ""add"", ""seasonal_periods"": 24}",,,,,,,,,,,,,,,,,,,,,,,,,,,,,,,,,,,,,,,,,,,,,,,,,,7.314359373769926,34.93108094481544,303.74024468138145,0,0.0,0.031,,0.0758672350768286,0.2913233444984513,2.9316885210758383,1,0.022,0.395,"{""maxlags"": 24}",0.0772023694186274,0.2777464528973001,2.77200581279242,0,0.0,0.384,,0.0800060035632616,0.300425130596216,3.0311104686609034,1,0.021,0.21,"{""maxlags"": 24}",0.0866383198339149,0.3616039472521117,3.5963575931488685,0,0.0,0.186,,0.2073676919349238,0.8219645378215445,8.194364550686453,1,0.245,0.522,"{""yearly_seasonality"": false, ""weekly_seasonality"": false, ""daily_seasonality"": true, ""seasonality_mode"": ""additive""}",0.2084917087613731,0.8284847994664183,8.262206869392214,0,0.0,0.661,,0.077893870128129,0.2952971148920791,2.96421051722996,1,0.021,0.529,"{""maxlags"": 24}",0.0809962525348206,0.3066498544140643,3.047961534199929,0,0.0,0.496,
241,H242,172800.0,without_retrain,0,,,,,,,,0.0461505710469918,0.2725961628512731,1.1758040451276288,1.0,18.991,6.748,"{""order"": [48, 0, 0]}",,,,,,,,,,,,,,,,,,,,,,,,,,,,,,,,,,,,,,,,,,,0.0479845497134898,0.2868026243264973,1.210737377253175,0,0.0,4.542,,0.1013097805233957,0.6718457410072135,2.733452864795643,0,0.0,3.52,,,,,,,,,0.0574195912964324,0.3276568431736356,1.424861866394492,1.0,0.032,0.526,"{""error"": ""add"", ""trend"": ""add"", ""damped_trend"": true, ""seasonal"": ""add"", ""seasonal_periods"": 24}",,,,,,,,,,,,,,,,,,,,,,,,,,,,,,,,,,,,,,,,,,,7.180217096117095,58.598840343010885,195.88493747854417,0,0.0,0.034,,0.0602391909637868,0.3026107383651453,1.3614013876570008,1,0.019,0.422,"{""maxlags"": 24}",0.1581642935478169,0.7825093115679471,3.64441969885741,0,0.0,0.396,,0.078571867443557,0.3598484685754619,1.6639600005242616,1,0.018,0.181,"{""maxlags"": 24}",0.2124796771440935,1.1755295143850202,5.187876512456096,0,0.0,0.188,,0.2373895447022168,1.455205628095454,6.200335297400559,1,0.333,0.73,"{""yearly_seasonality"": false, ""weekly_seasonality"": false, ""daily_seasonality"": true, ""seasonality_mode"": ""additive""}",0.237319280086801,1.4365005136007245,6.15818925835039,0,0.0,0.582,,0.057095668457983,0.2788978178858829,1.2362103571735918,1,0.014,0.538,"{""maxlags"": 24}",0.1232867046302386,0.658299354942853,2.922956026938605,0,0.0,0.542,
242,H243,172800.0,without_retrain,0,,,,,,,,,,,,,,,0.078570789825031,0.2934833629249601,0.3591776796516213,1.0,13.196,9.893,"{""order"": [48, 1, 0]}",,,,,,,,,,,,,,,,,,,,,,,,,,,,,,,,,,,,0.1154751386508193,0.4170194095083747,0.5133115588644562,0,0.0,4.386,,0.1362150119783841,0.5556200633185046,0.6770510362932886,0,0.0,2.297,,,,,,,,,,,,,,,,0.1524755811368289,0.6282879266980795,0.7652647875280224,1.0,0.058,0.674,"{""error"": ""add"", ""trend"": ""add"", ""damped_trend"": true, ""seasonal"": ""add"", ""seasonal_periods"": 24}",,,,,,,,,,,,,,,,,,,,,,,,,,,,,,,,,,,,9.79378076938384,50.1998325857264,49.38848146050524,0,0.0,0.032,,0.1434760859546812,0.5058267131222572,0.6321607372541672,1,0.039,0.426,"{""maxlags"": 24}",0.6473044256233129,2.4484503131671,2.97270491739944,0,0.0,0.434,,0.2140632077616652,0.6578651766948708,0.8579258604524028,1,0.039,0.187,"{""maxlags"": 24}",1.4235579098085276,4.351516618424188,5.325992131965825,0,0.0,0.174,,0.1603517664961601,0.6027728605053843,0.7035790727258968,1,0.29,0.634,"{""yearly_seasonality"": false, ""weekly_seasonality"": false, ""daily_seasonality"": true, ""seasonality_mode"": ""additive""}",0.1596902806370853,0.605627742865302,0.7061071186497161,0,0.0,0.478,,0.148474265654607,0.4855108776144762,0.6167957873707371,1,0.041,0.732,"{""maxlags"": 24}",0.908489873936896,2.954354473283795,3.681219418570804,0,0.0,0.667,
243,H244,172800.0,without_retrain,0,,,,,,,,,,,,,,,,,,,,,,0.1079141705291753,0.361444988633776,0.0261164012352443,1.0,12.41,2.454,"{""order"": [34, 1, 0]}",,,,,,,,,,,,,,,,,,,,,,,,,,,,,0.0775681840015267,0.2625898865725444,0.018422869153614,0,0.0,1.685,,0.1007693462701014,0.3496797808769603,0.0252486749576973,0,0.0,1.587,,,,,,,,,,,,,,,,,,,,,,,0.2064004085917906,0.7740211722510745,0.0549947701170907,1.0,0.035,0.344,"{""error"": ""add"", ""trend"": ""add"", ""damped_trend"": true, ""seasonal"": ""add"", ""seasonal_periods"": 17}",,,,,,,,,,,,,,,,,,,,,,,,,,,,,13.90641680411028,80.31331821863158,3.954008121433769,0,0.0,0.04,,0.2021312001689041,0.6915067015318327,0.0494766842800741,1,0.027,0.442,"{""maxlags"": 20}",0.2017118236682887,0.6859006899299126,0.0489023762947201,0,0.0,0.42,,0.2508943660301872,0.7333849413114567,0.0539199775493184,1,0.027,0.245,"{""maxlags"": 20}",0.2529708118622393,0.7519142249885201,0.0551702728377519,0,0.0,0.171,,1.9321674140486376,6.9332174091433245,0.4847489563978659,1,0.322,0.521,"{""yearly_seasonality"": false, ""weekly_seasonality"": true, ""daily_seasonality"": false, ""seasonality_mode"": ""additive""}",1.943240514187049,6.965533728278835,0.4869957174534255,0,0.0,0.425,,0.2041257392984958,0.6449093847747837,0.0467514606417061,1,0.026,0.62,"{""maxlags"": 20}",0.2045671186958074,0.6399054752928497,0.0464365616555559,0,0.0,0.696,
244,H245,172800.0,without_retrain,0,,,,,,,,,,,,,,,,,,,,,,,,,,,,,0.055430604367906,0.2345553106451978,0.287575672837386,1.0,17.195,5.914,"{""order"": [48, 1, 0]}",,,,,,,,,,,,,,,,,,,,,,0.135228355575441,0.5819019979024832,0.7271318020990462,0,0.0,4.175,,0.0847380553994779,0.3485326958615543,0.4219957773956579,0,0.0,2.995,,,,,,,,,,,,,,,,,,,,,,,,,,,,,,0.0980294774071359,0.3733881363984908,0.466461474682216,1.0,0.04,0.599,"{""error"": ""add"", ""trend"": ""add"", ""damped_trend"": true, ""seasonal"": ""mul"", ""seasonal_periods"": 24}",,,,,,,,,,,,,,,,,,,,,,14.112260505553843,87.14547008582436,74.62389718824738,0,0.0,0.066,,0.1137263087112395,0.4397202235632418,0.5577748569962565,1,0.028,0.443,"{""maxlags"": 24}",0.2451720453389549,1.0494468373900432,1.312841281171923,0,0.0,0.485,,0.1450151057007485,0.5816883195500949,0.7339758079148105,1,0.024,0.201,"{""maxlags"": 24}",0.8462334808692116,2.8423833674366,3.559665216602235,0,0.0,0.166,,0.4370103498428093,1.9367643822994616,2.297525239314957,1,0.286,0.636,"{""yearly_seasonality"": false, ""weekly_seasonality"": false, ""daily_seasonality"": true, ""seasonality_mode"": ""multiplicative""}",0.1841657023596824,0.7437731486302316,0.8492674027290731,0,0.0,0.599,,0.1641504766530361,0.6973162852110137,0.8511500927750607,1,0.025,0.699,"{""maxlags"": 24}",0.5284371673952848,1.9416804022965304,2.462889378587588,0,0.0,0.731,
245,H246,172800.0,without_retrain,0,,,,,,,,,,,,,,,,,,,,,,,,,,,,,,,,,,,,0.06877185717235,0.2603465974674624,0.3039913171246852,1.0,15.585,5.809,"{""order"": [48, 1, 0]}",,,,,,,,,,,,,,,0.1308009149070118,0.4750907810581194,0.6197646148725022,0,0.0,4.257,,0.0698499875058688,0.2813323837181545,0.3384119522218742,0,0.0,2.952,,,,,,,,,,,,,,,,,,,,,,,,,,,,,,,,,,,,,0.0702387678307389,0.2636885816732696,0.305117405878121,1.0,0.045,0.566,"{""error"": ""add"", ""trend"": ""add"", ""damped_trend"": true, ""seasonal"": ""add"", ""seasonal_periods"": 24}",,,,,,,,,,,,,,,14.580814158791467,93.00421220511788,75.88939974334107,0,0.0,0.032,,0.1489594107751988,0.4807784002400484,0.6262000881898726,1,0.022,0.447,"{""maxlags"": 24}",0.3802256869189339,1.6542310357575836,1.986507162039824,0,0.0,0.494,,0.1762651385405035,0.5531311477555297,0.7494018800246544,1,0.021,0.18,"{""maxlags"": 24}",2.0141257937732777,6.801099682187328,8.69122884171235,0,0.0,0.183,,0.2933017673108816,1.1460779355175192,1.498560257221144,1,0.352,0.538,"{""yearly_seasonality"": false, ""weekly_seasonality"": false, ""daily_seasonality"": true, ""seasonality_mode"": ""additive""}",0.3013066024960861,1.17976333258632,1.5438641385567422,0,0.0,0.613,,0.1501856626401451,0.5502207741157251,0.7090533234274984,1,0.021,0.7,"{""maxlags"": 24}",0.8098014320599617,2.858205194343558,3.6255677689868464,0,0.0,0.718,
246,H247,172800.0,without_retrain,0,,,,,,,,,,,,,,,,,,,,,,,,,,,,,,,,,,,,,,,,,,,0.0582752185241084,0.2518361559977601,0.0379684334743457,1.0,12.569,5.85,"{""order"": [46, 1, 0]}",,,,,,,,0.0825937752599768,0.3793029677273922,0.0555324563136119,0,0.0,4.266,,0.073582919705144,0.2903400278461116,0.0477267750912057,0,0.0,4.424,,,,,,,,,,,,,,,,,,,,,,,,,,,,,,,,,,,,,,,,,,,,0.1431746898536414,0.565097986142551,0.0917800612860927,1.0,0.036,0.557,"{""error"": ""add"", ""trend"": ""add"", ""damped_trend"": true, ""seasonal"": ""mul"", ""seasonal_periods"": 23}",,,,,,,,12.043707779590102,64.51717547740189,8.356774665559756,0,0.0,0.033,,0.116890959399437,0.4713154297253998,0.0757594249128661,1,0.021,0.421,"{""maxlags"": 23}",0.3770916717473146,1.502062733793719,0.2488145392906256,0,0.0,0.499,,0.1937497198472562,0.5695037922396221,0.1014801504081732,1,0.019,0.174,"{""maxlags"": 23}",0.4290192157792788,1.5984988827161892,0.2784813113726039,0,0.0,0.188,,6.1343327400439485,27.560108192457587,4.477789153726899,1,0.227,0.46,"{""yearly_seasonality"": false, ""weekly_seasonality"": false, ""daily_seasonality"": true, ""seasonality_mode"": ""multiplicative""}",6.127372289992151,27.472171383641623,4.462101786569091,0,0.0,0.54,,0.1153049409288763,0.4118111109135762,0.06796989133705,1,0.02,0.69,"{""maxlags"": 23}",0.5871178728981884,2.332892294302645,0.3810470878677872,0,0.0,0.747,
247,H248,172800.0,without_retrain,0,,,,,,,,,,,,,,,,,,,,,,,,,,,,,,,,,,,,,,,,,,,,,,,,,,0.0918615480349967,0.4014220878814352,0.1064513990767098,1.0,21.017,5.611,"{""order"": [46, 1, 0]}",0.0548774935786541,0.2307600172945508,0.0588776096064733,0,0.0,4.241,,0.0640598170833987,0.2761196440240789,0.073213282540847,0,0.0,2.754,,,,,,,,,,,,,,,,,,,,,,,,,,,,,,,,,,,,,,,,,,,,,,,,,,,0.1579993262684068,0.7189958229502782,0.1889686201323292,1.0,0.034,0.42,"{""error"": ""add"", ""trend"": ""add"", ""damped_trend"": true, ""seasonal"": ""add"", ""seasonal_periods"": 23}",22.500944817539835,153.98332904871276,28.080939606997344,0,0.0,0.031,,0.1118695627518803,0.3935235281594506,0.1107316628297001,1,0.019,0.446,"{""maxlags"": 23}",0.272660485323341,1.2419752923590983,0.324361429355696,0,0.0,0.51,,0.1456778436619056,0.4436937950905836,0.1289914030219181,1,0.017,0.187,"{""maxlags"": 23}",0.3904856182801063,1.6090552189305865,0.4294207349115804,0,0.0,0.165,,3.1298039079548783,14.5171072457345,3.901158007760425,1,0.459,0.833,"{""yearly_seasonality"": false, ""weekly_seasonality"": false, ""daily_seasonality"": true, ""seasonality_mode"": ""additive""}",3.1362651434550077,14.547666768835851,3.909492153932318,0,0.0,1.176,,0.1170195908191735,0.4049750212559209,0.1127790871193884,1,0.014,0.651,"{""maxlags"": 23}",0.3217583898737943,1.4949203597969791,0.3869785138140682,0,0.0,0.712,
248,H249,172800.0,without_retrain,0,0.0730779685369718,0.2595566309356082,0.0465663986786501,1.0,19.9,5.881,"{""order"": [46, 1, 0]}",,,,,,,,,,,,,,,,,,,,,,,,,,,,,,,,,,,,,,,,,,,,,,,,,,0.0796883288382387,0.2779951909368385,0.0506235292544118,0,0.0,4.458,,0.0751724775113242,0.2684489489909076,0.0471330298138432,0,0.0,3.599,,0.2711826280778762,1.2467870732259891,0.1998492689882624,1.0,0.039,0.574,"{""error"": ""add"", ""trend"": ""add"", ""damped_trend"": true, ""seasonal"": ""mul"", ""seasonal_periods"": 23}",,,,,,,,,,,,,,,,,,,,,,,,,,,,,,,,,,,,,,,,,,,,,,,,,,25.817465102790404,69.54042070348817,18.764582536470023,0,0.0,0.036,,0.1626582182248915,0.5591503041249725,0.1011947918573183,1,0.023,0.427,"{""maxlags"": 23}",0.4495916226787581,1.809211944821078,0.3114337999991942,0,0.0,0.446,,0.1965804286366177,0.4356206540309297,0.0867945015215434,1,0.018,0.185,"{""maxlags"": 23}",0.4301071145944427,1.6309940870346304,0.2788653653132807,0,0.0,0.169,,5.951361802115043,25.325570067446467,4.331589216187784,1,0.445,0.453,"{""yearly_seasonality"": false, ""weekly_seasonality"": false, ""daily_seasonality"": true, ""seasonality_mode"": ""multiplicative""}",5.93714226126772,25.224495062895205,4.313789634761294,0,0.0,0.737,,0.1469959865078017,0.4313577608714095,0.0790472107271104,1,0.021,0.656,"{""maxlags"": 23}",0.6334564090349132,2.2610799061396603,0.3884065307358534,0,0.0,0.677,
249,H250,172800.0,without_retrain,0,,,,,,,,0.0668390371689374,0.2893246635416285,0.3941369827046838,1.0,22.482,9.642,"{""order"": [48, 1, 0]}",,,,,,,,,,,,,,,,,,,,,,,,,,,,,,,,,,,,,,,,,,,0.1129532642562703,0.5054374279661875,0.6792524352933524,0,0.0,4.515,,0.1002367816858077,0.4140566285671123,0.5590009140075193,0,0.0,2.577,,,,,,,,,0.0952708811305965,0.3685316289129972,0.504962137550237,1.0,0.036,0.549,"{""error"": ""add"", ""trend"": ""add"", ""damped_trend"": true, ""seasonal"": ""mul"", ""seasonal_periods"": 24}",,,,,,,,,,,,,,,,,,,,,,,,,,,,,,,,,,,,,,,,,,,11.034252738957878,66.80442330620569,67.88308000520456,0,0.0,0.034,,0.1058626544900945,0.4130975165529875,0.5756235248428163,1,0.02,0.445,"{""maxlags"": 24}",0.2445862200911663,1.1068686849287108,1.516788852984418,0,0.0,0.451,,0.1104555457337456,0.439350711779625,0.6114174579983059,1,0.023,0.173,"{""maxlags"": 24}",0.178212733339879,0.7375636902006891,1.0373174083266348,0,0.0,0.163,,0.3126167246227072,1.3130585882174473,1.832778566834569,1,0.502,0.809,"{""yearly_seasonality"": false, ""weekly_seasonality"": false, ""daily_seasonality"": true, ""seasonality_mode"": ""multiplicative""}",0.2224165011548061,0.961716530158966,1.2050277877272464,0,0.0,0.689,,0.1190634378171733,0.483766267542657,0.6646400843964421,1,0.019,0.681,"{""maxlags"": 24}",0.2601639975477528,1.0207746124740384,1.4051930355104296,0,0.0,0.658,
250,H251,172800.0,without_retrain,0,,,,,,,,,,,,,,,0.0447703208779603,0.1373636459740366,0.1623070497222671,1.0,22.955,7.803,"{""order"": [48, 1, 0]}",,,,,,,,,,,,,,,,,,,,,,,,,,,,,,,,,,,,0.1416933868153666,0.5687232010729212,0.6621452140226161,0,0.0,4.167,,0.1060563936290681,0.4491644399691986,0.5266603663860265,0,0.0,2.68,,,,,,,,,,,,,,,,0.1159029924438748,0.4544847886684924,0.5362339517931911,1.0,0.034,0.328,"{""error"": ""add"", ""trend"": ""add"", ""damped_trend"": true, ""seasonal"": ""add"", ""seasonal_periods"": 24}",,,,,,,,,,,,,,,,,,,,,,,,,,,,,,,,,,,,11.801039059816834,68.3053751909476,58.11608513289923,0,0.0,0.032,,0.1394121446020193,0.527002365136568,0.6144535017137294,1,0.02,0.466,"{""maxlags"": 24}",0.3369167675775715,1.4633708680882638,1.6857992872001013,0,0.0,0.421,,0.1857340834302397,0.6030911507451902,0.750218427527788,1,0.019,0.197,"{""maxlags"": 24}",3.4023978355088498,11.053470967740486,13.2096365315567,0,0.0,0.162,,0.1153840839732693,0.4432582050715289,0.5050092276092363,1,0.228,0.825,"{""yearly_seasonality"": false, ""weekly_seasonality"": false, ""daily_seasonality"": true, ""seasonality_mode"": ""additive""}",0.092485788739955,0.3456527691265172,0.3899609938120373,0,0.0,0.737,,0.1187073317489702,0.4250750462810055,0.5018905295642104,1,0.017,0.662,"{""maxlags"": 24}",0.7665579821672461,2.76383084271761,3.2508743701035443,0,0.0,0.666,
251,H252,172800.0,without_retrain,0,,,,,,,,,,,,,,,,,,,,,,0.0631786593874503,0.2522969154222832,0.2851617160620296,1.0,16.543,5.55,"{""order"": [48, 1, 0]}",,,,,,,,,,,,,,,,,,,,,,,,,,,,,0.1225312088713452,0.4644212555190345,0.5344946707480033,0,0.0,4.173,,0.0795773460956785,0.2978286335594194,0.3364872032729415,0,0.0,2.861,,,,,,,,,,,,,,,,,,,,,,,0.1117394342593905,0.445036138628177,0.4924893407466291,1.0,0.048,0.663,"{""error"": ""add"", ""trend"": ""add"", ""damped_trend"": true, ""seasonal"": ""mul"", ""seasonal_periods"": 24}",,,,,,,,,,,,,,,,,,,,,,,,,,,,,13.721528183591252,80.7678172780413,64.97079779194883,0,0.0,0.032,,0.1659510769709893,0.6020792020087988,0.6951670302872063,1,0.028,0.429,"{""maxlags"": 24}",0.5149061520387362,1.856569817319476,2.163414142935279,0,0.0,0.438,,0.2356388441071388,0.7189178508517321,0.8917061296655685,1,0.026,0.192,"{""maxlags"": 24}",3.580570435108885,10.987546930446795,12.945196745681386,0,0.0,0.175,,0.5391376499189205,2.154599728996747,2.50523185704442,1,0.296,0.603,"{""yearly_seasonality"": false, ""weekly_seasonality"": false, ""daily_seasonality"": true, ""seasonality_mode"": ""multiplicative""}",0.3520888876547361,1.4288485882923927,1.5037116309590983,0,0.0,0.575,,0.1601025199522183,0.5786763393944665,0.6776825335326967,1,0.021,0.661,"{""maxlags"": 24}",0.95796334968167,3.4341052093103914,3.992863998498104,0,0.0,0.671,
252,H253,172800.0,without_retrain,0,,,,,,,,,,,,,,,,,,,,,,,,,,,,,0.0647777361258698,0.2358335467160411,0.3529620957092617,1.0,14.32,5.926,"{""order"": [48, 1, 0]}",,,,,,,,,,,,,,,,,,,,,,0.0812057168904883,0.2828199406131323,0.4113868987189078,0,0.0,4.33,,0.056519189986377,0.2150888231781201,0.3051062263225059,0,0.0,3.263,,,,,,,,,,,,,,,,,,,,,,,,,,,,,,0.1858145793966292,0.8076946357635865,1.1579802593643918,1.0,0.04,1.055,"{""error"": ""add"", ""trend"": ""add"", ""damped_trend"": true, ""seasonal"": ""add"", ""seasonal_periods"": 24}",,,,,,,,,,,,,,,,,,,,,,12.567248234180983,63.32509242903324,73.45382090998739,0,0.0,0.049,,0.1525277170169373,0.5001786367883879,0.7647251181731972,1,0.025,0.454,"{""maxlags"": 24}",0.3290567213894301,1.443297517344181,2.0436505631416746,0,0.0,0.427,,0.1414028809151612,0.4688007383411037,0.7170881665249299,1,0.027,0.191,"{""maxlags"": 24}",0.2497841814184978,1.0116675680506286,1.4794416830337085,0,0.0,0.18,,0.3507335652136876,1.324107344323295,1.9285261053359204,1,0.22,0.836,"{""yearly_seasonality"": false, ""weekly_seasonality"": false, ""daily_seasonality"": true, ""seasonality_mode"": ""additive""}",0.3508305066194986,1.34638941299632,1.930187352116044,0,0.0,0.738,,0.1460357347521489,0.5429092507249319,0.8041537226010679,1,0.028,0.689,"{""maxlags"": 24}",0.4499532127373845,1.7959962697150058,2.554604927637417,0,0.0,0.648,
253,H254,172800.0,without_retrain,0,,,,,,,,,,,,,,,,,,,,,,,,,,,,,,,,,,,,0.0710084127272869,0.1868671424319534,0.1873618763158154,1.0,21.348,6.551,"{""order"": [46, 1, 0]}",,,,,,,,,,,,,,,,,,0,0.0,4.611,,0.0612625194495456,0.1288549620970686,0.1321394698719961,0,0.0,2.233,,,,,,,,,,,,,,,,,,,,,,,,,,,,,,,,,,,,,0.0612209228674838,0.1286252462777243,0.1319087901268052,1.0,0.044,0.227,"{""error"": ""add"", ""trend"": null, ""damped_trend"": false, ""seasonal"": ""mul"", ""seasonal_periods"": 23}",,,,,,,,,,,,,,,2.209599284996418,6.065695413650919,6.122069172614739,0,0.0,0.043,,0.0658738513981317,0.1471011183747959,0.1503163380372988,1,0.022,0.386,"{""maxlags"": 23}",0.1138955224490421,0.2779473501862764,0.283472203689153,0,0.0,0.386,,0.093871595285975,0.230052613310148,0.2333987935054091,1,0.022,0.184,"{""maxlags"": 23}",0.43469521405829,0.803129507642485,0.797826890471073,0,0.0,0.177,,1.5757763176347426,5.16256279495975,5.147822939464155,1,0.474,0.711,"{""yearly_seasonality"": false, ""weekly_seasonality"": false, ""daily_seasonality"": true, ""seasonality_mode"": ""multiplicative""}",1.5788855879636008,5.172565039205264,5.157718684924639,0,0.0,0.863,,0.1032603673358504,0.2082070670943228,0.2125752313228802,1,0.024,0.446,"{""maxlags"": 23}",0.0756921605394356,0.1880511562035833,0.1903885394490114,0,0.0,0.437,
254,H255,172800.0,without_retrain,0,,,,,,,,,,,,,,,,,,,,,,,,,,,,,,,,,,,,,,,,,,,0.0646395642493852,0.251772509703865,0.0561425759669078,1.0,12.984,8.34,"{""order"": [46, 1, 0]}",,,,,,,,0.1564691777296251,0.6131581568907268,0.1386132107047322,0,0.0,4.194,,0.3545714052556976,1.3874303937579218,0.3181295630898558,0,0.0,3.581,,,,,,,,,,,,,,,,,,,,,,,,,,,,,,,,,,,,,,,,,,,,0.4487840840450847,1.946212896350876,0.4268379733502783,1.0,0.033,0.599,"{""error"": ""add"", ""trend"": ""add"", ""damped_trend"": true, ""seasonal"": ""mul"", ""seasonal_periods"": 23}",,,,,,,,4.207889424567272,17.51682377982863,3.928112300602392,0,0.0,0.11,,0.2636413251047196,1.0414759262771442,0.2360643126335559,1,0.018,0.455,"{""maxlags"": 23}",0.4109981980320281,1.5328889767365983,0.3540673702907246,0,0.0,0.468,,0.3671416493749824,1.213069254579602,0.2859301525526512,1,0.019,0.21,"{""maxlags"": 23}",0.8035202209376352,2.9083086966310234,0.6456975064717879,0,0.0,0.158,,4.359611075513165,18.13851483160271,4.064755737100421,1,0.344,0.519,"{""yearly_seasonality"": false, ""weekly_seasonality"": false, ""daily_seasonality"": true, ""seasonality_mode"": ""multiplicative""}",4.375808072533096,18.16527049244411,4.07009256920725,0,0.0,0.532,,0.2879853073491891,1.1336097596361088,0.2576989939766895,1,0.021,0.656,"{""maxlags"": 23}",0.5561177981075937,2.143027462930553,0.499460058286085,0,0.0,0.67,
255,H256,172800.0,without_retrain,0,,,,,,,,,,,,,,,,,,,,,,,,,,,,,,,,,,,,,,,,,,,,,,,,,,0.1655226106521111,0.8457188688774834,1.5635970382169873,1.0,28.977,5.197,"{""order"": [48, 1, 0]}",0.1869346538096355,0.9857391164028346,1.8000726575642585,0,0.0,4.562,,0.2761290299861473,1.493272621649243,2.715782206735797,0,0.0,3.123,,,,,,,,,,,,,,,,,,,,,,,,,,,,,,,,,,,,,,,,,,,,,,,,,,,0.1501184899420382,0.77706806982857,1.4316314691903935,1.0,0.036,1.029,"{""error"": ""add"", ""trend"": ""add"", ""damped_trend"": true, ""seasonal"": ""add"", ""seasonal_periods"": 24}",5.956034655275681,36.90935839625853,57.49698424489234,0,0.0,0.037,,0.1422556359934715,0.7079630436388077,1.300351305221276,1,0.018,0.435,"{""maxlags"": 24}",0.1873199735645002,0.9599107353752016,1.7778364515203278,0,0.0,0.445,,0.1202249611382919,0.6321594356281651,1.1317801793246136,1,0.021,0.192,"{""maxlags"": 24}",0.1948933295070306,0.9974826689435649,1.7682828895483833,0,0.0,0.146,,0.1956225757415192,1.1077523412181485,1.8918601384236144,1,0.386,0.872,"{""yearly_seasonality"": false, ""weekly_seasonality"": false, ""daily_seasonality"": true, ""seasonality_mode"": ""additive""}",0.2057944120460555,1.1437693749019826,1.968292796746206,0,0.0,0.733,,0.1420399100289791,0.7448797041778431,1.3383142904403804,1,0.019,0.636,"{""maxlags"": 24}",0.1727941550295383,0.9300259003862535,1.676446541973102,0,0.0,0.601,
256,H257,172800.0,without_retrain,0,0.060836589179907,0.2434097301988552,0.3207173066201754,1.0,15.577,4.833,"{""order"": [48, 1, 0]}",,,,,,,,,,,,,,,,,,,,,,,,,,,,,,,,,,,,,,,,,,,,,,,,,,0.0635265894505553,0.257803390374167,0.3390467065246587,0,0.0,4.427,,0.0699679184977728,0.2703927025197158,0.349173835744011,0,0.0,2.846,,0.1371429461109949,0.5561032976931072,0.7707287179902211,1.0,0.039,0.483,"{""error"": ""add"", ""trend"": ""add"", ""damped_trend"": true, ""seasonal"": ""add"", ""seasonal_periods"": 24}",,,,,,,,,,,,,,,,,,,,,,,,,,,,,,,,,,,,,,,,,,,,,,,,,,16.280681055810994,113.2294604941465,93.0099840042656,0,0.0,0.034,,0.1561153765822182,0.4750657142544571,0.6932847898636202,1,0.023,0.422,"{""maxlags"": 24}",0.5292803183590344,2.1743804221674927,2.90322378588109,0,0.0,0.486,,0.2140014114669631,0.5829894765086251,0.860219459559838,1,0.024,0.196,"{""maxlags"": 24}",0.7685702528747209,2.925921553535004,3.971898318365026,0,0.0,0.163,,0.2480186536991302,0.9663853864801308,1.2658701352224202,1,0.219,0.641,"{""yearly_seasonality"": false, ""weekly_seasonality"": false, ""daily_seasonality"": true, ""seasonality_mode"": ""additive""}",0.2458649336302581,0.962370473079662,1.2585590340342028,0,0.0,0.882,,0.1518772553590311,0.4796779011611993,0.6861222347591612,1,0.021,0.677,"{""maxlags"": 24}",1.149805825886299,4.309390595448066,5.816121909118567,0,0.0,0.658,
257,H258,172800.0,without_retrain,0,,,,,,,,0.0756352800280166,0.2765526650355663,0.3708560668585606,1.0,19.901,6.875,"{""order"": [48, 1, 0]}",,,,,,,,,,,,,,,,,,,,,,,,,,,,,,,,,,,,,,,,,,,0.0971010545298469,0.3444986429934902,0.4725824345043148,0,0.0,4.43,,0.074086511111306,0.2721485907895168,0.370542482261359,0,0.0,3.908,,,,,,,,,0.068032283702473,0.2824156261950662,0.3589225718234621,1.0,0.04,1.09,"{""error"": ""add"", ""trend"": ""add"", ""damped_trend"": true, ""seasonal"": ""add"", ""seasonal_periods"": 24}",,,,,,,,,,,,,,,,,,,,,,,,,,,,,,,,,,,,,,,,,,,12.37662829287843,72.61020403900139,68.95528429157957,0,0.0,0.045,,0.1156363978742739,0.3895428450696109,0.536327751845993,1,0.024,0.457,"{""maxlags"": 24}",0.3813023095774371,1.6656314061118922,2.145045438873997,0,0.0,0.456,,0.1728901138254765,0.503605222867383,0.7265063761875309,1,0.024,0.186,"{""maxlags"": 24}",1.4621665467470188,5.079521637478729,6.725769504127089,0,0.0,0.185,,0.1880754606870802,0.7291668723237076,0.9280056750923096,1,0.468,0.553,"{""yearly_seasonality"": false, ""weekly_seasonality"": false, ""daily_seasonality"": true, ""seasonality_mode"": ""additive""}",0.1944121603621358,0.7399124327042955,0.9349708832926318,0,0.0,0.603,,0.1312913262169645,0.4507071004111134,0.6160684628836005,1,0.023,0.708,"{""maxlags"": 24}",0.9631188218137116,3.5350180782551086,4.819905490124273,0,0.0,0.677,
258,H259,172800.0,without_retrain,0,,,,,,,,,,,,,,,0.0480117444997869,0.1828557667367407,0.2231053500541204,1.0,21.06,6.303,"{""order"": [48, 1, 0]}",,,,,,,,,,,,,,,,,,,,,,,,,,,,,,,,,,,,0.1013292226741949,0.3678563698652763,0.4738862041703467,0,0.0,4.428,,0.1101276276120868,0.4171201514581233,0.5141040108257648,0,0.0,2.692,,,,,,,,,,,,,,,,0.1101276276120868,0.4171201514581233,0.5141040108257648,1.0,0.037,0.733,"{""error"": ""add"", ""trend"": ""add"", ""damped_trend"": true, ""seasonal"": ""add"", ""seasonal_periods"": 24}",,,,,,,,,,,,,,,,,,,,,,,,,,,,,,,,,,,,8.87045341649393,43.1762299948691,45.13578880069529,0,0.0,0.03,,0.1655125389501596,0.6544994564873301,0.8127442450916945,1,0.021,0.436,"{""maxlags"": 24}",0.3996168881261633,1.508620203158084,1.87847316174717,0,0.0,0.472,,0.2092973687856692,0.7608118157741174,0.9746272607739312,1,0.021,0.206,"{""maxlags"": 24}",1.492893993059927,4.612503533586343,5.862975862046402,0,0.0,0.191,,0.2887333475113076,1.0861932082215169,1.406481461185858,1,0.244,0.607,"{""yearly_seasonality"": false, ""weekly_seasonality"": false, ""daily_seasonality"": true, ""seasonality_mode"": ""additive""}",0.3044742877822018,1.1420247722183343,1.4830646962205627,0,0.0,0.827,,0.1813018953604254,0.7278754241541412,0.9053373157376884,1,0.019,0.701,"{""maxlags"": 24}",3.627559648488857,10.719660513927858,13.83405079655527,0,0.0,0.675,
259,H260,172800.0,without_retrain,0,,,,,,,,,,,,,,,,,,,,,,0.1361399248001985,0.4711372287131614,0.6097021166977258,1.0,14.364,4.637,"{""order"": [48, 1, 0]}",,,,,,,,,,,,,,,,,,,,,,,,,,,,,0.2479515248542181,0.9198807138304516,1.168290169174666,0,0.0,4.58,,0.1801423643302722,0.6693318018513185,0.8478743267040975,0,0.0,3.369,,,,,,,,,,,,,,,,,,,,,,,0.081280828107833,0.2873176021368171,0.3665860651960562,1.0,0.04,0.742,"{""error"": ""add"", ""trend"": ""add"", ""damped_trend"": true, ""seasonal"": ""add"", ""seasonal_periods"": 24}",,,,,,,,,,,,,,,,,,,,,,,,,,,,,13.21982822876704,74.54534984251788,66.50571567153845,0,0.0,0.031,,0.1992736093343582,0.6962120688815131,0.8634149070291076,1,0.019,0.451,"{""maxlags"": 24}",0.3256622342907055,1.28659273947738,1.574301434490583,0,0.0,0.456,,0.2063253615346689,0.6429574170517768,0.8339536684775132,1,0.018,0.178,"{""maxlags"": 24}",0.3187920832201362,1.1686336274989078,1.461186377771029,0,0.0,0.158,,0.267458369268012,1.005451998025182,1.247735466669985,1,0.192,0.86,"{""yearly_seasonality"": false, ""weekly_seasonality"": false, ""daily_seasonality"": true, ""seasonality_mode"": ""additive""}",0.3465580721398337,1.3642111457280264,1.700381347702147,0,0.0,0.759,,0.2252879402929187,0.778231981828358,0.9732778573346909,1,0.023,0.673,"{""maxlags"": 24}",0.5073428640229593,1.85689592331145,2.300200010593769,0,0.0,0.652,
260,H261,172800.0,without_retrain,0,,,,,,,,,,,,,,,,,,,,,,,,,,,,,0.2788994755157959,1.166186557321078,0.6818947710708237,1.0,13.786,4.431,"{""order"": [48, 1, 0]}",,,,,,,,,,,,,,,,,,,,,,1.50235155311764,6.08696595982737,3.7942578048186575,0,0.0,4.659,,2.906818453639923,12.35742930879242,7.901214760846563,0,0.0,4.143,,,,,,,,,,,,,,,,,,,,,,,,,,,,,,4.873106357659722,17.49534209537092,12.624911790448364,1.0,0.04,0.368,"{""error"": ""add"", ""trend"": ""add"", ""damped_trend"": true, ""seasonal"": ""mul"", ""seasonal_periods"": 24}",,,,,,,,,,,,,,,,,,,,,,11.74433615861345,60.9677815423623,32.63496532814538,0,0.0,0.036,,0.1403130676804933,0.4977713622141596,0.30747833527363,1,0.023,0.415,"{""maxlags"": 24}",0.1094932978994255,0.4320061670797984,0.2870741178052584,0,0.0,0.416,,0.5602550610786003,1.920121195883891,1.1572614589687351,1,0.025,0.174,"{""maxlags"": 24}",0.6647097196878896,2.091781819738719,1.241337101756853,0,0.0,0.179,,7.874393823455831,33.0031247765962,21.65453747298983,1,0.297,0.623,"{""yearly_seasonality"": false, ""weekly_seasonality"": false, ""daily_seasonality"": true, ""seasonality_mode"": ""multiplicative""}",7.714802703784487,31.965459117880144,21.280479194578103,0,0.0,0.457,,0.7132964496589695,1.9739127761789828,1.184212392236011,1,0.025,0.679,"{""maxlags"": 24}",1.5980560422358578,5.348362057734364,3.213210906982171,0,0.0,0.67,
261,H262,172800.0,without_retrain,0,,,,,,,,,,,,,,,,,,,,,,,,,,,,,,,,,,,,0.0680215112598159,0.3949285259166057,1.3755400886371376,1.0,18.69,3.857,"{""order"": [48, 1, 0]}",,,,,,,,,,,,,,,0.0729123622875552,0.4202503779340161,1.4756814244298473,0,0.0,4.515,,0.0830120311361002,0.4858627623336805,1.6232261553853664,0,0.0,2.204,,,,,,,,,,,,,,,,,,,,,,,,,,,,,,,,,,,,,0.0830120311361002,0.4858627623336805,1.6232261553853664,1.0,0.043,0.433,"{""error"": ""add"", ""trend"": ""add"", ""damped_trend"": true, ""seasonal"": ""add"", ""seasonal_periods"": 24}",,,,,,,,,,,,,,,2.5834618274121777,15.450879858384534,52.4805212572846,0,0.0,0.048,,0.0767393791964275,0.4313433096130086,1.494366262940261,1,0.023,0.42,"{""maxlags"": 24}",0.1679622894990188,1.0150741184276846,3.346826893085924,0,0.0,0.394,,0.0637064179295556,0.379657620871176,1.286648083597427,1,0.023,0.208,"{""maxlags"": 24}",0.4264086983384442,1.7566108422188145,5.882407846403045,0,0.0,0.179,,0.2652406698711036,1.6001888985052015,5.540348370148482,1,0.41,0.739,"{""yearly_seasonality"": false, ""weekly_seasonality"": false, ""daily_seasonality"": true, ""seasonality_mode"": ""additive""}",0.2660249767472567,1.6434041676794628,5.614045871475327,0,0.0,0.577,,0.0841669918485975,0.4609002368806565,1.5714854453191385,1,0.021,0.505,"{""maxlags"": 24}",0.2694307359024189,1.4784214901314474,4.908235959788666,0,0.0,0.525,
262,H263,172800.0,without_retrain,0,,,,,,,,,,,,,,,,,,,,,,,,,,,,,,,,,,,,,,,,,,,0.0850107564657955,0.2890058786149163,0.3729015105728524,1.0,27.544,7.31,"{""order"": [48, 1, 0]}",,,,,,,,0.1999210823769357,0.6799854979352448,0.9932958029466258,0,0.0,4.321,,0.083831301934849,0.2886777108017848,0.352273704200968,0,0.0,2.919,,,,,,,,,,,,,,,,,,,,,,,,,,,,,,,,,,,,,,,,,,,,0.276820670913564,0.9643593906076356,1.4457404729030212,1.0,0.037,0.606,"{""error"": ""add"", ""trend"": ""add"", ""damped_trend"": true, ""seasonal"": ""mul"", ""seasonal_periods"": 24}",,,,,,,,10.42655703738479,47.33672057511093,54.78221716053852,0,0.0,0.032,,0.0824672675877484,0.2902258175064227,0.3922321016989765,1,0.021,0.456,"{""maxlags"": 24}",0.1842269234751097,0.7313749926457801,0.8711019607791471,0,0.0,0.442,,0.0793873520556868,0.2699226618401264,0.3566070245733335,1,0.022,0.274,"{""maxlags"": 24}",0.1071582110380301,0.3570447984924858,0.4840591739939741,0,0.0,0.179,,0.4617666250006643,1.90002485376578,2.3627932696071245,1,0.292,0.527,"{""yearly_seasonality"": false, ""weekly_seasonality"": false, ""daily_seasonality"": true, ""seasonality_mode"": ""multiplicative""}",0.2734134549004365,1.0388102524766392,1.302593671243592,0,0.0,0.74,,0.0990999848242447,0.3119046482692669,0.4114349379966365,1,0.025,0.684,"{""maxlags"": 24}",0.107494295784524,0.400699273248059,0.5246876847246241,0,0.0,0.673,
263,H264,172800.0,without_retrain,0,,,,,,,,,,,,,,,,,,,,,,,,,,,,,,,,,,,,,,,,,,,,,,,,,,0.0767040449179816,0.2979051820586711,0.9422976953319429,1.0,11.119,4.283,"{""order"": [48, 1, 0]}",0.0731873885201414,0.2764774897823956,0.8695419498560216,0,0.0,4.312,,0.0790477294795757,0.3262376771106953,1.000704758693434,0,0.0,3.23,,,,,,,,,,,,,,,,,,,,,,,,,,,,,,,,,,,,,,,,,,,,,,,,,,,0.0713291393100385,0.2486435952887854,0.7896817031783016,1.0,0.036,0.879,"{""error"": ""add"", ""trend"": ""add"", ""damped_trend"": true, ""seasonal"": ""add"", ""seasonal_periods"": 24}",8.828051933890428,48.03098565243685,121.44689719674344,0,0.0,0.032,,0.0706590017571302,0.2837123111930844,0.8837340377483002,1,0.019,0.441,"{""maxlags"": 24}",0.0805437220036977,0.3005798334375973,0.955837086562874,0,0.0,0.405,,0.0764819604275716,0.304924617017534,0.9410304272614828,1,0.022,0.203,"{""maxlags"": 24}",0.070533441906534,0.2782725833661936,0.8715722586850599,0,0.0,0.165,,0.1386277005241414,0.5593478809953248,1.7337654277468293,1,0.285,0.7,"{""yearly_seasonality"": false, ""weekly_seasonality"": false, ""daily_seasonality"": true, ""seasonality_mode"": ""additive""}",0.1709579380127346,0.7194326105917099,2.2503083109833573,0,0.0,0.924,,0.0795780758863413,0.3283125888222389,1.0058777169573316,1,0.021,0.633,"{""maxlags"": 24}",0.0697933787721271,0.2772031215818303,0.8630327159128243,0,0.0,0.581,
264,H265,172800.0,without_retrain,0,0.1137899056151112,0.5136930379258237,0.6980474652585918,1.0,15.181,4.567,"{""order"": [48, 1, 0]}",,,,,,,,,,,,,,,,,,,,,,,,,,,,,,,,,,,,,,,,,,,,,,,,,,0.1300561456282167,0.4548528261716793,0.7412188520901116,0,0.0,4.402,,1.2660959701675345,4.985549712497277,7.955740661412679,0,0.0,4.247,,0.0887091680351354,0.3739001059408136,0.5193901937101554,1.0,0.049,1.337,"{""error"": ""add"", ""trend"": ""add"", ""damped_trend"": true, ""seasonal"": ""mul"", ""seasonal_periods"": 24}",,,,,,,,,,,,,,,,,,,,,,,,,,,,,,,,,,,,,,,,,,,,,,,,,,14.24494895803497,82.21364304087722,92.5534865515141,0,0.0,0.03,,0.0636026034356373,0.2479121595536097,0.3759260159193804,1,0.025,0.463,"{""maxlags"": 24}",0.1381646651553473,0.5950847411422225,0.8275083160604435,0,0.0,0.421,,0.0817615860202059,0.3343525822969624,0.4935621160428409,1,0.028,0.192,"{""maxlags"": 24}",2.4241233196545178,7.789958409739627,11.68402511223372,0,0.0,0.162,,0.4332226113877109,1.935709795639929,2.8516965656258333,1,0.373,0.548,"{""yearly_seasonality"": false, ""weekly_seasonality"": false, ""daily_seasonality"": true, ""seasonality_mode"": ""multiplicative""}",0.5767445801009657,2.460619666097564,3.301528341361515,0,0.0,0.5,,0.0669397981278158,0.2858324123849995,0.4119033161494771,1,0.03,0.681,"{""maxlags"": 24}",0.7584262430475491,2.000713364314018,3.1954263377988794,0,0.0,0.678,
265,H266,172800.0,without_retrain,0,,,,,,,,0.0529378737966057,0.1862481211090304,0.7559476776524982,1.0,18.271,6.484,"{""order"": [48, 1, 0]}",,,,,,,,,,,,,,,,,,,,,,,,,,,,,,,,,,,,,,,,,,,0.0527265655790398,0.1756968359204439,0.7175065439404767,0,0.0,4.482,,0.0510053375796765,0.1467091151302494,0.6016045391337971,0,0.0,2.159,,,,,,,,,0.0480256679269204,0.1579787082077125,0.6457684336281245,1.0,0.046,0.359,"{""error"": ""add"", ""trend"": ""add"", ""damped_trend"": true, ""seasonal"": ""add"", ""seasonal_periods"": 24}",,,,,,,,,,,,,,,,,,,,,,,,,,,,,,,,,,,,,,,,,,,1.7989361093832572,6.2757981130200085,25.3340505337644,0,0.0,0.032,,0.0531339030534686,0.1741267278873531,0.7162358863153271,1,0.026,0.43,"{""maxlags"": 24}",0.0570300901313456,0.1768850490865264,0.7255538681443922,0,0.0,0.387,,0.0485190132524812,0.1524050075221623,0.6256022696154703,1,0.028,0.198,"{""maxlags"": 24}",0.1027402961847345,0.3095424634615501,1.2761363953388825,0,0.0,0.157,,0.1123332309532077,0.4518482260978597,1.809009051513328,1,0.333,0.547,"{""yearly_seasonality"": false, ""weekly_seasonality"": false, ""daily_seasonality"": true, ""seasonality_mode"": ""additive""}",0.1272671523828458,0.5243690564408144,2.10109480845197,0,0.0,0.623,,0.0537561372920317,0.1685204100070055,0.6921302236677196,1,0.021,0.562,"{""maxlags"": 24}",0.0583231181910182,0.1802716036506257,0.7378331776777897,0,0.0,0.573,
266,H267,172800.0,without_retrain,0,,,,,,,,,,,,,,,0.1043661037391333,0.4562207190107528,0.1029611448077254,1.0,11.694,4.555,"{""order"": [46, 1, 0]}",,,,,,,,,,,,,,,,,,,,,,,,,,,,,,,,,,,,0.1510675455087389,0.6836768990423293,0.153772950844949,0,0.0,4.21,,0.3051149712741574,1.6289874605173462,0.3509416812838295,0,0.0,2.265,,,,,,,,,,,,,,,,0.3051149712741574,1.6289874605173462,0.3509416812838295,1.0,0.047,0.404,"{""error"": ""add"", ""trend"": ""add"", ""damped_trend"": true, ""seasonal"": ""add"", ""seasonal_periods"": 23}",,,,,,,,,,,,,,,,,,,,,,,,,,,,,,,,,,,,3.8174265118647055,18.360648061893173,4.157437591056428,0,0.0,0.036,,0.2666680297764852,1.1742645254229904,0.275323458088108,1,0.03,0.414,"{""maxlags"": 23}",0.3293431722257193,1.4176149216804126,0.3361008248045021,0,0.0,0.412,,0.2324287833130374,0.9620674415335284,0.2295610333796229,1,0.028,0.214,"{""maxlags"": 23}",0.3080900983505865,1.314041447104748,0.3122218036271689,0,0.0,0.16,,3.857050028958013,18.699833557750704,4.206192621366786,1,0.528,0.613,"{""yearly_seasonality"": false, ""weekly_seasonality"": false, ""daily_seasonality"": true, ""seasonality_mode"": ""additive""}",3.890814477338397,18.85776027599866,4.240348772505026,0,0.0,0.557,,0.231339297745711,0.967537418931338,0.2302164521629656,1,0.026,0.641,"{""maxlags"": 23}",0.322846470911707,1.367750240152849,0.3263388279329404,0,0.0,0.639,
267,H268,172800.0,without_retrain,0,,,,,,,,,,,,,,,,,,,,,,0.0576246700782433,0.2245413785326599,0.0452592568964055,1.0,10.657,4.813,"{""order"": [46, 1, 0]}",,,,,,,,,,,,,,,,,,,,,,,,,,,,,0.0796008583659582,0.3094238155228424,0.0596975685056304,0,0.0,4.419,,0.1103773785683421,0.4046632523854576,0.0874116829370702,0,0.0,3.442,,,,,,,,,,,,,,,,,,,,,,,0.1985532099623504,0.8445773556672059,0.1637123518563501,1.0,0.032,0.525,"{""error"": ""add"", ""trend"": ""add"", ""damped_trend"": true, ""seasonal"": ""mul"", ""seasonal_periods"": 23}",,,,,,,,,,,,,,,,,,,,,,,,,,,,,5.88322174996561,21.359842114619735,4.552467490598006,0,0.0,0.031,,0.1265192205950809,0.397006762575135,0.0839514349888052,1,0.02,0.478,"{""maxlags"": 23}",0.4199821637430788,1.6488545133992647,0.3332178424291061,0,0.0,0.432,,0.2110262513357436,0.5671628202562619,0.1286390063253871,1,0.017,0.187,"{""maxlags"": 23}",0.9371035768518792,3.2448678278167566,0.6802294416719624,0,0.0,0.161,,5.232633328877992,20.597688536529905,4.3090996834076165,1,0.201,0.455,"{""yearly_seasonality"": false, ""weekly_seasonality"": false, ""daily_seasonality"": true, ""seasonality_mode"": ""multiplicative""}",5.252863339450198,20.63870242323679,4.31691923059883,0,0.0,0.519,,0.1340230286831804,0.3973920012364112,0.0866688654413254,1,0.016,0.672,"{""maxlags"": 23}",0.7270017436310259,2.672273729255861,0.5570131658418287,0,0.0,0.69,
268,H269,172800.0,without_retrain,0,,,,,,,,,,,,,,,,,,,,,,,,,,,,,0.0995935774575199,0.3853282772536207,3.687704614941327,1.0,21.49,4.765,"{""order"": [48, 1, 0]}",,,,,,,,,,,,,,,,,,,,,,0.1293796255274521,0.5173801812171481,4.957759732733229,0,0.0,4.769,,0.0736069256722342,0.2643291566357705,2.5944321682305884,0,0.0,2.822,,,,,,,,,,,,,,,,,,,,,,,,,,,,,,0.1038190599835584,0.398682392755896,3.8056372806475536,1.0,0.054,1.096,"{""error"": ""add"", ""trend"": ""add"", ""damped_trend"": true, ""seasonal"": ""add"", ""seasonal_periods"": 24}",,,,,,,,,,,,,,,,,,,,,,4.313858582167633,16.525157976483133,152.54689277242107,0,0.0,0.041,,0.1510578533072834,0.6262862697032071,5.974249581398371,1,0.028,0.409,"{""maxlags"": 24}",0.1280508118721845,0.4797653077735734,4.704087129267034,0,0.0,0.368,,0.1437373574839963,0.5834998769099823,5.540494144065446,1,0.025,0.205,"{""maxlags"": 24}",0.1712508886880505,0.5931377308925974,5.880008497136643,0,0.0,0.178,,0.2023383171503297,0.7302551080171847,7.11976941944413,1,0.664,0.518,"{""yearly_seasonality"": false, ""weekly_seasonality"": false, ""daily_seasonality"": true, ""seasonality_mode"": ""additive""}",0.2045055736148426,0.7385950444754981,7.203224653247905,0,0.0,0.51,,0.1533126653171746,0.6391391079180037,6.0823087599782495,1,0.022,0.502,"{""maxlags"": 24}",0.139758486260203,0.5550680249900505,5.390831685704718,0,0.0,0.48,
269,H270,172800.0,without_retrain,0,,,,,,,,,,,,,,,,,,,,,,,,,,,,,,,,,,,,0.1065020672167562,0.415678802597959,0.5195956568529154,1.0,13.971,6.469,"{""order"": [48, 1, 0]}",,,,,,,,,,,,,,,0.0722260278252203,0.2597179199513401,0.3257129498731642,0,0.0,4.281,,0.1001096196659381,0.3853057822533803,0.4753412854646971,0,0.0,2.441,,,,,,,,,,,,,,,,,,,,,,,,,,,,,,,,,,,,,0.3059235646568253,1.2781709017724696,1.6113107128087218,1.0,0.049,0.507,"{""error"": ""add"", ""trend"": ""add"", ""damped_trend"": true, ""seasonal"": ""add"", ""seasonal_periods"": 24}",,,,,,,,,,,,,,,9.510618062826252,47.250658428472754,48.37338178278748,0,0.0,0.035,,0.1511290039388265,0.4714204404104166,0.6192953905764192,1,0.026,0.432,"{""maxlags"": 24}",0.4668493459653622,1.876370923888396,2.338260811332145,0,0.0,0.423,,0.2804475439819477,0.7721492669728108,1.0642006926275984,1,0.026,0.173,"{""maxlags"": 24}",3.286859313386163,10.612490193169284,13.454588557912295,0,0.0,0.164,,0.1808487585915155,0.6721583947458735,0.8527382104489977,1,0.21,0.775,"{""yearly_seasonality"": false, ""weekly_seasonality"": false, ""daily_seasonality"": true, ""seasonality_mode"": ""additive""}",0.1635496549688443,0.6380455283446687,0.8006795813579716,0,0.0,0.629,,0.1652700983003149,0.5201797741240588,0.6941564374071912,1,0.024,0.679,"{""maxlags"": 24}",3.4798828796112007,11.314885233519036,14.4533688873694,0,0.0,0.661,
270,H271,172800.0,without_retrain,0,,,,,,,,,,,,,,,,,,,,,,,,,,,,,,,,,,,,,,,,,,,0.462804649382904,1.3161841249698871,0.1538598476980671,1.0,20.798,3.104,"{""order"": [42, 1, 0]}",,,,,,,,1.3257035359229967,4.511709801732212,0.514781974035824,0,0.0,5.012,,2.1501633357086267,8.046953268954036,0.9495681611238016,0,0.0,1.55,,,,,,,,,,,,,,,,,,,,,,,,,,,,,,,,,,,,,,,,,,,,2.1501633357086267,8.046953268954036,0.9495681611238016,1.0,0.04,0.21,"{""error"": ""add"", ""trend"": null, ""damped_trend"": false, ""seasonal"": ""add"", ""seasonal_periods"": 21}",,,,,,,,5.922439100251491,21.007096837982832,2.68044374105242,0,0.0,0.038,,1.214514285222925,3.008301513809236,0.3484053840017859,1,0.026,0.356,"{""maxlags"": 21}",0.791225046039726,1.9613081576507565,0.2279662182696674,0,0.0,0.36,,1.31038705500326,3.685785670510031,0.4250973144605477,1,0.027,0.221,"{""maxlags"": 21}",1.31038705500326,3.685785670510031,0.4250973144605477,0,0.0,0.193,,2.8013941249141503,10.968286805237804,1.2787752146979985,1,0.885,0.679,"{""yearly_seasonality"": false, ""weekly_seasonality"": false, ""daily_seasonality"": true, ""seasonality_mode"": ""additive""}",2.8022736490288542,10.97379029693299,1.2793893650797303,0,0.0,0.675,,0.6932606981847738,1.774645279500724,0.2056029431054108,1,0.025,0.489,"{""maxlags"": 21}",0.1183775294325608,0.4550018309053374,0.0520421135163829,0,0.0,0.522,
271,H272,172800.0,without_retrain,0,,,,,,,,,,,,,,,,,,,,,,,,,,,,,,,,,,,,,,,,,,,,,,,,,,1.3690497623521265,4.780562757409782,0.2329897580369077,1.0,8.833,2.62,"{""order"": [36, 1, 0]}",1.316040827573386,5.196600406373658,0.2651023837709796,0,0.0,5.302,,11.01557069022514,60.09564311663269,2.2109445852606924,0,0.0,2.039,,,,,,,,,,,,,,,,,,,,,,,,,,,,,,,,,,,,,,,,,,,,,,,,,,,2.303702845690085,8.968644011315453,0.4567218790058671,1.0,0.052,0.327,"{""error"": ""add"", ""trend"": ""add"", ""damped_trend"": true, ""seasonal"": ""add"", ""seasonal_periods"": 18}",36.43722824980642,166.04174629986352,7.709956196101583,0,0.0,0.053,,0.130029803287007,0.4513287363554177,0.0232875310328784,1,0.037,0.429,"{""maxlags"": 20}",0.1357820648454238,0.4935924184906113,0.0251101949790892,0,0.0,0.41,,0.1422191666514458,0.5455401822180294,0.0271508016730803,1,0.036,0.193,"{""maxlags"": 20}",0.1200252258101476,0.4503226819938335,0.0225063508390986,0,0.0,0.161,,3.28944653371898,12.612804947964662,0.6563682080456917,1,1.093,0.462,"{""yearly_seasonality"": false, ""weekly_seasonality"": false, ""daily_seasonality"": true, ""seasonality_mode"": ""additive""}",3.281923676402309,12.618276945600195,0.6566406167634288,0,0.0,0.689,,0.1016757146694808,0.3477034091325032,0.0180326831538364,1,0.033,0.66,"{""maxlags"": 20}",0.1017987642680707,0.3713378120372037,0.0188217550406004,0,0.0,0.679,
272,H273,172800.0,without_retrain,0,0.1839467923400035,0.6816987069135191,0.8947280455802366,1.0,13.0,4.93,"{""order"": [48, 1, 0]}",,,,,,,,,,,,,,,,,,,,,,,,,,,,,,,,,,,,,,,,,,,,,,,,,,0.1228616632480698,0.4713337706987661,0.5782761083242294,0,0.0,4.347,,0.156810006416632,0.5710405847200083,0.7488514147455733,0,0.0,3.711,,0.3234023075333694,1.2303284752145818,1.6012945546886954,1.0,0.037,1.038,"{""error"": ""add"", ""trend"": ""add"", ""damped_trend"": true, ""seasonal"": ""add"", ""seasonal_periods"": 24}",,,,,,,,,,,,,,,,,,,,,,,,,,,,,,,,,,,,,,,,,,,,,,,,,,13.989133512913789,83.71106060653143,72.4251436148558,0,0.0,0.038,,0.2176184820809192,0.721675406491204,0.950964928337152,1,0.025,0.453,"{""maxlags"": 24}",0.5661490158330994,2.170185098761956,2.765562122234908,0,0.0,0.466,,0.2817553977999463,0.9282639470576496,1.2277986966688723,1,0.024,0.231,"{""maxlags"": 24}",1.746685042287672,6.092784775606614,7.759433011277063,0,0.0,0.16,,0.1960091526316027,0.7487583560117658,0.9003559134976792,1,0.207,1.049,"{""yearly_seasonality"": false, ""weekly_seasonality"": false, ""daily_seasonality"": true, ""seasonality_mode"": ""additive""}",0.1993730653707021,0.7606371111977591,0.9150604322057428,0,0.0,0.714,,0.2013497480699539,0.6796708982577991,0.8788703772586164,1,0.025,0.687,"{""maxlags"": 24}",1.9795664780502016,6.980189493921685,8.718604471552638,0,0.0,0.71,
273,H274,172800.0,without_retrain,0,,,,,,,,0.1255900181529364,0.4900574682146534,1.3445049389882855,1.0,14.605,5.912,"{""order"": [48, 1, 0]}",,,,,,,,,,,,,,,,,,,,,,,,,,,,,,,,,,,,,,,,,,,0.1228091637972644,0.4929581155357643,1.3451635219569116,0,0.0,4.588,,0.1154699112120298,0.4475426650703049,1.2278946259477952,0,0.0,2.907,,,,,,,,,0.1784735029441684,0.7682734318283687,2.1297106200950435,1.0,0.038,1.014,"{""error"": ""add"", ""trend"": ""add"", ""damped_trend"": true, ""seasonal"": ""add"", ""seasonal_periods"": 24}",,,,,,,,,,,,,,,,,,,,,,,,,,,,,,,,,,,,,,,,,,,6.690327177769065,34.40375071470896,80.93032196721585,0,0.0,0.042,,0.0993157434233847,0.4166270295576461,1.1178559300674034,1,0.018,0.411,"{""maxlags"": 24}",0.1203666751546264,0.4893754513921857,1.3411352681297597,0,0.0,0.378,,0.1097790142104682,0.4681143032882235,1.242633209996869,1,0.02,0.192,"{""maxlags"": 24}",0.1190026063016,0.5142119399839089,1.3402448254349302,0,0.0,0.161,,0.1794051489630824,0.8009900552114844,2.0960649393369075,1,1.183,0.508,"{""yearly_seasonality"": false, ""weekly_seasonality"": false, ""daily_seasonality"": true, ""seasonality_mode"": ""additive""}",0.2081692040477923,0.9336981119873288,2.456967045561012,0,0.0,0.883,,0.1060508276097468,0.4490509170173767,1.2022831232790836,1,0.02,0.599,"{""maxlags"": 24}",0.1027260354207947,0.442964574826973,1.1824708341692232,0,0.0,0.602,
274,H275,172800.0,without_retrain,0,,,,,,,,,,,,,,,0.1022275779036079,0.4569213524416023,1.0542738705779011,1.0,22.796,5.638,"{""order"": [48, 1, 0]}",,,,,,,,,,,,,,,,,,,,,,,,,,,,,,,,,,,,0.1231223972846866,0.5594289804063427,1.286259225770416,0,0.0,4.666,,0.1177010464166037,0.5347763379745682,1.1893482535933555,0,0.0,2.506,,,,,,,,,,,,,,,,0.1198773992179237,0.5546096801437289,1.2650269095017517,1.0,0.034,0.607,"{""error"": ""add"", ""trend"": ""add"", ""damped_trend"": true, ""seasonal"": ""add"", ""seasonal_periods"": 24}",,,,,,,,,,,,,,,,,,,,,,,,,,,,,,,,,,,,5.612380507448563,28.10617415199513,60.24288100651578,0,0.0,0.053,,0.1238092761329824,0.5913757923279203,1.3381671848145065,1,0.018,0.43,"{""maxlags"": 24}",0.1554998319015453,0.7711730894514573,1.7560717250085078,0,0.0,0.401,,0.1141295875735304,0.5624896431092096,1.2434496454388322,1,0.02,0.176,"{""maxlags"": 24}",0.1211121466919182,0.5776536701316213,1.2970628282601098,0,0.0,0.159,,0.2487835861450163,1.2228307126623297,2.5829872408827765,1,0.214,1.255,"{""yearly_seasonality"": false, ""weekly_seasonality"": false, ""daily_seasonality"": true, ""seasonality_mode"": ""additive""}",0.2633599549789895,1.3207229382092047,2.783268686526404,0,0.0,0.589,,0.1218015515990611,0.5907192879666249,1.3221820630033372,1,0.021,0.577,"{""maxlags"": 24}",0.1411165272004759,0.6943626689288428,1.558094895874414,0,0.0,0.609,
275,H276,172800.0,without_retrain,0,,,,,,,,,,,,,,,,,,,,,,0.1337303928073953,0.5409247118454616,1.1579315029444597,1.0,13.952,4.747,"{""order"": [48, 1, 0]}",,,,,,,,,,,,,,,,,,,,,,,,,,,,,0.1479307947415263,0.6236803287803545,1.318981323938167,0,0.0,4.418,,0.1448615841898525,0.6207195346193656,1.3050364208737597,0,0.0,2.545,,,,,,,,,,,,,,,,,,,,,,,0.1480748316299157,0.6038667526228687,1.2865458632130564,1.0,0.04,0.467,"{""error"": ""add"", ""trend"": ""add"", ""damped_trend"": true, ""seasonal"": ""add"", ""seasonal_periods"": 24}",,,,,,,,,,,,,,,,,,,,,,,,,,,,,5.717072259200437,32.05636918532208,56.25242692492648,0,0.0,0.056,,0.14291929330698,0.6006089720111455,1.270810726062919,1,0.024,0.42,"{""maxlags"": 24}",0.1795947574073565,0.7886927162875509,1.6465515971290436,0,0.0,0.433,,0.1453769564570517,0.6852380088584269,1.398099834390938,1,0.023,0.211,"{""maxlags"": 24}",0.1695298149651063,0.7341677825713434,1.5118987020153078,0,0.0,0.162,,0.158786570047986,0.8002136215317108,1.5461108002303865,1,0.392,0.471,"{""yearly_seasonality"": false, ""weekly_seasonality"": false, ""daily_seasonality"": true, ""seasonality_mode"": ""additive""}",0.1411943371469845,0.7427132770143491,1.3994626242603443,0,0.0,0.663,,0.1437373203242131,0.6152078458642638,1.2961435118886222,1,0.023,0.617,"{""maxlags"": 24}",0.2215623076887329,0.9879845502527914,2.0354881069401656,0,0.0,0.636,
276,H277,172800.0,without_retrain,0,,,,,,,,,,,,,,,,,,,,,,,,,,,,,0.1348496144050554,0.636673414410538,0.912750580632579,1.0,13.616,4.662,"{""order"": [48, 1, 0]}",,,,,,,,,,,,,,,,,,,,,,0.1465415490625997,0.6709794163296198,0.9627750002496264,0,0.0,4.43,,0.146299250003802,0.7167013706962851,1.052277370363604,0,0.0,3.287,,,,,,,,,,,,,,,,,,,,,,,,,,,,,,0.3036464296522038,1.612292321464606,2.454878011201437,1.0,0.052,0.602,"{""error"": ""add"", ""trend"": ""add"", ""damped_trend"": true, ""seasonal"": ""mul"", ""seasonal_periods"": 24}",,,,,,,,,,,,,,,,,,,,,,8.078521048768707,47.13089840860069,63.30093550727904,0,0.0,0.046,,0.21754759301665,1.0792767868504365,1.6432694687001732,1,0.024,0.436,"{""maxlags"": 24}",0.4536645521937205,2.247670857110697,3.5045495795662043,0,0.0,0.418,,0.2435879541462915,1.143165437893692,1.7840036285114829,1,0.026,0.214,"{""maxlags"": 24}",0.9595233127898324,3.949994495087296,6.379870388582929,0,0.0,0.148,,0.5531647403868474,2.7880510982541886,4.161773728723413,1,0.317,0.884,"{""yearly_seasonality"": false, ""weekly_seasonality"": false, ""daily_seasonality"": true, ""seasonality_mode"": ""multiplicative""}",0.3159992145416317,1.2529217644863355,1.9855897394988635,0,0.0,0.538,,0.228097026813658,1.0808310070699845,1.617363792438634,1,0.023,0.681,"{""maxlags"": 24}",0.6949229196005824,3.3065550031187887,5.261457915881858,0,0.0,0.691,
277,H278,172800.0,without_retrain,0,,,,,,,,,,,,,,,,,,,,,,,,,,,,,,,,,,,,0.0468900305486367,0.2119510161647036,0.3842068428096357,1.0,12.259,5.148,"{""order"": [48, 1, 0]}",,,,,,,,,,,,,,,0.0580742035528309,0.2417229868126572,0.4632582603098835,0,0.0,4.471,,0.3332358252503676,1.327035392486139,2.743033526704616,0,0.0,4.546,,,,,,,,,,,,,,,,,,,,,,,,,,,,,,,,,,,,,0.1840894932247826,0.7254519235508621,1.5052114001887047,1.0,0.037,0.583,"{""error"": ""add"", ""trend"": ""add"", ""damped_trend"": true, ""seasonal"": ""mul"", ""seasonal_periods"": 24}",,,,,,,,,,,,,,,21.87158427676233,157.7841293658002,200.39214420185908,0,0.0,0.035,,0.1097883064749538,0.4219545673556932,0.8367133695472351,1,0.019,0.417,"{""maxlags"": 24}",0.4262868894749267,1.909269789016392,3.816771873103749,0,0.0,0.411,,0.2211391514314611,0.6591446150552291,1.4072394858481108,1,0.022,0.185,"{""maxlags"": 24}",0.3449711473553831,1.4622053272522946,2.9273112566348445,0,0.0,0.165,,0.3041468885535959,1.3980335274259144,2.546294781714778,1,0.605,0.445,"{""yearly_seasonality"": false, ""weekly_seasonality"": false, ""daily_seasonality"": true, ""seasonality_mode"": ""multiplicative""}",0.6759588111634177,3.237662493799645,5.940907175157004,0,0.0,0.694,,0.122262189234959,0.4344592754814363,0.8615133323556395,1,0.017,0.68,"{""maxlags"": 24}",0.5337674636936611,2.0022355025144485,4.141160142243066,0,0.0,0.691,
278,H279,172800.0,without_retrain,0,,,,,,,,,,,,,,,,,,,,,,,,,,,,,,,,,,,,,,,,,,,0.058652315652975,0.2700744517313026,0.5026960905910198,1.0,16.746,7.214,"{""order"": [48, 1, 0]}",,,,,,,,0.1127295243245503,0.5459547926559768,1.019586120961608,0,0.0,4.435,,0.078941540449384,0.363514234914638,0.6973195865146863,0,0.0,2.154,,,,,,,,,,,,,,,,,,,,,,,,,,,,,,,,,,,,,,,,,,,,0.1308448137414354,0.6184145536943433,1.1887737865456245,1.0,0.037,0.292,"{""error"": ""add"", ""trend"": ""add"", ""damped_trend"": true, ""seasonal"": ""add"", ""seasonal_periods"": 24}",,,,,,,,15.87778609966967,58.95317934621196,161.77114414974878,0,0.0,0.044,,0.2110701967875896,1.0835840456043504,2.0901734242540915,1,0.018,0.447,"{""maxlags"": 24}",0.2752135933258804,1.3338946616317526,2.6516545228237614,0,0.0,0.442,,0.1742261445294322,0.926887540446642,1.7436591331869309,1,0.017,0.192,"{""maxlags"": 24}",0.3771584604410956,1.7632942435903232,3.4287487004004054,0,0.0,0.171,,0.2671406585354648,1.458488083412275,2.49917637679206,1,0.317,1.078,"{""yearly_seasonality"": false, ""weekly_seasonality"": false, ""daily_seasonality"": true, ""seasonality_mode"": ""additive""}",0.2677841621827391,1.441317052406425,2.418016664187736,0,0.0,0.666,,0.2019147149214685,1.0720061527417248,2.04694943925067,1,0.013,0.668,"{""maxlags"": 24}",0.2329191614365925,1.134389024954528,2.1796642721696027,0,0.0,0.651,
279,H280,172800.0,without_retrain,0,,,,,,,,,,,,,,,,,,,,,,,,,,,,,,,,,,,,,,,,,,,,,,,,,,0.1284019390440245,0.6446579331227047,1.217437410929686,1.0,12.844,4.182,"{""order"": [48, 1, 0]}",0.1013843219429844,0.5011628920136718,0.9390472762429382,0,0.0,5.08,,0.1667135902251928,0.80148297171794,1.5646606832129442,0,0.0,3.936,,,,,,,,,,,,,,,,,,,,,,,,,,,,,,,,,,,,,,,,,,,,,,,,,,,0.0678711338436032,0.316685325709501,0.5926183212375334,1.0,0.041,0.493,"{""error"": ""add"", ""trend"": ""add"", ""damped_trend"": true, ""seasonal"": ""mul"", ""seasonal_periods"": 24}",9.277718969828834,62.30409044071649,90.4083196790406,0,0.0,0.036,,0.1382300476295748,0.6625964506243478,1.25026399079001,1,0.019,0.419,"{""maxlags"": 24}",0.1719539707272118,0.725038068228892,1.4332369201704245,0,0.0,0.443,,0.1716574393069191,0.7360888699675693,1.4724168070695864,1,0.021,0.186,"{""maxlags"": 24}",0.2350100861861294,1.148959125438065,2.1629456519275547,0,0.0,0.156,,0.1315476104204346,0.6487829932170419,1.1703764206227028,1,0.381,0.463,"{""yearly_seasonality"": false, ""weekly_seasonality"": false, ""daily_seasonality"": true, ""seasonality_mode"": ""multiplicative""}",0.3165285169364142,1.657086945174812,2.981254164512129,0,0.0,0.542,,0.1559203160100465,0.7130896793834939,1.3706033648675096,1,0.02,0.643,"{""maxlags"": 24}",0.229297513044687,1.152487817447298,2.208823939166319,0,0.0,0.676,
280,H281,172800.0,without_retrain,0,0.083401597480342,0.3518440253834226,0.4075253782575948,1.0,12.948,6.381,"{""order"": [48, 1, 0]}",,,,,,,,,,,,,,,,,,,,,,,,,,,,,,,,,,,,,,,,,,,,,,,,,,0.0940386393587875,0.3730824133626557,0.443931027045823,0,0.0,8.024,,0.1080994491542872,0.45075907086162,0.5250402611632873,0,0.0,2.783,,0.1080994491542872,0.45075907086162,0.5250402611632873,1.0,0.04,0.533,"{""error"": ""add"", ""trend"": ""add"", ""damped_trend"": true, ""seasonal"": ""add"", ""seasonal_periods"": 24}",,,,,,,,,,,,,,,,,,,,,,,,,,,,,,,,,,,,,,,,,,,,,,,,,,21.27610685924958,141.70568311924504,108.42751944255156,0,0.0,0.033,,0.1264802910509841,0.4486058453351946,0.5404437975238877,1,0.024,0.421,"{""maxlags"": 24}",0.3857239087194846,1.79836402527733,2.064637341768418,0,0.0,0.424,,0.1636181719455083,0.5412473468917538,0.6732925839086903,1,0.023,0.186,"{""maxlags"": 24}",0.8051448183127159,2.9234983563217063,3.4323130025635,0,0.0,0.153,,0.177742474877284,0.6534181689537636,0.814066531361342,1,0.203,0.744,"{""yearly_seasonality"": false, ""weekly_seasonality"": false, ""daily_seasonality"": true, ""seasonality_mode"": ""additive""}",0.1743500705254235,0.6584781138867221,0.8144636716400958,0,0.0,0.674,,0.1214102014814866,0.4537701625088284,0.5532941660371905,1,0.022,0.68,"{""maxlags"": 24}",0.7866151551509191,2.4424942782477608,2.914021493468418,0,0.0,0.739,
281,H282,172800.0,without_retrain,0,,,,,,,,0.0640222818078749,0.3498454627105398,0.788609212101588,1.0,23.209,4.379,"{""order"": [48, 1, 0]}",,,,,,,,,,,,,,,,,,,,,,,,,,,,,,,,,,,,,,,,,,,0.0650204952419926,0.3667225922345022,0.7608252977058952,0,0.0,6.329,,0.0700552562124116,0.3845078793336892,0.7997121816176218,0,0.0,3.251,,,,,,,,,0.0648626387279051,0.3502866811202687,0.7378053122389417,1.0,0.038,0.316,"{""error"": ""add"", ""trend"": ""add"", ""damped_trend"": true, ""seasonal"": ""add"", ""seasonal_periods"": 24}",,,,,,,,,,,,,,,,,,,,,,,,,,,,,,,,,,,,,,,,,,,3.4560214611869973,18.83247478123918,42.177649624142646,0,0.0,0.052,,0.134905363576756,0.7999125705026002,1.7048247536368553,1,0.019,0.454,"{""maxlags"": 24}",0.2135465298380685,1.323838183449808,2.8525519965333515,0,0.0,0.425,,0.1095807863874583,0.6038750429867352,1.2523573521142897,1,0.023,0.271,"{""maxlags"": 24}",0.3634426890839188,1.90326342922094,3.949426162813973,0,0.0,0.148,,0.2380841834815083,1.3229415552784989,2.5279891333094158,1,0.45,0.48,"{""yearly_seasonality"": false, ""weekly_seasonality"": false, ""daily_seasonality"": true, ""seasonality_mode"": ""additive""}",0.2384081903810178,1.3217400026726438,2.522642869838519,0,0.0,0.702,,0.1174474206154816,0.7006138065707672,1.470043209624183,1,0.024,0.618,"{""maxlags"": 24}",0.3219575026508443,1.706166446316167,3.852003058423144,0,0.0,0.665,
282,H283,172800.0,without_retrain,0,,,,,,,,,,,,,,,0.1256607405686355,0.4513937268174604,0.611165298782742,1.0,11.726,3.813,"{""order"": [48, 1, 0]}",,,,,,,,,,,,,,,,,,,,,,,,,,,,,,,,,,,,0.1025242518768016,0.3377622499677508,0.4592538067769459,0,0.0,6.467,,0.2036408850279005,0.7545507178433812,1.0133101935253754,0,0.0,3.32,,,,,,,,,,,,,,,,0.2096375925462295,0.9021569709242914,1.1388429192421567,1.0,0.044,0.574,"{""error"": ""add"", ""trend"": ""add"", ""damped_trend"": true, ""seasonal"": ""add"", ""seasonal_periods"": 24}",,,,,,,,,,,,,,,,,,,,,,,,,,,,,,,,,,,,12.866685757103772,74.22829207025569,68.9098569140891,0,0.0,0.046,,0.1576227225302566,0.5429698394717012,0.712034182500778,1,0.024,0.447,"{""maxlags"": 24}",0.5989724940237954,2.2287942407879497,2.885997277846838,0,0.0,0.42,,0.2298473713301616,0.655272618967301,0.9275828790939264,1,0.023,0.212,"{""maxlags"": 24}",2.155196731192903,7.723976529346395,10.177454426960468,0,0.0,0.159,,0.2039017856150743,0.7788914051147119,0.9744401715495372,1,0.699,0.58,"{""yearly_seasonality"": false, ""weekly_seasonality"": false, ""daily_seasonality"": true, ""seasonality_mode"": ""additive""}",0.2121808001180357,0.8071429349523987,1.0088652821133526,0,0.0,0.48,,0.1429006190356704,0.4411173716105013,0.6053166609619048,1,0.021,0.677,"{""maxlags"": 24}",2.015672088599505,6.614485816284007,8.71553867287511,0,0.0,0.672,
283,H284,172800.0,without_retrain,0,,,,,,,,,,,,,,,,,,,,,,0.0998639798682748,0.43067300333836,0.6493330954191395,1.0,11.028,4.178,"{""order"": [48, 1, 0]}",,,,,,,,,,,,,,,,,,,,,,,,,,,,,0.1397085145091159,0.6018442552670883,0.9189310854233512,0,0.0,5.775,,0.2122708034697469,0.8936422914784724,1.3977715576230985,0,0.0,2.861,,,,,,,,,,,,,,,,,,,,,,,0.0490402219157094,0.1975485327444605,0.2924465341411248,1.0,0.034,0.466,"{""error"": ""add"", ""trend"": ""add"", ""damped_trend"": true, ""seasonal"": ""add"", ""seasonal_periods"": 24}",,,,,,,,,,,,,,,,,,,,,,,,,,,,,13.1760185683077,82.87906302762833,91.84514373893678,0,0.0,0.055,,0.1378552064890456,0.5925179119211702,0.8733434057469284,1,0.017,0.458,"{""maxlags"": 24}",0.3080663290821843,1.2927799065652863,1.9630898244800203,0,0.0,0.443,,0.2072677164853739,0.902461758980692,1.3445353524330736,1,0.021,0.192,"{""maxlags"": 24}",0.6502899078746192,2.404283615831154,3.7733199889680775,0,0.0,0.179,,0.1875755879890922,0.7442746248003997,1.1537612292570232,1,0.196,1.685,"{""yearly_seasonality"": false, ""weekly_seasonality"": false, ""daily_seasonality"": true, ""seasonality_mode"": ""additive""}",0.1872674258258257,0.7356234549702273,1.1364071438752965,0,0.0,0.594,,0.1393332758448938,0.570173279619464,0.8887973914065412,1,0.018,0.653,"{""maxlags"": 24}",1.87070714909584,5.189273437195113,8.165858796176403,0,0.0,0.695,
284,H285,172800.0,without_retrain,0,,,,,,,,,,,,,,,,,,,,,,,,,,,,,0.0882553421434002,0.3337721120823365,0.4539270380178333,1.0,13.575,4.357,"{""order"": [48, 1, 0]}",,,,,,,,,,,,,,,,,,,,,,0.1094181158222155,0.374023864789663,0.5270532134466287,0,0.0,5.851,,0.210552090070212,0.8443972349757104,1.0956660700099157,0,0.0,3.153,,,,,,,,,,,,,,,,,,,,,,,,,,,,,,0.0774397869970049,0.2595603808364472,0.3243027780331863,1.0,0.038,0.789,"{""error"": ""add"", ""trend"": ""add"", ""damped_trend"": true, ""seasonal"": ""add"", ""seasonal_periods"": 24}",,,,,,,,,,,,,,,,,,,,,,12.455349410318629,63.78312750176229,66.20262566600677,0,0.0,0.046,,0.0921718619205614,0.3174000985525212,0.4297308648725518,1,0.024,0.479,"{""maxlags"": 24}",0.4373165551018127,1.858433680438189,2.3740830334257783,0,0.0,0.435,,0.2235282629899027,0.7441421949777075,1.051416370113662,1,0.025,0.198,"{""maxlags"": 24}",0.5655082757268157,1.962677407130225,2.5923819552015037,0,0.0,0.172,,0.2464625278575042,0.8560872616973804,1.118575214913121,1,0.29,0.944,"{""yearly_seasonality"": false, ""weekly_seasonality"": false, ""daily_seasonality"": true, ""seasonality_mode"": ""additive""}",0.2486355176722886,0.8734374230802645,1.1557656758763464,0,0.0,0.788,,0.1128677277848595,0.3966071406148849,0.5255631885461073,1,0.019,0.679,"{""maxlags"": 24}",0.7099777575628891,2.836472366962038,3.724368942968849,0,0.0,0.717,
285,H286,172800.0,without_retrain,0,,,,,,,,,,,,,,,,,,,,,,,,,,,,,,,,,,,,0.1023873738482769,0.4911349096728681,0.7764743506599716,1.0,15.018,6.979,"{""order"": [48, 1, 0]}",,,,,,,,,,,,,,,0.1585447075869947,0.713565765228791,1.20403852900585,0,0.0,5.432,,0.0776895943630793,0.3624821146752068,0.5455483478646255,0,0.0,3.837,,,,,,,,,,,,,,,,,,,,,,,,,,,,,,,,,,,,,0.1070055320065957,0.4956406771062751,0.7183651531271286,1.0,0.044,0.527,"{""error"": ""add"", ""trend"": ""add"", ""damped_trend"": true, ""seasonal"": ""mul"", ""seasonal_periods"": 24}",,,,,,,,,,,,,,,11.420137205948024,72.33057884200291,90.62665189694204,0,0.0,0.054,,0.1423142883664156,0.6674202026879416,1.073732398724216,1,0.022,0.465,"{""maxlags"": 24}",0.3494883459906037,1.69683526567412,2.6934916999711533,0,0.0,0.427,,0.1857859846376311,0.8050560837410702,1.360621967066525,1,0.025,0.187,"{""maxlags"": 24}",0.333763592629861,1.3502823441407006,2.319685807511945,0,0.0,0.155,,0.5670849806059928,2.5667480268242757,4.141606274520142,1,0.656,0.538,"{""yearly_seasonality"": false, ""weekly_seasonality"": false, ""daily_seasonality"": true, ""seasonality_mode"": ""multiplicative""}",0.3701489998722902,1.6547959833046717,2.54247577431319,0,0.0,0.676,,0.1369598707834182,0.6096537679290851,0.9952521560446144,1,0.024,0.666,"{""maxlags"": 24}",0.3643860567030957,1.7003702577773143,2.8214308468280325,0,0.0,0.673,
286,H287,172800.0,without_retrain,0,,,,,,,,,,,,,,,,,,,,,,,,,,,,,,,,,,,,,,,,,,,0.1522551688606636,0.6637447567750526,1.402751005708839,1.0,13.1,5.319,"{""order"": [48, 1, 0]}",,,,,,,,0.1952110550070876,0.9013822537317449,1.870677760667488,0,0.0,5.694,,0.1561196912658446,0.720921837382306,1.4902244972160512,0,0.0,2.967,,,,,,,,,,,,,,,,,,,,,,,,,,,,,,,,,,,,,,,,,,,,0.1650645109710043,0.7215046720575534,1.5373635784249249,1.0,0.042,0.671,"{""error"": ""add"", ""trend"": ""add"", ""damped_trend"": true, ""seasonal"": ""add"", ""seasonal_periods"": 24}",,,,,,,,7.029234677018808,41.590603528010895,70.75204962047623,0,0.0,0.05,,0.1645535998816633,0.7269256594166432,1.5385613758566243,1,0.019,0.427,"{""maxlags"": 24}",0.2062974361000971,0.9193760464695456,1.9640692866616745,0,0.0,0.392,,0.1525160782349693,0.7205829163183858,1.4882015486261235,1,0.023,0.185,"{""maxlags"": 24}",0.2017244831527274,0.9683960193178563,1.9768802387964248,0,0.0,0.195,,0.183849678326758,0.9799596212034588,1.8562012458653807,1,0.207,1.334,"{""yearly_seasonality"": false, ""weekly_seasonality"": false, ""daily_seasonality"": true, ""seasonality_mode"": ""additive""}",0.1840366065049503,1.0002708605211963,1.8390960666094387,0,0.0,0.55,,0.1453895664543671,0.6845724240766066,1.4069648675337578,1,0.022,0.596,"{""maxlags"": 24}",0.1803689482906801,0.8472867531858981,1.7632012047653685,0,0.0,0.605,
287,H288,172800.0,without_retrain,0,,,,,,,,,,,,,,,,,,,,,,,,,,,,,,,,,,,,,,,,,,,,,,,,,,0.0795148213381805,0.2941829996918547,0.4665197013867641,1.0,11.865,5.438,"{""order"": [48, 1, 0]}",0.1650362991658329,0.6346692578191956,1.008196746875521,0,0.0,5.171,,0.0623946497574977,0.2600691607383826,0.3865129333440016,0,0.0,3.036,,,,,,,,,,,,,,,,,,,,,,,,,,,,,,,,,,,,,,,,,,,,,,,,,,,0.0803344574302604,0.317479236931775,0.4885146388299049,1.0,0.047,0.607,"{""error"": ""add"", ""trend"": ""add"", ""damped_trend"": true, ""seasonal"": ""mul"", ""seasonal_periods"": 24}",12.338130363047876,65.14783188242687,78.48166812029301,0,0.0,0.036,,0.1053193480711477,0.3986801331228498,0.5974255037442755,1,0.021,0.429,"{""maxlags"": 24}",0.2189472955001188,0.8874365480651862,1.39875532970981,0,0.0,0.437,,0.1546094880353471,0.5664802109841606,0.8952426236936949,1,0.023,0.18,"{""maxlags"": 24}",1.6504227234367002,4.971335178365359,7.615960119573427,0,0.0,0.177,,0.3632507054958793,1.5072531394626327,2.359539567594903,1,0.663,0.428,"{""yearly_seasonality"": false, ""weekly_seasonality"": false, ""daily_seasonality"": true, ""seasonality_mode"": ""multiplicative""}",0.4569654350144295,1.9959594139659969,2.7136758023718124,0,0.0,0.568,,0.1581534721932214,0.5873944580913534,0.8817900131368847,1,0.02,0.686,"{""maxlags"": 24}",0.4299473122817193,1.2502405602743083,1.9558825674277909,0,0.0,0.685,
288,H289,172800.0,without_retrain,0,0.1529722338832315,0.4767804825289392,0.0744025121523265,1.0,14.782,6.011,"{""order"": [46, 1, 0]}",,,,,,,,,,,,,,,,,,,,,,,,,,,,,,,,,,,,,,,,,,,,,,,,,,0.3016274640210444,0.9405764699904736,0.1469049242893592,0,0.0,5.14,,0.1465362498737882,0.5301609879991549,0.0641336158950251,0,0.0,3.364,,2.22795722905513,6.214477869883062,1.0608165289863694,1.0,0.041,1.31,"{""error"": ""add"", ""trend"": ""add"", ""damped_trend"": true, ""seasonal"": ""mul"", ""seasonal_periods"": 23}",,,,,,,,,,,,,,,,,,,,,,,,,,,,,,,,,,,,,,,,,,,,,,,,,,48.22838565945975,162.0984015065936,24.14492651269148,0,0.0,0.044,,0.1862227145798618,0.5717404205663525,0.0843207942009325,1,0.027,0.45,"{""maxlags"": 23}",0.2047591167553425,0.7507485527053891,0.0960640159179133,0,0.0,0.453,,0.2233909254707529,0.6826197844105945,0.1017279001104686,1,0.022,0.195,"{""maxlags"": 23}",4.434418463291954,10.961629162292375,1.5509997742834485,0,0.0,0.168,,7.757933184701295,26.405669977204685,3.931560690072905,1,0.466,1.019,"{""yearly_seasonality"": false, ""weekly_seasonality"": false, ""daily_seasonality"": true, ""seasonality_mode"": ""multiplicative""}",7.736858471702103,26.26555985187028,3.908132763926017,0,0.0,0.761,,0.2238199906646813,0.7112793353035617,0.1071396846159057,1,0.023,0.668,"{""maxlags"": 23}",2.422988578356034,6.500646963623354,0.901461153579746,0,0.0,0.718,
289,H290,172800.0,without_retrain,0,,,,,,,,0.1087326692100839,0.4078716721278688,0.4589398418997203,1.0,15.054,7.223,"{""order"": [48, 1, 0]}",,,,,,,,,,,,,,,,,,,,,,,,,,,,,,,,,,,,,,,,,,,0.1410770218329478,0.5152094208494379,0.591200934436246,0,0.0,5.225,,0.1137539692833054,0.401425505742103,0.4313294668366335,0,0.0,3.655,,,,,,,,,0.1453015125825507,0.4931958026236809,0.5799566107460249,1.0,0.041,0.558,"{""error"": ""add"", ""trend"": ""add"", ""damped_trend"": true, ""seasonal"": ""mul"", ""seasonal_periods"": 24}",,,,,,,,,,,,,,,,,,,,,,,,,,,,,,,,,,,,,,,,,,,11.428871929722158,51.69164763631082,49.045817900273086,0,0.0,0.044,,0.2313286420865479,0.7344821049236719,0.8565095085979246,1,0.023,0.46,"{""maxlags"": 24}",0.7187399315854616,2.5331577291601093,2.9432860291671816,0,0.0,0.416,,0.3850490493560582,1.1722021567089969,1.453765989363493,1,0.025,0.196,"{""maxlags"": 24}",2.104305189083404,7.012674725585133,8.083120267544478,0,0.0,0.171,,0.4742009082434097,1.802283746560466,2.0522363903808785,1,0.237,0.833,"{""yearly_seasonality"": false, ""weekly_seasonality"": false, ""daily_seasonality"": true, ""seasonality_mode"": ""multiplicative""}",0.6193288953492474,2.5085308651462275,2.64716023152949,0,0.0,0.603,,0.2184148311018177,0.6895359222918476,0.8277106034908256,1,0.023,0.675,"{""maxlags"": 24}",2.5741703734144825,8.796751237049842,10.19131351588546,0,0.0,0.684,
290,H291,172800.0,without_retrain,0,,,,,,,,,,,,,,,0.0954204086713663,0.3787551206639394,0.5292057232604076,1.0,12.53,4.361,"{""order"": [48, 1, 0]}",,,,,,,,,,,,,,,,,,,,,,,,,,,,,,,,,,,,0.158692970701097,0.506000299797726,0.8127514001432156,0,0.0,5.019,,0.1027433502100046,0.4209546387107675,0.5669459913777661,0,0.0,4.348,,,,,,,,,,,,,,,,0.0799642781329861,0.316122869215144,0.4470644029637716,1.0,0.047,0.58,"{""error"": ""add"", ""trend"": ""add"", ""damped_trend"": true, ""seasonal"": ""mul"", ""seasonal_periods"": 24}",,,,,,,,,,,,,,,,,,,,,,,,,,,,,,,,,,,,16.753071626556707,110.83302276056766,104.9219060421578,0,0.0,0.091,,0.0904510439848492,0.3602201877603336,0.5178432490225396,1,0.021,0.467,"{""maxlags"": 24}",0.2100292815992388,0.9296412267789196,1.2913837135142778,0,0.0,0.412,,0.0877382906086115,0.3342442444494102,0.4850718622273074,1,0.025,0.185,"{""maxlags"": 24}",0.5110403824406551,1.6061786283826869,2.4337253669022,0,0.0,0.154,,0.4936964291490507,1.9694793571924347,2.8256626460537966,1,0.702,0.475,"{""yearly_seasonality"": false, ""weekly_seasonality"": false, ""daily_seasonality"": true, ""seasonality_mode"": ""multiplicative""}",0.3579521128552515,1.4619645243363173,2.1383432758140497,0,0.0,0.584,,0.1001098690865701,0.3843126476538985,0.5308976216617688,1,0.027,0.665,"{""maxlags"": 24}",1.486332291895154,3.603301876907196,5.442644815871351,0,0.0,0.697,
291,H292,172800.0,without_retrain,0,,,,,,,,,,,,,,,,,,,,,,0.1782239012016859,0.6438780438575821,0.9441434812253622,1.0,15.53,4.97,"{""order"": [48, 1, 0]}",,,,,,,,,,,,,,,,,,,,,,,,,,,,,0.1509407409145632,0.5414613151039467,0.7856598168489546,0,0.0,5.374,,0.1058796529215261,0.4198473307363173,0.5816218674650548,0,0.0,3.727,,,,,,,,,,,,,,,,,,,,,,,0.1601908566158318,0.6520989357103413,0.9163019128167204,1.0,0.035,0.573,"{""error"": ""add"", ""trend"": ""add"", ""damped_trend"": true, ""seasonal"": ""mul"", ""seasonal_periods"": 24}",,,,,,,,,,,,,,,,,,,,,,,,,,,,,7.778335214682598,36.58698345432979,43.97765491107753,0,0.0,0.051,,0.1843023844252393,0.6969405477991472,0.95873407274235,1,0.019,0.473,"{""maxlags"": 24}",0.4567550184019672,2.091902839063542,2.721723608716088,0,0.0,0.436,,0.2000724365990097,0.7409203022225537,1.0619651781402166,1,0.025,0.186,"{""maxlags"": 24}",0.7356562331040927,2.760147334328527,3.830204322784599,0,0.0,0.156,,0.5813048011330354,2.517906236478075,3.328420359673009,1,0.427,0.962,"{""yearly_seasonality"": false, ""weekly_seasonality"": false, ""daily_seasonality"": true, ""seasonality_mode"": ""multiplicative""}",0.2847217870347098,1.3170254540855666,1.717592342329213,0,0.0,0.761,,0.15996552414577,0.650378188255652,0.8953666742681596,1,0.019,0.671,"{""maxlags"": 24}",0.4578732221137158,1.9013009036541924,2.561446531903753,0,0.0,0.643,
292,H293,172800.0,without_retrain,0,,,,,,,,,,,,,,,,,,,,,,,,,,,,,0.0791484114286103,0.3540654400452878,0.5627144128313537,1.0,11.533,5.226,"{""order"": [48, 1, 0]}",,,,,,,,,,,,,,,,,,,,,,0.0613108233091218,0.2836160868946861,0.4464077017194737,0,0.0,5.001,,0.145298692298336,0.632562916363396,1.0515043027688056,0,0.0,3.169,,,,,,,,,,,,,,,,,,,,,,,,,,,,,,0.145298692298336,0.632562916363396,1.0515043027688056,1.0,0.035,0.893,"{""error"": ""add"", ""trend"": ""add"", ""damped_trend"": true, ""seasonal"": ""add"", ""seasonal_periods"": 24}",,,,,,,,,,,,,,,,,,,,,,7.952149882388028,42.00390633052907,58.024795893864166,0,0.0,0.05,,0.1202622046189097,0.4495533128237247,0.745966671772519,1,0.022,0.459,"{""maxlags"": 24}",0.4368731826328021,1.876246384334105,3.081669910012755,0,0.0,0.431,,0.2240267830832654,0.7089476843986414,1.2660456618774718,1,0.022,0.214,"{""maxlags"": 24}",0.7688949866325578,2.8228939421130885,4.692263259104316,0,0.0,0.176,,0.3643602008407774,1.6212313038811847,2.620530890405533,1,0.202,0.77,"{""yearly_seasonality"": false, ""weekly_seasonality"": false, ""daily_seasonality"": true, ""seasonality_mode"": ""additive""}",0.3660568681624125,1.6298174780410069,2.63607183842234,0,0.0,0.726,,0.1290860748270639,0.4701701345528266,0.783361228692387,1,0.017,0.67,"{""maxlags"": 24}",0.924628955340517,3.505132400770982,5.84264408229063,0,0.0,0.632,
293,H294,172800.0,without_retrain,0,,,,,,,,,,,,,,,,,,,,,,,,,,,,,,,,,,,,0.0889879866596552,0.3562853915361925,0.4413196905161409,1.0,15.716,8.45,"{""order"": [48, 1, 0]}",,,,,,,,,,,,,,,0.1149642488224576,0.4124780273183437,0.5637523208905569,0,0.0,5.673,,0.0896917841328584,0.3552111770404342,0.4442379430311327,0,0.0,2.831,,,,,,,,,,,,,,,,,,,,,,,,,,,,,,,,,,,,,0.1073521606745965,0.4372173234330601,0.5669672320156728,1.0,0.04,0.581,"{""error"": ""add"", ""trend"": ""add"", ""damped_trend"": true, ""seasonal"": ""mul"", ""seasonal_periods"": 24}",,,,,,,,,,,,,,,8.614462009539324,42.744327001222494,47.98712518046639,0,0.0,0.049,,0.0666078550387732,0.2756517314194753,0.3539987155128195,1,0.019,0.426,"{""maxlags"": 24}",0.2152448227551212,0.9910407711912268,1.2904863510038855,0,0.0,0.453,,0.100418706276581,0.4087026157797752,0.533836354183188,1,0.021,0.201,"{""maxlags"": 24}",0.206384395889305,0.8448062334416804,1.1262754354319409,0,0.0,0.172,,0.4046676204490376,1.8026588393680203,2.2862016160541185,1,0.469,1.085,"{""yearly_seasonality"": false, ""weekly_seasonality"": false, ""daily_seasonality"": true, ""seasonality_mode"": ""multiplicative""}",0.1530518627782884,0.5977642972483665,0.7732715151653576,0,0.0,0.666,,0.0888890376047912,0.3796784783205476,0.4813788080660665,1,0.021,0.672,"{""maxlags"": 24}",0.1824296461626355,0.8038929650144434,1.043035823714291,0,0.0,0.65,
294,H295,172800.0,without_retrain,0,,,,,,,,,,,,,,,,,,,,,,,,,,,,,,,,,,,,,,,,,,,0.1221574201389913,0.440631611133296,0.7049941327014234,1.0,14.825,6.088,"{""order"": [48, 1, 0]}",,,,,,,,0.0723077544408496,0.2946084186738585,0.40902352614911,0,0.0,6.257,,0.1169395071960965,0.4269612580117316,0.6814760122005019,0,0.0,3.221,,,,,,,,,,,,,,,,,,,,,,,,,,,,,,,,,,,,,,,,,,,,0.1361724943503826,0.4984510942082463,0.7936444296093773,1.0,0.043,0.495,"{""error"": ""add"", ""trend"": ""add"", ""damped_trend"": true, ""seasonal"": ""add"", ""seasonal_periods"": 24}",,,,,,,,11.404304396100107,62.7741194947484,74.25586914264572,0,0.0,0.036,,0.1109269392570847,0.3612394565585965,0.5946550243540817,1,0.022,0.435,"{""maxlags"": 24}",0.240208550567036,1.0012349789466368,1.5606631947000142,0,0.0,0.416,,0.1383945885476612,0.4870233623999223,0.7889198865624257,1,0.026,0.187,"{""maxlags"": 24}",0.6541472829747894,2.199713180206321,3.467238952081001,0,0.0,0.171,,0.1843216078629751,0.7647880516664207,1.091955493397244,1,0.21,1.485,"{""yearly_seasonality"": false, ""weekly_seasonality"": false, ""daily_seasonality"": true, ""seasonality_mode"": ""additive""}",0.1824069689243662,0.7545373634804782,1.082517101343459,0,0.0,0.712,,0.1224539055432729,0.4349018224791465,0.697446064133946,1,0.023,0.679,"{""maxlags"": 24}",0.2325058182287858,0.926447449139984,1.4475381691003295,0,0.0,0.642,
295,H296,172800.0,without_retrain,0,,,,,,,,,,,,,,,,,,,,,,,,,,,,,,,,,,,,,,,,,,,,,,,,,,0.0555655395317224,0.1979725553305737,0.295746520879093,1.0,11.838,4.157,"{""order"": [48, 1, 0]}",0.1149342265840001,0.4619727283930603,0.6416878213944536,0,0.0,6.062,,0.0528159166887478,0.2094321745323176,0.2979647197087383,0,0.0,3.421,,,,,,,,,,,,,,,,,,,,,,,,,,,,,,,,,,,,,,,,,,,,,,,,,,,0.0629984275675316,0.245506456625409,0.3444774851302539,1.0,0.042,0.589,"{""error"": ""add"", ""trend"": ""add"", ""damped_trend"": true, ""seasonal"": ""mul"", ""seasonal_periods"": 24}",14.568028350367763,88.6830309661534,87.14520128840138,0,0.0,0.044,,0.1160104828079833,0.4650185879450226,0.6531553420266702,1,0.024,0.454,"{""maxlags"": 24}",0.2838039034027568,1.2727908593045836,1.790111483298361,0,0.0,0.419,,0.1332979521731191,0.5216171558492083,0.7517857438848212,1,0.025,0.198,"{""maxlags"": 24}",0.66140495783978,2.4459314866353017,3.487204945234704,0,0.0,0.199,,0.3609688613898401,1.5178873561916248,2.1019809379131886,1,0.533,0.535,"{""yearly_seasonality"": false, ""weekly_seasonality"": false, ""daily_seasonality"": true, ""seasonality_mode"": ""multiplicative""}",0.2947159837740074,1.2701497949095917,1.6437608763895628,0,0.0,0.712,,0.1255390009250664,0.5169759883642887,0.7196083093981169,1,0.023,0.62,"{""maxlags"": 24}",0.5357976765684834,2.119914331408669,3.0107665065755747,0,0.0,0.575,
296,H297,172800.0,without_retrain,0,0.1041249244399236,0.3801346923682689,0.4676957445315892,1.0,12.931,4.132,"{""order"": [48, 1, 0]}",,,,,,,,,,,,,,,,,,,,,,,,,,,,,,,,,,,,,,,,,,,,,,,,,,0.1307356940537226,0.480670844358195,0.5918504475258831,0,0.0,6.569,,0.089927215161756,0.3519633173270581,0.4061355552343519,0,0.0,3.732,,0.0575505409823632,0.1921733542412637,0.2374616046037869,1.0,0.039,0.592,"{""error"": ""add"", ""trend"": ""add"", ""damped_trend"": true, ""seasonal"": ""mul"", ""seasonal_periods"": 24}",,,,,,,,,,,,,,,,,,,,,,,,,,,,,,,,,,,,,,,,,,,,,,,,,,9.884712020356869,45.38632530961304,46.43659132258336,0,0.0,0.032,,0.1630221866801675,0.5533602164739204,0.6745621896210535,1,0.023,0.456,"{""maxlags"": 24}",0.433561012547052,1.7023076992958337,2.075352926781472,0,0.0,0.415,,0.2388361521571536,0.6396673157707147,0.8604419828887545,1,0.025,0.183,"{""maxlags"": 24}",0.806961201336973,2.6405547320189595,3.3406330273476907,0,0.0,0.173,,0.5199873849396441,2.1314815848281903,2.5551899924621835,1,0.701,0.486,"{""yearly_seasonality"": false, ""weekly_seasonality"": false, ""daily_seasonality"": true, ""seasonality_mode"": ""multiplicative""}",0.360903957655712,1.380326406022501,1.5011492060402276,0,0.0,0.671,,0.1577413158417893,0.5523901030797057,0.6790647115311459,1,0.02,0.679,"{""maxlags"": 24}",0.6683387796423416,2.311636922030716,2.914587718982951,0,0.0,0.668,
297,H298,172800.0,without_retrain,0,,,,,,,,0.1828303782498037,0.7141221393822645,0.9566309934822308,1.0,12.056,4.638,"{""order"": [48, 1, 0]}",,,,,,,,,,,,,,,,,,,,,,,,,,,,,,,,,,,,,,,,,,,0.1230426280602484,0.4692297808255186,0.6217229468151285,0,0.0,5.579,,0.2231329773175193,0.8955883191104362,1.167844008060349,0,0.0,3.106,,,,,,,,,0.2744841504337895,1.1524619783883223,1.497668617598496,1.0,0.042,1.201,"{""error"": ""add"", ""trend"": ""add"", ""damped_trend"": true, ""seasonal"": ""add"", ""seasonal_periods"": 24}",,,,,,,,,,,,,,,,,,,,,,,,,,,,,,,,,,,,,,,,,,,9.495403224910982,43.38510327734982,48.27868068729526,0,0.0,0.035,,0.1824000824281623,0.5758054559927084,0.7989848292216041,1,0.021,0.45,"{""maxlags"": 24}",0.5195234940954088,2.1500095878873657,2.7995959858571844,0,0.0,0.433,,0.2694229383342141,0.7687614869849678,1.078199217754552,1,0.022,0.183,"{""maxlags"": 24}",0.4446443941781948,1.707632270841484,2.254192066771798,0,0.0,0.165,,0.2394787018107496,0.8259736375863783,1.0623377806110368,1,0.231,0.57,"{""yearly_seasonality"": false, ""weekly_seasonality"": false, ""daily_seasonality"": true, ""seasonality_mode"": ""additive""}",0.2411076644748102,0.8204440971093124,1.0556139836103846,0,0.0,0.684,,0.179311397574806,0.531102073401148,0.743886549756029,1,0.017,0.583,"{""maxlags"": 24}",0.4592878480093775,1.8221630717965025,2.3950196415327683,0,0.0,0.671,
298,H299,172800.0,without_retrain,0,,,,,,,,,,,,,,,0.0955783292234838,0.3965238414973573,0.5596324650819401,1.0,14.896,4.556,"{""order"": [48, 1, 0]}",,,,,,,,,,,,,,,,,,,,,,,,,,,,,,,,,,,,0.0790304296951723,0.3149539435759386,0.4499288176580356,0,0.0,5.702,,0.1583965124776699,0.6544914931216594,0.9897293259674304,0,0.0,2.721,,,,,,,,,,,,,,,,0.0700803817107674,0.2803023594526612,0.4083339759832946,1.0,0.035,0.632,"{""error"": ""add"", ""trend"": ""add"", ""damped_trend"": true, ""seasonal"": ""add"", ""seasonal_periods"": 24}",,,,,,,,,,,,,,,,,,,,,,,,,,,,,,,,,,,,8.986032596579326,44.97874845244886,54.96200242883693,0,0.0,0.035,,0.0857529747571919,0.3500668442898485,0.5112148131135895,1,0.022,0.459,"{""maxlags"": 24}",0.544464172112042,2.154229866251945,3.108549452572118,0,0.0,0.431,,0.1999629429119645,0.5798395732146774,0.92169770147482,1,0.019,0.195,"{""maxlags"": 24}",1.0080311841177738,3.589767084458598,5.424880606145791,0,0.0,0.198,,0.3194480508002235,1.2884884429071308,1.8286298114976207,1,1.165,0.437,"{""yearly_seasonality"": false, ""weekly_seasonality"": false, ""daily_seasonality"": true, ""seasonality_mode"": ""additive""}",0.3204338901292419,1.2906843472556695,1.8211809591047996,0,0.0,0.502,,0.1065135734437419,0.3733484195974151,0.5768661290532501,1,0.018,0.66,"{""maxlags"": 24}",0.8004287390197543,3.030888304595195,4.551986759161222,0,0.0,0.639,
299,H300,172800.0,without_retrain,0,,,,,,,,,,,,,,,,,,,,,,0.0572755579535048,0.2126807254850422,0.279658650993633,1.0,16.655,10.084,"{""order"": [48, 1, 0]}",,,,,,,,,,,,,,,,,,,,,,,,,,,,,0.0509009973241999,0.1949276144291246,0.2597533347217984,0,0.0,5.954,,0.33533152424243,1.434912818117214,1.911608629177956,0,0.0,3.403,,,,,,,,,,,,,,,,,,,,,,,0.2976081796665248,1.2716773014492764,1.6987321228633483,1.0,0.034,1.034,"{""error"": ""add"", ""trend"": ""add"", ""damped_trend"": true, ""seasonal"": ""add"", ""seasonal_periods"": 24}",,,,,,,,,,,,,,,,,,,,,,,,,,,,,9.531432573744024,48.85153139752049,52.64360158988912,0,0.0,0.04,,0.154369521923735,0.5362439332319199,0.7318129984440068,1,0.018,0.433,"{""maxlags"": 24}",0.5832156519377383,2.221949083149284,2.9761498082169147,0,0.0,0.439,,0.2906130022134728,0.824372437663922,1.1783522564733502,1,0.02,0.188,"{""maxlags"": 24}",0.8849729580406995,3.2034219273683657,4.382256921757029,0,0.0,0.159,,0.3532506091917889,1.213631450454938,1.6005931154275477,1,0.625,0.473,"{""yearly_seasonality"": false, ""weekly_seasonality"": false, ""daily_seasonality"": true, ""seasonality_mode"": ""additive""}",0.3621683770637537,1.2149029882734053,1.6074177226989257,0,0.0,0.625,,0.1623058890094549,0.542798431230822,0.7405949191498705,1,0.016,0.613,"{""maxlags"": 24}",0.8829404481111285,3.083922268730381,4.244869602455196,0,0.0,0.614,
300,H301,172800.0,without_retrain,0,,,,,,,,,,,,,,,,,,,,,,,,,,,,,0.0788008211538842,0.3004642528488515,0.3916386645447159,1.0,12.702,4.466,"{""order"": [48, 1, 0]}",,,,,,,,,,,,,,,,,,,,,,0.0812384870616179,0.3279055421576928,0.4311036454070697,0,0.0,5.027,,0.1807961963192943,0.71256187183644,0.9536199176885506,0,0.0,3.216,,,,,,,,,,,,,,,,,,,,,,,,,,,,,,0.1620527780293094,0.6644137444815145,0.8777559938858538,1.0,0.035,0.318,"{""error"": ""add"", ""trend"": ""add"", ""damped_trend"": true, ""seasonal"": ""add"", ""seasonal_periods"": 24}",,,,,,,,,,,,,,,,,,,,,,8.246486494246085,37.23523428060245,43.7592381121749,0,0.0,0.036,,0.1206248887936945,0.4539731977459444,0.5994649096287731,1,0.021,0.429,"{""maxlags"": 24}",0.3831548555766152,1.6336257490590047,2.1692663109054515,0,0.0,0.417,,0.2266701460808437,0.8034769742138193,1.1075578249716025,1,0.022,0.253,"{""maxlags"": 24}",0.4466943898257844,1.5159660355796856,2.124058176749925,0,0.0,0.18,,0.199480100089806,0.705533018900573,0.9286387335692198,1,0.518,0.461,"{""yearly_seasonality"": false, ""weekly_seasonality"": false, ""daily_seasonality"": true, ""seasonality_mode"": ""additive""}",0.2026587450710021,0.7173307537536368,0.960000954123664,0,0.0,0.554,,0.149463008415594,0.5875533098294073,0.7858139394876794,1,0.017,0.683,"{""maxlags"": 24}",0.531092033340334,1.997835940861254,2.7122877505453253,0,0.0,0.636,
301,H302,172800.0,without_retrain,0,,,,,,,,,,,,,,,,,,,,,,,,,,,,,,,,,,,,0.085447159514536,0.3617873783579947,0.503258279921779,1.0,11.12,4.034,"{""order"": [48, 1, 0]}",,,,,,,,,,,,,,,0.0826265289762794,0.3663044670799713,0.5057843738822208,0,0.0,5.111,,0.1383038673714481,0.627765905820939,0.8724470092424386,0,0.0,3.914,,,,,,,,,,,,,,,,,,,,,,,,,,,,,,,,,,,,,0.2517146633289591,1.1877517899871026,1.593622249215197,1.0,0.036,0.579,"{""error"": ""add"", ""trend"": ""add"", ""damped_trend"": true, ""seasonal"": ""mul"", ""seasonal_periods"": 24}",,,,,,,,,,,,,,,9.457590813185185,51.91123153234079,58.97775910667557,0,0.0,0.032,,0.1004535167061784,0.3695259534075447,0.5201344426876289,1,0.021,0.445,"{""maxlags"": 24}",0.3619268996579463,1.6249305500053348,2.27414108150462,0,0.0,0.424,,0.1986904308785047,0.5863317746660947,0.8976540950023894,1,0.021,0.18,"{""maxlags"": 24}",0.6675186349804069,2.7405929837253447,3.994154058486289,0,0.0,0.169,,0.5349717724951089,2.299477573928252,3.1930182377706515,1,0.512,1.486,"{""yearly_seasonality"": false, ""weekly_seasonality"": false, ""daily_seasonality"": true, ""seasonality_mode"": ""multiplicative""}",0.2951439201229717,1.3849125797403854,1.8534989000128217,0,0.0,0.584,,0.1053423981148149,0.3526280535850928,0.5108753914435255,1,0.018,0.636,"{""maxlags"": 24}",0.6645317585999349,2.39592817928353,3.50063012654852,0,0.0,0.576,
302,H303,172800.0,without_retrain,0,,,,,,,,,,,,,,,,,,,,,,,,,,,,,,,,,,,,,,,,,,,0.1236129083945985,0.4472672599231511,0.7567542944365417,1.0,12.053,4.363,"{""order"": [48, 1, 0]}",,,,,,,,0.0932793031175772,0.3915491603226171,0.578309016711747,0,0.0,5.342,,0.0926085868540876,0.3766581239735043,0.6134088669067602,0,0.0,2.517,,,,,,,,,,,,,,,,,,,,,,,,,,,,,,,,,,,,,,,,,,,,0.150137555484613,0.5149289827702853,0.8915775085719223,1.0,0.042,0.54,"{""error"": ""add"", ""trend"": ""add"", ""damped_trend"": true, ""seasonal"": ""add"", ""seasonal_periods"": 24}",,,,,,,,7.457833423491864,33.91133407698542,49.297882750186425,0,0.0,0.034,,0.139681445033017,0.5220701569638311,0.8681267927492705,1,0.024,0.538,"{""maxlags"": 24}",0.3174494188572582,1.4374264874508362,2.2890056466891457,0,0.0,0.423,,0.162195509266612,0.6254441614954153,1.01853642570988,1,0.022,0.201,"{""maxlags"": 24}",0.289421265921317,1.238845298213038,2.028020631878489,0,0.0,0.144,,0.2714647641182181,0.968359424821664,1.6169146448907192,1,0.206,0.581,"{""yearly_seasonality"": false, ""weekly_seasonality"": false, ""daily_seasonality"": true, ""seasonality_mode"": ""additive""}",0.2800261890443301,0.9994951103271984,1.6678282006799794,0,0.0,0.747,,0.1412823606079113,0.5616419965286008,0.9086122229325916,1,0.022,0.668,"{""maxlags"": 24}",0.4296261905527812,1.7616129343787217,2.7828357228799567,0,0.0,0.639,
303,H304,172800.0,without_retrain,0,,,,,,,,,,,,,,,,,,,,,,,,,,,,,,,,,,,,,,,,,,,,,,,,,,0.1008301480399071,0.3801432032616958,0.4698792139686656,1.0,12.726,5.812,"{""order"": [48, 1, 0]}",0.1586826314474434,0.6036125464978513,0.7512186291340495,0,0.0,4.935,,0.1779308724433656,0.682523267086277,0.8717427283991671,0,0.0,3.301,,,,,,,,,,,,,,,,,,,,,,,,,,,,,,,,,,,,,,,,,,,,,,,,,,,0.0570025360140428,0.2135141165254681,0.2657708277314162,1.0,0.045,0.627,"{""error"": ""add"", ""trend"": ""add"", ""damped_trend"": true, ""seasonal"": ""add"", ""seasonal_periods"": 24}",9.661397022264556,48.91092165347947,50.09533509825028,0,0.0,0.041,,0.1577967923232316,0.5984750439608265,0.7499982095837882,1,0.027,0.536,"{""maxlags"": 24}",0.3071005611984232,1.2877642083878378,1.6136953654826434,0,0.0,0.39,,0.2163043856860023,0.7699810953295332,1.0034406844288273,1,0.028,0.17,"{""maxlags"": 24}",2.1433702191159134,7.351665880225217,9.329240123109871,0,0.0,0.16,,0.2221503404421548,0.8030186617579038,1.0381200185593376,1,0.992,0.749,"{""yearly_seasonality"": false, ""weekly_seasonality"": false, ""daily_seasonality"": true, ""seasonality_mode"": ""additive""}",0.2295627951518633,0.8274412028762151,1.072621172208291,0,0.0,0.739,,0.1460591352104932,0.5354070801108357,0.6789345053661403,1,0.024,0.727,"{""maxlags"": 24}",2.1969462270449034,7.602282389372596,9.66687506339744,0,0.0,0.607,
304,H305,172800.0,without_retrain,0,0.0829888323628965,0.2983175878934253,0.378813141364024,1.0,13.315,4.738,"{""order"": [48, 1, 0]}",,,,,,,,,,,,,,,,,,,,,,,,,,,,,,,,,,,,,,,,,,,,,,,,,,0.1167859143198532,0.4682597665107675,0.5875816674501585,0,0.0,6.187,,0.0743385647719634,0.2931414148744172,0.3665968900397815,0,0.0,4.04,,0.101598034265989,0.3840857367626329,0.4816209755844227,1.0,0.04,0.532,"{""error"": ""add"", ""trend"": ""add"", ""damped_trend"": true, ""seasonal"": ""mul"", ""seasonal_periods"": 24}",,,,,,,,,,,,,,,,,,,,,,,,,,,,,,,,,,,,,,,,,,,,,,,,,,12.342760301059323,64.62163471015658,63.2755178487368,0,0.0,0.038,,0.1484840167487753,0.5195035583786124,0.6622574611676776,1,0.029,0.447,"{""maxlags"": 24}",0.3296649259755845,1.3564216271030969,1.739931258910694,0,0.0,0.439,,0.182883837856856,0.60975998060743,0.8113686837800994,1,0.028,0.204,"{""maxlags"": 24}",0.860263791571017,2.707674600570636,3.5106476690424224,0,0.0,0.18,,0.4119430601122353,1.716961945851554,2.115373052451952,1,0.201,1.311,"{""yearly_seasonality"": false, ""weekly_seasonality"": false, ""daily_seasonality"": true, ""seasonality_mode"": ""multiplicative""}",0.3288093247421614,1.3602945495630276,1.6470065935736506,0,0.0,0.665,,0.1523908969110502,0.5680131159078934,0.7088963131620568,1,0.024,0.686,"{""maxlags"": 24}",0.5704106645455685,1.870245533402588,2.465423293907368,0,0.0,0.642,
305,H306,172800.0,without_retrain,0,,,,,,,,0.0588845533609882,0.2120831462539022,0.247320343907976,1.0,14.619,4.966,"{""order"": [48, 1, 0]}",,,,,,,,,,,,,,,,,,,,,,,,,,,,,,,,,,,,,,,,,,,0.1276962562300581,0.5215804987008331,0.6050101193288087,0,0.0,5.358,,0.178497643478326,0.7274932605493182,0.8631170611537105,0,0.0,2.289,,,,,,,,,0.1097055749860196,0.4039504244452696,0.4776443601580191,1.0,0.038,0.543,"{""error"": ""add"", ""trend"": ""add"", ""damped_trend"": true, ""seasonal"": ""add"", ""seasonal_periods"": 24}",,,,,,,,,,,,,,,,,,,,,,,,,,,,,,,,,,,,,,,,,,,17.420605675792913,110.5453179951104,80.83729083058849,0,0.0,0.032,,0.191291717896421,0.723310280331459,0.8408276615962217,1,0.028,0.432,"{""maxlags"": 24}",0.4308183645887817,1.677505916045207,1.942001611292735,0,0.0,0.403,,0.259918582004338,0.9398792497098198,1.1447540421908484,1,0.025,0.184,"{""maxlags"": 24}",4.08180453437443,12.19871708137864,14.79057683564809,0,0.0,0.185,,0.2187265615917033,0.8545842925321226,0.9851003134247456,1,1.018,0.518,"{""yearly_seasonality"": false, ""weekly_seasonality"": false, ""daily_seasonality"": true, ""seasonality_mode"": ""additive""}",0.1851934801012495,0.7052107899450588,0.8106282853919261,0,0.0,0.677,,0.1757817760076203,0.6502132270437398,0.776929580333711,1,0.021,0.651,"{""maxlags"": 24}",4.376660271733411,12.852014254862263,15.686755021260888,0,0.0,0.596,
306,H307,172800.0,without_retrain,0,,,,,,,,,,,,,,,0.1256914856017664,0.5265529574793755,0.6253112773547849,1.0,12.792,4.276,"{""order"": [48, 1, 0]}",,,,,,,,,,,,,,,,,,,,,,,,,,,,,,,,,,,,0.1180667112820977,0.4756984192789034,0.5710825910562359,0,0.0,6.871,,0.2056693738670186,0.8905502192391671,1.0631212206790432,0,0.0,3.729,,,,,,,,,,,,,,,,0.0827507063559261,0.3163751574328548,0.3604006504948787,1.0,0.044,0.971,"{""error"": ""add"", ""trend"": ""add"", ""damped_trend"": true, ""seasonal"": ""add"", ""seasonal_periods"": 24}",,,,,,,,,,,,,,,,,,,,,,,,,,,,,,,,,,,,10.140116443714598,48.03347302578717,48.668620038590326,0,0.0,0.213,,0.1582454713865224,0.5148229973039715,0.6405134875659814,1,0.027,0.463,"{""maxlags"": 24}",0.4192377041682099,1.5557163254476756,1.9304864185531865,0,0.0,0.43,,0.2338794029794964,0.7415565166877583,0.9734021011630036,1,0.026,0.192,"{""maxlags"": 24}",1.4424694270814138,4.955596301393551,6.19437295581373,0,0.0,0.166,,0.2060695306545018,0.7972574156668131,0.9167062653428768,1,0.673,0.688,"{""yearly_seasonality"": false, ""weekly_seasonality"": false, ""daily_seasonality"": true, ""seasonality_mode"": ""additive""}",0.2724201433796981,1.1438817077838503,1.3197138719919392,0,0.0,0.561,,0.1560433863890567,0.5283161030812088,0.6717755278433324,1,0.021,0.639,"{""maxlags"": 24}",1.382319937367945,4.067418830447853,5.0247050413019645,0,0.0,0.671,
307,H308,172800.0,without_retrain,0,,,,,,,,,,,,,,,,,,,,,,0.0634931892377367,0.2302284143127593,0.2953327389357303,1.0,11.97,4.3,"{""order"": [48, 1, 0]}",,,,,,,,,,,,,,,,,,,,,,,,,,,,,0.1081315237696237,0.408713786122772,0.554108031588933,0,0.0,5.125,,0.0842609728844961,0.3008961660674229,0.3928242070767084,0,0.0,2.588,,,,,,,,,,,,,,,,,,,,,,,0.2244596796645109,0.8431960213190712,1.145839697553095,1.0,0.034,0.472,"{""error"": ""add"", ""trend"": ""add"", ""damped_trend"": true, ""seasonal"": ""add"", ""seasonal_periods"": 24}",,,,,,,,,,,,,,,,,,,,,,,,,,,,,20.72535859581456,136.0045214708962,109.39480346885787,0,0.0,0.033,,0.2159902437943344,0.7714521706847569,1.0267596149066451,1,0.02,0.472,"{""maxlags"": 24}",0.7544214155946458,2.7235029663134576,3.575822635346442,0,0.0,0.427,,0.3519426620013717,1.086139684344141,1.4803212594883284,1,0.019,0.196,"{""maxlags"": 24}",2.1781951673729814,7.301293305392122,9.298409008226034,0,0.0,0.179,,0.2253275015226063,0.8371411681986141,1.1161246309119497,1,0.195,1.137,"{""yearly_seasonality"": false, ""weekly_seasonality"": false, ""daily_seasonality"": true, ""seasonality_mode"": ""additive""}",0.2294849550217563,0.845606902368759,1.1298879742671124,0,0.0,0.656,,0.2337278701998212,0.7904889673102188,1.0537881836700251,1,0.015,0.651,"{""maxlags"": 24}",3.517848545780302,10.286256053061834,13.731597746129916,0,0.0,0.605,
308,H309,172800.0,without_retrain,0,,,,,,,,,,,,,,,,,,,,,,,,,,,,,0.0948283534792256,0.3690129699849644,0.4402546817152717,1.0,11.056,4.022,"{""order"": [48, 1, 0]}",,,,,,,,,,,,,,,,,,,,,,0.124609309170664,0.4709949385708218,0.5756492471935429,0,0.0,4.954,,0.1224730996345184,0.4719634049597125,0.5683226219952952,0,0.0,3.516,,,,,,,,,,,,,,,,,,,,,,,,,,,,,,0.0740197971138939,0.2715013645417671,0.3403768755949694,1.0,0.039,0.504,"{""error"": ""add"", ""trend"": ""add"", ""damped_trend"": true, ""seasonal"": ""add"", ""seasonal_periods"": 24}",,,,,,,,,,,,,,,,,,,,,,14.24459654859601,80.52397378544471,70.90240552836848,0,0.0,0.033,,0.181360398296612,0.5784895612910022,0.714132101543813,1,0.027,0.465,"{""maxlags"": 24}",0.4357516643718269,1.7418594591407963,2.1490966703428374,0,0.0,0.426,,0.204357433357694,0.6098579963351092,0.8114937162556194,1,0.025,0.174,"{""maxlags"": 24}",2.281018068018059,7.43795329415673,9.38099045139269,0,0.0,0.161,,0.159040129380015,0.5953694263177177,0.7025769697331036,1,0.79,0.495,"{""yearly_seasonality"": false, ""weekly_seasonality"": false, ""daily_seasonality"": true, ""seasonality_mode"": ""additive""}",0.2206719848401787,0.851468846235743,1.005807288994956,0,0.0,0.86,,0.1667883354303772,0.5878659940649213,0.7340389667633359,1,0.024,0.631,"{""maxlags"": 24}",1.7332346724361634,5.195678194415244,6.476751258635267,0,0.0,0.64,
309,H310,172800.0,without_retrain,0,,,,,,,,,,,,,,,,,,,,,,,,,,,,,,,,,,,,0.0702763301881123,0.2543940458116135,0.3172324678352048,1.0,13.336,4.322,"{""order"": [48, 1, 0]}",,,,,,,,,,,,,,,0.075708129993834,0.2876329135215506,0.3631457727891365,0,0.0,4.653,,0.1180307072694154,0.4386878262457798,0.5560534374911209,0,0.0,2.553,,,,,,,,,,,,,,,,,,,,,,,,,,,,,,,,,,,,,0.1438218610327446,0.5542530873828243,0.6907649646165117,1.0,0.035,0.541,"{""error"": ""add"", ""trend"": ""add"", ""damped_trend"": true, ""seasonal"": ""mul"", ""seasonal_periods"": 24}",,,,,,,,,,,,,,,11.993398735940705,63.44257062601057,60.94907968584665,0,0.0,0.031,,0.1543053567508368,0.557592531756356,0.6954106056868179,1,0.021,0.474,"{""maxlags"": 24}",0.3895117053493889,1.5809592498182363,1.9925983308121136,0,0.0,0.442,,0.193199366372936,0.599482680444361,0.8091917121919137,1,0.019,0.184,"{""maxlags"": 24}",0.4941847027110588,1.7202227639684535,2.1996302074038407,0,0.0,0.169,,0.4997118702634026,2.113583527815834,2.5630724683263835,1,0.719,0.873,"{""yearly_seasonality"": false, ""weekly_seasonality"": false, ""daily_seasonality"": true, ""seasonality_mode"": ""multiplicative""}",0.2692274740947233,1.0908267780347016,1.2421860880189206,0,0.0,0.715,,0.1645990762252509,0.6076803845143408,0.7652900432531679,1,0.019,0.663,"{""maxlags"": 24}",0.673172578518442,2.060528349985448,2.6423352060421585,0,0.0,0.648,
310,H311,172800.0,without_retrain,0,,,,,,,,,,,,,,,,,,,,,,,,,,,,,,,,,,,,,,,,,,,0.0545875272425098,0.1983652496862724,0.2258290925422938,1.0,11.979,3.989,"{""order"": [48, 1, 0]}",,,,,,,,0.1679060160776851,0.7079794960327117,0.834337939979002,0,0.0,4.807,,0.063975577500992,0.2369442561470805,0.2741537449317978,0,0.0,2.676,,,,,,,,,,,,,,,,,,,,,,,,,,,,,,,,,,,,,,,,,,,,0.1363840216895403,0.5861248226929424,0.659399859487639,1.0,0.036,0.51,"{""error"": ""add"", ""trend"": ""add"", ""damped_trend"": true, ""seasonal"": ""add"", ""seasonal_periods"": 24}",,,,,,,,8.939393660724825,51.20449631106734,45.874460427977134,0,0.0,0.031,,0.1357266111346091,0.5532160842876861,0.6387168210628177,1,0.021,0.471,"{""maxlags"": 24}",0.3013889431701833,1.2493647926608682,1.3990258501820785,0,0.0,0.389,,0.1494085659377497,0.5686402074369226,0.6797030428174153,1,0.021,0.202,"{""maxlags"": 24}",1.1769174995749982,4.391317630381658,5.026174241017206,0,0.0,0.158,,0.298666653463084,1.4351642220827665,1.6410006256420502,1,0.198,0.75,"{""yearly_seasonality"": false, ""weekly_seasonality"": false, ""daily_seasonality"": true, ""seasonality_mode"": ""additive""}",0.3028155247681949,1.4340438804337368,1.6439070759066148,0,0.0,0.573,,0.1621952431387387,0.6076025784580749,0.723112693751256,1,0.019,0.614,"{""maxlags"": 24}",1.9075454480015848,6.924253460288604,8.055073879543594,0,0.0,0.618,
311,H312,172800.0,without_retrain,0,,,,,,,,,,,,,,,,,,,,,,,,,,,,,,,,,,,,,,,,,,,,,,,,,,0.2406285921695438,1.0089018835058212,1.2083705329315158,1.0,12.983,5.402,"{""order"": [48, 1, 0]}",0.0714856275137554,0.2526042796021209,0.2859322135508254,0,0.0,5.018,,0.2490889566387889,0.9825633718400792,1.2288574448799727,0,0.0,3.46,,,,,,,,,,,,,,,,,,,,,,,,,,,,,,,,,,,,,,,,,,,,,,,,,,,0.3180767553482207,1.2967498044351724,1.6218538587819145,1.0,0.039,1.302,"{""error"": ""add"", ""trend"": ""add"", ""damped_trend"": true, ""seasonal"": ""mul"", ""seasonal_periods"": 24}",11.812638983908748,53.75368847295158,55.297694318923824,0,0.0,0.031,,0.1527490732109706,0.4436421450337904,0.606719658069453,1,0.024,0.46,"{""maxlags"": 24}",0.3820464539478908,1.5789931980024452,1.950097020077472,0,0.0,0.439,,0.1956572151854056,0.4910450901577802,0.685151367225433,1,0.023,0.202,"{""maxlags"": 24}",0.7429099163024471,2.262908903914412,2.8945129296393115,0,0.0,0.187,,0.4282741523273233,1.5644795125208997,1.91837376774611,1,0.761,0.818,"{""yearly_seasonality"": false, ""weekly_seasonality"": false, ""daily_seasonality"": true, ""seasonality_mode"": ""multiplicative""}",0.5356240348801272,2.2018566918889566,2.4984585538426454,0,0.0,0.592,,0.149597082916591,0.4675053629356675,0.5985167887608139,1,0.018,0.633,"{""maxlags"": 24}",0.8806863372161255,2.9623060100116767,3.75461916017711,0,0.0,0.656,
312,H313,172800.0,without_retrain,0,0.0697865068088485,0.2500664146309201,0.3248225297509309,1.0,14.707,5.592,"{""order"": [48, 1, 0]}",,,,,,,,,,,,,,,,,,,,,,,,,,,,,,,,,,,,,,,,,,,,,,,,,,0.1956020992453848,0.6458431659651992,1.0629364883145775,0,0.0,5.715,,0.1235130016831608,0.4582771082258647,0.7172448419067162,0,0.0,3.05,,0.2089614471575407,0.7381746732969724,1.2203702272549768,1.0,0.037,0.628,"{""error"": ""add"", ""trend"": ""add"", ""damped_trend"": true, ""seasonal"": ""mul"", ""seasonal_periods"": 24}",,,,,,,,,,,,,,,,,,,,,,,,,,,,,,,,,,,,,,,,,,,,,,,,,,29.40446463727313,152.06126921028633,167.87037320894262,0,0.0,0.032,,0.1135975088867193,0.3822557875902265,0.5318068771730632,1,0.023,0.431,"{""maxlags"": 24}",0.1850644551191662,0.7265163142668288,0.999867347857731,0,0.0,0.439,,0.1045266293973783,0.3098752022043403,0.459960484760095,1,0.021,0.202,"{""maxlags"": 24}",1.4335870298742144,4.506389155438218,6.408977281516052,0,0.0,0.179,,0.4680193364383325,1.9127319886459535,2.658710425288499,1,0.206,1.496,"{""yearly_seasonality"": false, ""weekly_seasonality"": false, ""daily_seasonality"": true, ""seasonality_mode"": ""multiplicative""}",0.4188177289320213,1.595684856317248,2.166677999983122,0,0.0,0.688,,0.1146898626565408,0.346710739812443,0.482701175154473,1,0.018,0.645,"{""maxlags"": 24}",4.503994143028688,13.448369915550108,20.449511102930696,0,0.0,0.642,
313,H314,172800.0,without_retrain,0,,,,,,,,0.0710169161563926,0.2714726943532111,0.5165594306812623,1.0,12.947,4.764,"{""order"": [48, 1, 0]}",,,,,,,,,,,,,,,,,,,,,,,,,,,,,,,,,,,,,,,,,,,0.121935540876998,0.4796192892775175,0.8738526180815773,0,0.0,5.22,,0.1452624555984642,0.4871376513676927,1.0294668340795157,0,0.0,2.984,,,,,,,,,0.1334943775785334,0.4779832223348578,0.992184973189048,1.0,0.036,0.632,"{""error"": ""add"", ""trend"": ""add"", ""damped_trend"": true, ""seasonal"": ""mul"", ""seasonal_periods"": 24}",,,,,,,,,,,,,,,,,,,,,,,,,,,,,,,,,,,,,,,,,,,13.582262420130665,65.7448312992337,102.81436582186096,0,0.0,0.041,,0.1166032427919309,0.3954604020369223,0.7889484428014856,1,0.021,0.47,"{""maxlags"": 24}",0.2128173132260207,0.7551541898607926,1.5456705915808735,0,0.0,0.441,,0.1167379802490374,0.3960014383862569,0.7880422588918258,1,0.021,0.213,"{""maxlags"": 24}",0.2130389128743434,0.7121670304545592,1.4316218077196716,0,0.0,0.177,,0.4882294807053581,2.070323348824895,3.289657742850434,1,0.557,0.409,"{""yearly_seasonality"": false, ""weekly_seasonality"": false, ""daily_seasonality"": true, ""seasonality_mode"": ""multiplicative""}",0.4483919547945956,1.6564777362944707,2.888763282214964,0,0.0,0.577,,0.1168236087911904,0.3938061667838632,0.7963984837187543,1,0.02,0.558,"{""maxlags"": 24}",0.1945181132180286,0.6160018946657366,1.2601707012069083,0,0.0,0.624,
314,H315,172800.0,without_retrain,0,,,,,,,,,,,,,,,0.0633977716466237,0.3563421836982012,1.4039901402871682,1.0,21.11,5.871,"{""order"": [48, 1, 0]}",,,,,,,,,,,,,,,,,,,,,,,,,,,,,,,,,,,,0.0645630846520624,0.3642633438907414,1.4540713692369371,0,0.0,4.771,,0.0901534506723073,0.5414947579319692,2.0812896945842048,0,0.0,2.638,,,,,,,,,,,,,,,,0.0875584643502971,0.5247008988517113,2.0697466027020126,1.0,0.038,0.646,"{""error"": ""add"", ""trend"": ""add"", ""damped_trend"": true, ""seasonal"": ""add"", ""seasonal_periods"": 24}",,,,,,,,,,,,,,,,,,,,,,,,,,,,,,,,,,,,10.662246825892518,106.37935468910187,269.3727834615948,0,0.0,0.071,,0.0628596330951097,0.365462371467677,1.4509990915610758,1,0.019,0.409,"{""maxlags"": 24}",0.1251344664340478,0.7531201528654873,2.8142357711843755,0,0.0,0.38,,0.0914846260652966,0.431377774988966,1.7289344965704132,1,0.023,0.202,"{""maxlags"": 24}",0.3962214597841259,1.3072110519982458,5.179930821302758,0,0.0,0.162,,0.2973910822934484,1.7917760667481517,7.3596828688932945,1,1.093,0.89,"{""yearly_seasonality"": false, ""weekly_seasonality"": false, ""daily_seasonality"": true, ""seasonality_mode"": ""additive""}",0.2983075102668452,1.8141842663123025,7.402556350490151,0,0.0,0.513,,0.0964974258697393,0.4469232935390308,1.8152091078811912,1,0.022,0.502,"{""maxlags"": 24}",0.2977260826877826,1.2288212766396536,4.874847771606874,0,0.0,0.519,
315,H316,172800.0,without_retrain,0,,,,,,,,,,,,,,,,,,,,,,0.2179093861454265,0.6857697961298347,1.5461921578900648,1.0,12.377,4.489,"{""order"": [48, 1, 0]}",,,,,,,,,,,,,,,,,,,,,,,,,,,,,0.3505643775073301,1.1795753813459997,2.6108499846407245,0,0.0,4.603,,0.1838316474237375,0.6566248448737292,1.403829724422808,0,0.0,5.567,,,,,,,,,,,,,,,,,,,,,,,0.2115587331011841,0.7163771335369779,1.5557759052451017,1.0,0.04,0.617,"{""error"": ""add"", ""trend"": ""add"", ""damped_trend"": true, ""seasonal"": ""mul"", ""seasonal_periods"": 24}",,,,,,,,,,,,,,,,,,,,,,,,,,,,,22.65963992042367,153.14746556862687,192.34241015738775,0,0.0,0.034,,0.281822927566218,1.0295476138029094,2.1988415634138927,1,0.027,0.455,"{""maxlags"": 24}",0.2684498552302066,1.0108040860371128,2.0873207035659496,0,0.0,0.413,,0.2645899565217168,0.9681246769573946,2.059549081058917,1,0.027,0.215,"{""maxlags"": 24}",0.2824814765293058,1.0969987524230926,2.230098585321165,0,0.0,0.168,,0.4233968093357095,1.9617292053148272,3.433134268240631,1,0.206,0.614,"{""yearly_seasonality"": false, ""weekly_seasonality"": false, ""daily_seasonality"": true, ""seasonality_mode"": ""multiplicative""}",0.4947167182819885,2.0103667899773177,3.413723470380976,0,0.0,0.592,,0.2644380003023847,0.9513982610892038,2.0401299998842384,1,0.022,0.633,"{""maxlags"": 24}",0.2654238651516785,0.9810418472000796,2.0724611070494663,0,0.0,0.607,
316,H317,172800.0,without_retrain,0,,,,,,,,,,,,,,,,,,,,,,,,,,,,,0.098760647652019,0.3405612110988332,0.4368201044484645,1.0,11.525,4.407,"{""order"": [48, 1, 0]}",,,,,,,,,,,,,,,,,,,,,,0.0954923080895634,0.3465418097642599,0.432569432570464,0,0.0,5.342,,0.062207874864546,0.2234538134385874,0.2653086278736571,0,0.0,4.101,,,,,,,,,,,,,,,,,,,,,,,,,,,,,,0.2717277690134305,0.8318596248860933,1.155386592490128,1.0,0.037,0.542,"{""error"": ""add"", ""trend"": ""add"", ""damped_trend"": true, ""seasonal"": ""mul"", ""seasonal_periods"": 24}",,,,,,,,,,,,,,,,,,,,,,9.33136062980492,35.294811062991506,40.73140087205703,0,0.0,0.032,,0.1655616202168794,0.4942692309010397,0.6329315415687393,1,0.02,0.454,"{""maxlags"": 24}",0.690767035576613,2.1843588006972525,2.8616391166441595,0,0.0,0.416,,0.3000754816131301,0.7604705036737002,1.0803718893095895,1,0.025,0.198,"{""maxlags"": 24}",1.379440365206183,3.589721314174248,4.60597845072184,0,0.0,0.164,,0.5508713133281118,2.135147330363101,2.4832844667565053,1,1.022,0.501,"{""yearly_seasonality"": false, ""weekly_seasonality"": false, ""daily_seasonality"": true, ""seasonality_mode"": ""multiplicative""}",0.4565560044399258,1.6486937171520477,1.967655239186513,0,0.0,0.782,,0.1597725777728563,0.4544066617746125,0.5820725860104295,1,0.02,0.623,"{""maxlags"": 24}",1.6437965421244756,4.36011763527917,5.672918572183275,0,0.0,0.636,
317,H318,172800.0,without_retrain,0,,,,,,,,,,,,,,,,,,,,,,,,,,,,,,,,,,,,0.0412380836737013,0.16531688247419,0.247744177423991,1.0,12.768,5.245,"{""order"": [48, 1, 0]}",,,,,,,,,,,,,,,0.0739734701388152,0.3014358485941545,0.4724051975079362,0,0.0,4.776,,0.0866858695459894,0.3684841144884962,0.5470211392373233,0,0.0,3.021,,,,,,,,,,,,,,,,,,,,,,,,,,,,,,,,,,,,,0.13529797809629,0.5796528178439188,0.876875870683326,1.0,0.045,0.584,"{""error"": ""add"", ""trend"": ""add"", ""damped_trend"": true, ""seasonal"": ""add"", ""seasonal_periods"": 24}",,,,,,,,,,,,,,,18.88731776289402,130.8950714322073,125.58094359944842,0,0.0,0.037,,0.1079799159748762,0.397548060959662,0.627075692679581,1,0.022,0.444,"{""maxlags"": 24}",0.3290038579552262,1.4969847760069734,2.278415767564471,0,0.0,0.386,,0.1277923115854328,0.426527401657523,0.7025936437103159,1,0.024,0.175,"{""maxlags"": 24}",0.8865098330240235,2.919346312808443,4.553766412801115,0,0.0,0.16,,0.2309528886810841,0.8034203376422573,1.3191831358956,1,0.203,1.115,"{""yearly_seasonality"": false, ""weekly_seasonality"": false, ""daily_seasonality"": true, ""seasonality_mode"": ""additive""}",0.2328209619794799,0.8129330816278929,1.3344356895499945,0,0.0,0.646,,0.1250289577326399,0.4855640005350324,0.7502064045817068,1,0.019,0.654,"{""maxlags"": 24}",0.8734824574547914,3.0045846583242457,4.698585532128356,0,0.0,0.647,
318,H319,172800.0,without_retrain,0,,,,,,,,,,,,,,,,,,,,,,,,,,,,,,,,,,,,,,,,,,,0.107516641627235,0.4012682080884111,0.6053361909313136,1.0,11.872,5.267,"{""order"": [48, 1, 0]}",,,,,,,,0.0539522502313081,0.2268744470138617,0.3315823620620214,0,0.0,4.547,,0.4937719598086873,2.049634821361213,3.117651540410428,0,0.0,3.909,,,,,,,,,,,,,,,,,,,,,,,,,,,,,,,,,,,,,,,,,,,,0.3048696378240494,1.3288432479084078,2.0151691450603857,1.0,0.038,0.498,"{""error"": ""add"", ""trend"": ""add"", ""damped_trend"": true, ""seasonal"": ""mul"", ""seasonal_periods"": 24}",,,,,,,,11.464989833439926,59.1284904245585,71.53836958720743,0,0.0,0.032,,0.1288682170466634,0.5023617153917942,0.7509698502981127,1,0.019,0.408,"{""maxlags"": 24}",0.3909125885157332,1.6362693980929544,2.503105704384069,0,0.0,0.443,,0.1916937809952357,0.5729174837412717,0.9363172307398484,1,0.023,0.183,"{""maxlags"": 24}",0.6798880903709364,2.1471645606877714,3.4195693320647584,0,0.0,0.168,,0.7236674502937626,3.146384774259572,4.433656252413566,1,0.593,0.434,"{""yearly_seasonality"": false, ""weekly_seasonality"": false, ""daily_seasonality"": true, ""seasonality_mode"": ""multiplicative""}",0.3228304489559966,1.352418842418763,1.9629174315055016,0,0.0,0.438,,0.1281757316178037,0.4875054985809532,0.7259115575171652,1,0.019,0.652,"{""maxlags"": 24}",0.8300943115261579,2.7078528369751083,4.2880226229534015,0,0.0,0.61,
319,H320,172800.0,without_retrain,0,,,,,,,,,,,,,,,,,,,,,,,,,,,,,,,,,,,,,,,,,,,,,,,,,,0.0652633122740202,0.2684729460016162,0.4423001565755785,1.0,12.437,4.662,"{""order"": [48, 1, 0]}",0.0922203179136274,0.3685429701844581,0.6476078745193,0,0.0,4.405,,0.8176844940102236,3.2159815402764784,6.055588611571849,0,0.0,3.825,,,,,,,,,,,,,,,,,,,,,,,,,,,,,,,,,,,,,,,,,,,,,,,,,,,0.111820014572591,0.4923397249150079,0.7855079110106037,1.0,0.036,0.68,"{""error"": ""add"", ""trend"": ""add"", ""damped_trend"": true, ""seasonal"": ""mul"", ""seasonal_periods"": 24}",21.744337483252465,143.62246038009044,166.71342059999327,0,0.0,0.038,,0.1243835759862025,0.5154274063482776,0.8868053092812547,1,0.022,0.459,"{""maxlags"": 24}",0.2423042887404047,0.9396301607790172,1.7095955107886909,0,0.0,0.423,,0.1276211318508711,0.4556373461900806,0.8198782036209181,1,0.022,0.266,"{""maxlags"": 24}",1.248555341950122,4.790034881250957,7.801780303313477,0,0.0,0.161,,0.41042495754889,1.850932340984374,2.940588817023804,1,0.285,0.79,"{""yearly_seasonality"": false, ""weekly_seasonality"": false, ""daily_seasonality"": true, ""seasonality_mode"": ""multiplicative""}",0.3109171719719369,1.4273675860926165,2.225956524408788,0,0.0,0.791,,0.1258696157072044,0.5353748358279424,0.906958575843272,1,0.017,0.607,"{""maxlags"": 24}",1.4837977211525115,5.739558007069486,9.722717892362049,0,0.0,0.616,
320,H321,172800.0,without_retrain,0,0.0609748672351264,0.2322312194584627,1.8765654345456948,1.0,21.508,4.162,"{""order"": [48, 1, 0]}",,,,,,,,,,,,,,,,,,,,,,,,,,,,,,,,,,,,,,,,,,,,,,,,,,0.0973900378654675,0.3900497054783048,3.110094650103095,0,0.0,4.366,,0.0526404559358964,0.2124368370162523,1.6953147610955994,0,0.0,2.39,,0.0741080229610322,0.2989365249381374,2.359180016928257,1.0,0.043,0.46,"{""error"": ""add"", ""trend"": ""add"", ""damped_trend"": true, ""seasonal"": ""add"", ""seasonal_periods"": 24}",,,,,,,,,,,,,,,,,,,,,,,,,,,,,,,,,,,,,,,,,,,,,,,,,,3.457543533006889,13.62398600497671,105.53928423283486,0,0.0,0.031,,0.1217813866022544,0.5145810560140842,4.079539992520613,1,0.032,0.409,"{""maxlags"": 24}",0.1125427420278305,0.4489553138025248,3.586728241505868,0,0.0,0.434,,0.1193911272767572,0.4908998973949707,3.865721032233847,1,0.031,0.206,"{""maxlags"": 24}",0.1316075587506446,0.5432868391919065,4.328873191287826,0,0.0,0.162,,0.1920572862396788,0.7743903491486407,6.209176136825348,1,0.892,0.431,"{""yearly_seasonality"": false, ""weekly_seasonality"": false, ""daily_seasonality"": true, ""seasonality_mode"": ""additive""}",0.1966353796223151,0.7953346581096845,6.380342306459775,0,0.0,0.822,,0.1250856840961461,0.5229664175450313,4.15192670623762,1,0.028,0.427,"{""maxlags"": 24}",0.1241438099030255,0.5037723151526198,4.022281788932994,0,0.0,0.544,
321,H322,172800.0,without_retrain,0,,,,,,,,0.0751597255953501,0.2843892663190408,0.3948016791630741,1.0,12.746,4.444,"{""order"": [48, 1, 0]}",,,,,,,,,,,,,,,,,,,,,,,,,,,,,,,,,,,,,,,,,,,0.1123326086647541,0.3945126170388684,0.5412992882418438,0,0.0,4.457,,0.118838404806893,0.4324912657356887,0.6358057673040856,0,0.0,4.61,,,,,,,,,0.0809143452054237,0.2834202974996754,0.4025471445647596,1.0,0.038,0.572,"{""error"": ""add"", ""trend"": ""add"", ""damped_trend"": true, ""seasonal"": ""mul"", ""seasonal_periods"": 24}",,,,,,,,,,,,,,,,,,,,,,,,,,,,,,,,,,,,,,,,,,,17.076025259560215,106.19229843893328,97.3063320225067,0,0.0,0.048,,0.1737450055258847,0.6143928827815034,0.874369262441585,1,0.024,0.467,"{""maxlags"": 24}",0.3421211628621406,1.36499732564884,1.949466249028055,0,0.0,0.474,,0.2092169574245753,0.6155437705126127,0.928189725789497,1,0.025,0.199,"{""maxlags"": 24}",0.6844126361293645,2.1052755897603603,3.0845974298461183,0,0.0,0.188,,0.3053851529633836,1.268450668193097,1.6599889840684665,1,0.197,0.876,"{""yearly_seasonality"": false, ""weekly_seasonality"": false, ""daily_seasonality"": true, ""seasonality_mode"": ""multiplicative""}",0.5786406905742165,2.546177327098325,3.2731609289652908,0,0.0,0.511,,0.1554089081971267,0.5483915241506665,0.7859993775615894,1,0.022,0.605,"{""maxlags"": 24}",0.7963913488770848,2.3488877633763128,3.288695368059848,0,0.0,0.672,
322,H323,172800.0,without_retrain,0,,,,,,,,,,,,,,,0.0602755970758209,0.2171511537351294,0.2806923398927991,1.0,11.434,3.884,"{""order"": [48, 1, 0]}",,,,,,,,,,,,,,,,,,,,,,,,,,,,,,,,,,,,0.0628132207071967,0.226728197218751,0.290153291705794,0,0.0,4.693,,0.2061151207778102,0.8346487287086344,1.0779759726001257,0,0.0,2.937,,,,,,,,,,,,,,,,0.2061151207778102,0.8346487287086344,1.0779759726001257,1.0,0.044,0.547,"{""error"": ""add"", ""trend"": ""add"", ""damped_trend"": true, ""seasonal"": ""add"", ""seasonal_periods"": 24}",,,,,,,,,,,,,,,,,,,,,,,,,,,,,,,,,,,,12.62063579159926,70.92629441976293,67.19308747863057,0,0.0,0.074,,0.1231445789712588,0.4266364617212619,0.5618204652716011,1,0.023,0.446,"{""maxlags"": 24}",0.5105849662616206,2.1659387006394826,2.748123068984706,0,0.0,0.48,,0.22486850477912,0.6774118531959316,0.9374819362349264,1,0.026,0.188,"{""maxlags"": 24}",0.617169056503428,2.242709292330465,2.8670951622901413,0,0.0,0.176,,0.1905792202662919,0.708057913933747,0.9113429352041266,1,0.49,0.459,"{""yearly_seasonality"": false, ""weekly_seasonality"": false, ""daily_seasonality"": true, ""seasonality_mode"": ""additive""}",0.1907496472742438,0.7176436228461253,0.9192067674212728,0,0.0,0.629,,0.1344938402573231,0.4460118235080659,0.5924674587133864,1,0.024,0.62,"{""maxlags"": 24}",1.2374871143843205,4.00380924664512,5.136270784441758,0,0.0,0.671,
323,H324,172800.0,without_retrain,0,,,,,,,,,,,,,,,,,,,,,,0.0482394410563011,0.2006380393805592,0.2974412363157843,1.0,16.222,4.121,"{""order"": [48, 1, 0]}",,,,,,,,,,,,,,,,,,,,,,,,,,,,,0.1092367678255411,0.4158921504902331,0.6221725920539457,0,0.0,4.508,,0.0774682778795397,0.3257103873174851,0.4987248616685655,0,0.0,2.792,,,,,,,,,,,,,,,,,,,,,,,0.0646106195009678,0.2698307668145296,0.4120261188661393,1.0,0.035,0.585,"{""error"": ""add"", ""trend"": ""add"", ""damped_trend"": true, ""seasonal"": ""add"", ""seasonal_periods"": 24}",,,,,,,,,,,,,,,,,,,,,,,,,,,,,15.471550113238967,104.30849007996892,103.20757532883944,0,0.0,0.045,,0.1079312957764924,0.422594377596055,0.6416790916404084,1,0.021,0.463,"{""maxlags"": 24}",0.2751202608416216,1.2496026784589755,1.9195652455666583,0,0.0,0.47,,0.1291167673507253,0.4248939405124501,0.699142461564145,1,0.02,0.18,"{""maxlags"": 24}",0.4233061981935444,1.6175035706573035,2.53097883415356,0,0.0,0.181,,0.147274047809887,0.6099114895297778,0.9188886123158057,1,0.751,1.099,"{""yearly_seasonality"": false, ""weekly_seasonality"": false, ""daily_seasonality"": true, ""seasonality_mode"": ""additive""}",0.1832354339719628,0.7557018234021026,1.166877508007849,0,0.0,0.771,,0.1218185198978044,0.4969960718792256,0.7597708085703146,1,0.017,0.639,"{""maxlags"": 24}",0.3078971653961859,1.2782726532682258,1.9644281013597809,0,0.0,0.672,
324,H325,172800.0,without_retrain,0,,,,,,,,,,,,,,,,,,,,,,,,,,,,,0.0869187320978011,0.375546519815348,0.0789153427831293,1.0,10.571,3.673,"{""order"": [46, 1, 0]}",,,,,,,,,,,,,,,,,,,,,,0.1406810496132975,0.5701190069340992,0.1182336595347988,0,0.0,4.278,,0.1087004459299375,0.4627808433345795,0.098244326923687,0,0.0,3.135,,,,,,,,,,,,,,,,,,,,,,,,,,,,,,0.0643542805364698,0.2682076288150161,0.0595605814785053,1.0,0.036,0.639,"{""error"": ""add"", ""trend"": ""add"", ""damped_trend"": true, ""seasonal"": ""add"", ""seasonal_periods"": 23}",,,,,,,,,,,,,,,,,,,,,,5.817194502433242,23.82638853029003,5.246468915081697,0,0.0,0.04,,0.1706356831181279,0.6442547484257742,0.1395431414829335,1,0.02,0.442,"{""maxlags"": 23}",0.2642105439129275,1.140371560832128,0.2641815404156894,0,0.0,0.39,,0.1945643983045952,0.8001596485449373,0.1802200944610673,1,0.023,0.19,"{""maxlags"": 23}",0.8588543586912739,3.120999271215941,0.7050944644536196,0,0.0,0.156,,4.226936212725255,18.64400880958782,4.268594672314534,1,0.196,1.462,"{""yearly_seasonality"": false, ""weekly_seasonality"": false, ""daily_seasonality"": true, ""seasonality_mode"": ""additive""}",4.270855443513043,18.7934584769695,4.306096389641078,0,0.0,0.791,,0.1628261097728051,0.6532137414394042,0.1441951938986516,1,0.025,0.615,"{""maxlags"": 23}",1.405480298983789,4.6141156147093865,1.0371308130707422,0,0.0,0.609,
325,H326,172800.0,without_retrain,0,,,,,,,,,,,,,,,,,,,,,,,,,,,,,,,,,,,,0.0644770848028583,0.295649047857643,0.5491231439972537,1.0,17.879,9.141,"{""order"": [48, 1, 0]}",,,,,,,,,,,,,,,0.0924539215942466,0.4228839505372163,0.7751617365427088,0,0.0,4.509,,0.0830394029308147,0.3443744725112999,0.6439077071526643,0,0.0,3.241,,,,,,,,,,,,,,,,,,,,,,,,,,,,,,,,,,,,,0.0830394029308147,0.3443744725112999,0.6439077071526643,1.0,0.041,0.766,"{""error"": ""add"", ""trend"": ""add"", ""damped_trend"": true, ""seasonal"": ""add"", ""seasonal_periods"": 24}",,,,,,,,,,,,,,,10.740442768180865,63.7898025660219,95.8316500480383,0,0.0,0.032,,0.0861659506175547,0.3392480595332857,0.6509801848720662,1,0.023,0.464,"{""maxlags"": 24}",0.1785132303107505,0.7717575905247362,1.545582608311678,0,0.0,0.418,,0.0878672862055683,0.3075246635883084,0.6510856684137234,1,0.023,0.196,"{""maxlags"": 24}",0.1478212842098002,0.6371342838737525,1.2575745829570897,0,0.0,0.151,,0.2894841267454475,1.246001698197705,2.3338223819724946,1,0.71,0.472,"{""yearly_seasonality"": false, ""weekly_seasonality"": false, ""daily_seasonality"": true, ""seasonality_mode"": ""additive""}",0.291271716582876,1.2475614122709604,2.337412126382252,0,0.0,0.95,,0.1016230310072583,0.416983835566351,0.8032066799463715,1,0.019,0.587,"{""maxlags"": 24}",0.4775925260467544,1.5071157181246015,2.9742003464019384,0,0.0,0.611,
326,H327,172800.0,without_retrain,0,,,,,,,,,,,,,,,,,,,,,,,,,,,,,,,,,,,,,,,,,,,0.1907957332339604,0.6802495348304683,0.8636432389624549,1.0,11.389,4.291,"{""order"": [48, 1, 0]}",,,,,,,,0.2598459161327051,0.9397725178366146,1.185297663333343,0,0.0,4.525,,0.227776052631451,0.8388876023109845,1.050522431885108,0,0.0,3.731,,,,,,,,,,,,,,,,,,,,,,,,,,,,,,,,,,,,,,,,,,,,0.0821600218023323,0.3196115449626792,0.3857844652866358,1.0,0.036,0.79,"{""error"": ""add"", ""trend"": ""add"", ""damped_trend"": true, ""seasonal"": ""add"", ""seasonal_periods"": 24}",,,,,,,,13.988056179763754,84.09021633837979,70.74457928627099,0,0.0,0.039,,0.2470780458561733,0.828871527355493,1.018815220593046,1,0.024,0.441,"{""maxlags"": 24}",0.3430926571310665,1.4462585597142887,1.7089914466471177,0,0.0,0.426,,0.2722024160922379,0.9090857662918288,1.1446465193679145,1,0.022,0.19,"{""maxlags"": 24}",1.9880314269313528,5.573225392667609,6.75778555973772,0,0.0,0.175,,0.281926615688558,1.0453967223826426,1.2567508441807065,1,0.239,0.65,"{""yearly_seasonality"": false, ""weekly_seasonality"": false, ""daily_seasonality"": true, ""seasonality_mode"": ""additive""}",0.341239578335897,1.3422493823690569,1.6154484736956622,0,0.0,0.579,,0.2280996819992043,0.8316655252684425,1.0179058105583645,1,0.018,0.62,"{""maxlags"": 24}",1.9343530371634243,5.404966681636549,6.651496966014527,0,0.0,0.637,
327,H328,172800.0,without_retrain,0,,,,,,,,,,,,,,,,,,,,,,,,,,,,,,,,,,,,,,,,,,,,,,,,,,0.2505294731408602,0.9484058107817788,1.1955947292874602,1.0,12.261,4.619,"{""order"": [48, 1, 0]}",0.2695373333526232,1.0175280854044402,1.2831048747037763,0,0.0,4.396,,0.2609426103445547,1.0014114318410894,1.2535069000238004,0,0.0,3.115,,,,,,,,,,,,,,,,,,,,,,,,,,,,,,,,,,,,,,,,,,,,,,,,,,,0.1034568367091652,0.372657608504706,0.4723789738508281,1.0,0.036,0.978,"{""error"": ""add"", ""trend"": ""add"", ""damped_trend"": true, ""seasonal"": ""add"", ""seasonal_periods"": 24}",18.156781498122832,123.07837318580329,89.67764388898108,0,0.0,0.034,,0.2381468722480923,0.8795734146092734,1.0861837344403404,1,0.024,0.427,"{""maxlags"": 24}",0.3379416623405982,1.3055188049039204,1.5691154540778072,0,0.0,0.44,,0.2608732805261322,0.9283306555673368,1.1574819769174507,1,0.024,0.183,"{""maxlags"": 24}",1.997321733162151,6.964937989590361,8.185707162135687,0,0.0,0.178,,0.2284559155565089,0.8909628296396682,1.09590046741556,1,0.511,0.5,"{""yearly_seasonality"": false, ""weekly_seasonality"": false, ""daily_seasonality"": true, ""seasonality_mode"": ""additive""}",0.2550072430841928,1.0047760689960767,1.243554020472092,0,0.0,0.631,,0.2184164889579947,0.7885438506285126,0.9698136487687375,1,0.021,0.599,"{""maxlags"": 24}",3.556234881433232,11.56144709858368,14.267404537524008,0,0.0,0.625,
328,H329,172800.0,without_retrain,0,14.554878977785783,25.099250331052517,0.7981285846277948,1.0,4.983,1.111,"{""order"": [48, 1, 0]}",,,,,,,,,,,,,,,,,,,,,,,,,,,,,,,,,,,,,,,,,,,,,,,,,,17.753602665089677,28.80244662496068,0.9390030173871156,0,0.0,8.028,,29.72035754015439,58.67275050959597,1.7311566024401006,0,0.0,5.444,,19.007221783647772,29.42815456799576,1.0147071756176342,1.0,0.055,1.423,"{""error"": ""add"", ""trend"": null, ""damped_trend"": false, ""seasonal"": ""mul"", ""seasonal_periods"": 48}",,,,,,,,,,,,,,,,,,,,,,,,,,,,,,,,,,,,,,,,,,,,,,,,,,43.07889426388123,81.1286290231619,2.4039190196742037,0,0.0,0.035,,16.13957616374291,26.35332693175736,0.8747558826562291,1,0.024,0.52,"{""maxlags"": 48}",18.05330503888923,28.530321094345386,0.9556282745594512,0,0.0,0.369,,16.19154472690613,24.26729443784915,0.837503144299984,1,0.023,0.173,"{""maxlags"": 48}",19.90632412570963,29.86794775536347,1.0357292749504008,0,0.0,0.146,,15.259316676354604,24.74340229163396,0.818242868152346,1,0.333,0.904,"{""yearly_seasonality"": false, ""weekly_seasonality"": false, ""daily_seasonality"": true, ""seasonality_mode"": ""multiplicative""}",17.258681059214542,30.20445202662125,0.9858108940474116,0,0.0,0.666,,16.65532912010177,27.43807370878973,0.9103541192281516,1,0.021,1.005,"{""maxlags"": 48}",17.774121994281725,27.77669123086439,0.9314135380988076,0,0.0,0.645,
329,H330,172800.0,without_retrain,0,,,,,,,,15.869589378375402,34.00732777251625,1.2223203426472176,1.0,4.583,0.198,"{""order"": [25, 1, 0]}",,,,,,,,,,,,,,,,,,,,,,,,,,,,,,,,,,,,,,,,,,,14.974981327904068,32.395785627951284,1.1546400968651658,0,0.0,5.068,,15.276768276022697,32.38783922377406,1.1586447100196675,0,0.0,6.118,,,,,,,,,16.976384111911887,39.2774165509663,1.369345231677828,1.0,0.056,10.291,"{""error"": ""add"", ""trend"": null, ""damped_trend"": false, ""seasonal"": ""add"", ""seasonal_periods"": 168}",,,,,,,,,,,,,,,,,,,,,,,,,,,,,,,,,,,,,,,,,,,134.0114528602832,192.23056273317573,11.97054623320354,0,0.0,0.036,,11.443781134304038,23.3008335674714,0.8219749871585247,1,0.031,1.095,"{""maxlags"": 168}",13.270927956227911,27.16414602830659,0.9917332624384226,0,0.0,0.383,,11.724817272380388,22.34167712169479,0.809692441727068,1,0.028,0.179,"{""maxlags"": 168}",14.821960555661471,28.941357129515307,1.102162196012556,0,0.0,0.162,,10.698152743688125,24.577032627085003,0.815135794528462,1,0.271,0.392,"{""yearly_seasonality"": false, ""weekly_seasonality"": true, ""daily_seasonality"": true, ""seasonality_mode"": ""additive""}",10.698152743688125,24.577032627085003,0.815135794528462,0,0.0,0.547,,11.948377405270849,23.13637313019064,0.83339411541619,1,0.022,2.409,"{""maxlags"": 168}",11.612948525303144,22.269808776193685,0.7970878818099728,0,0.0,0.624,
330,H331,172800.0,without_retrain,0,,,,,,,,,,,,,,,12.308552484896564,23.20335374557403,1.3216922441492966,1.0,9.252,1.026,"{""order"": [46, 1, 0]}",,,,,,,,,,,,,,,,,,,,,,,,,,,,,,,,,,,,12.763655948809651,23.850900248630595,1.3731220638608217,0,0.0,5.323,,12.59872784625716,22.701999974287645,1.3311850114624135,0,0.0,4.526,,,,,,,,,,,,,,,,12.617872770318112,22.800745966517997,1.3363788033285608,1.0,0.046,0.245,"{""error"": ""add"", ""trend"": null, ""damped_trend"": false, ""seasonal"": ""mul"", ""seasonal_periods"": 24}",,,,,,,,,,,,,,,,,,,,,,,,,,,,,,,,,,,,35.52774450148487,126.48062848204704,4.632507397020005,0,0.0,0.052,,12.050216079427598,20.66504574204831,1.2502065662023762,1,0.032,0.431,"{""maxlags"": 24}",11.939913214037963,20.58398916604342,1.250565729854438,0,0.0,0.367,,11.509453938792456,19.3636007128134,1.1917376025086366,1,0.031,0.177,"{""maxlags"": 24}",11.599871923344365,19.093567946544564,1.188543152768223,0,0.0,0.157,,9.87074757782814,18.569676593612687,1.0777945433081433,1,0.308,1.64,"{""yearly_seasonality"": false, ""weekly_seasonality"": false, ""daily_seasonality"": true, ""seasonality_mode"": ""multiplicative""}",9.74083270226974,18.012473055599727,1.0578929168666786,0,0.0,0.854,,12.23897671417447,20.74084550753391,1.2683216881616914,1,0.024,0.596,"{""maxlags"": 24}",11.87914250967959,20.3453723639372,1.2396697962865646,0,0.0,0.612,
331,H332,172800.0,without_retrain,0,,,,,,,,,,,,,,,,,,,,,,55.086376765187744,56.08472429376727,1.78695169996881,1.0,14.502,1.409,"{""order"": [32, 0, 0]}",,,,,,,,,,,,,,,,,,,,,,,,,,,,,53.720190516777805,56.9972363963893,1.7378254339702082,0,0.0,5.194,,53.20458624859116,46.3185547698633,1.7898495961563634,0,0.0,7.146,,,,,,,,,,,,,,,,,,,,,,,47.27573197699437,36.07978527907128,1.450652381040206,1.0,0.049,0.93,"{""error"": ""add"", ""trend"": ""add"", ""damped_trend"": true, ""seasonal"": ""mul"", ""seasonal_periods"": 24}",,,,,,,,,,,,,,,,,,,,,,,,,,,,,121.41895615004157,195.21218229358212,5.243200397491978,0,0.0,0.033,,26.82412647621691,19.00167095080881,0.8221032193809151,1,0.026,0.435,"{""maxlags"": 24}",11.615023925802625,10.853817545409868,0.3722281861251398,0,0.0,0.405,,10.636677518814396,10.01174081481336,0.3419454476328889,1,0.032,0.187,"{""maxlags"": 24}",27.3212598983992,23.09929126080135,0.9009820982315904,0,0.0,0.151,,23.33348043191063,24.90134872064058,0.7829499957705428,1,0.244,0.712,"{""yearly_seasonality"": false, ""weekly_seasonality"": false, ""daily_seasonality"": true, ""seasonality_mode"": ""multiplicative""}",27.560442300263315,38.40732542988865,0.9853551565062248,0,0.0,0.602,,37.65340028476791,24.706874460464487,1.1623178996452268,1,0.027,0.701,"{""maxlags"": 24}",11.200706827438664,10.5796422129372,0.3626034959349302,0,0.0,0.648,
332,H333,172800.0,without_retrain,0,,,,,,,,,,,,,,,,,,,,,,,,,,,,,399.0902329495726,85.13340003579634,2.3586348524285548,1.0,8.532,1.192,"{""order"": [32, 0, 0]}",,,,,,,,,,,,,,,,,,,,,,386.22785830811193,72.37557222034553,2.258373474711984,0,0.0,4.659,,339.9304510016788,49.51412059047117,1.9604320953021397,0,0.0,4.848,,,,,,,,,,,,,,,,,,,,,,,,,,,,,,272.04700828887513,35.62533375261887,1.4528417818279482,1.0,0.036,1.103,"{""error"": ""add"", ""trend"": null, ""damped_trend"": false, ""seasonal"": ""mul"", ""seasonal_periods"": 24}",,,,,,,,,,,,,,,,,,,,,,689.3581037815179,159.80062556872312,4.05169212304935,0,0.0,0.039,,378.6351981269984,70.37885129331991,2.181591074597616,1,0.02,0.39,"{""maxlags"": 24}",447.9529759529286,81.04322705844913,2.5190388437653013,0,0.0,0.423,,463.0100756343726,74.90236567229745,2.553883414412127,1,0.019,0.164,"{""maxlags"": 24}",440.6829778185134,80.71963867364813,2.466979051508528,0,0.0,0.152,,242.7888303038698,53.62111606416757,1.377021391042752,1,0.505,0.94,"{""yearly_seasonality"": false, ""weekly_seasonality"": true, ""daily_seasonality"": true, ""seasonality_mode"": ""multiplicative""}",245.20366445396076,55.88595973769694,1.3751829172529295,0,0.0,0.605,,390.9689250542668,54.33378161396382,1.9953400417624787,1,0.016,0.674,"{""maxlags"": 24}",353.4495054912992,47.02271920485223,1.684119300353636,0,0.0,0.665,
333,H334,172800.0,without_retrain,0,,,,,,,,,,,,,,,,,,,,,,,,,,,,,,,,,,,,19.47185817533032,20.730287156803108,0.8936823394343749,1.0,29.096,5.031,"{""order"": [40, 1, 0]}",,,,,,,,,,,,,,,19.340507462790733,20.94893670872667,0.8986389364552912,0,0.0,5.458,,14.567454190253825,13.644082023189796,0.6515717655722991,0,0.0,6.248,,,,,,,,,,,,,,,,,,,,,,,,,,,,,,,,,,,,,13.307599677593675,12.182576493403989,0.5862323670319255,1.0,0.049,1.058,"{""error"": ""add"", ""trend"": ""add"", ""damped_trend"": true, ""seasonal"": ""mul"", ""seasonal_periods"": 24}",,,,,,,,,,,,,,,136.5774545272642,196.36861370365128,7.325204642986487,0,0.0,0.053,,15.799513955155126,14.652705534642324,0.7315288934148638,1,0.032,0.413,"{""maxlags"": 24}",15.707227709883474,14.55542079433642,0.7133800992451674,0,0.0,0.413,,17.653676016713952,14.354875071215114,0.7215905334977557,1,0.029,0.169,"{""maxlags"": 24}",14.642169505737092,14.552686528072172,0.6520766826968162,0,0.0,0.161,,22.912251374787,26.11123477672072,1.1202855747434015,1,0.195,1.021,"{""yearly_seasonality"": false, ""weekly_seasonality"": true, ""daily_seasonality"": true, ""seasonality_mode"": ""multiplicative""}",24.622757549855425,27.30198021429633,1.1848134339297804,0,0.0,0.544,,14.810487028082363,14.21568976258017,0.6908472154714967,1,0.025,0.635,"{""maxlags"": 24}",19.33994813303375,16.66505680340146,0.8512570581179921,0,0.0,0.658,
334,H335,172800.0,without_retrain,0,,,,,,,,,,,,,,,,,,,,,,,,,,,,,,,,,,,,,,,,,,,77.86252591005818,75.82949310522532,2.3437615669013963,1.0,7.214,0.305,"{""order"": [28, 1, 0]}",,,,,,,,70.24775183024009,78.34348117385242,2.131267304498762,0,0.0,4.513,,132.4327547749918,75.98663368511122,3.782620668410399,0,0.0,7.961,,,,,,,,,,,,,,,,,,,,,,,,,,,,,,,,,,,,,,,,,,,,42.221175426014106,37.85110563923701,1.152678605988581,1.0,0.049,10.848,"{""error"": ""add"", ""trend"": null, ""damped_trend"": false, ""seasonal"": ""mul"", ""seasonal_periods"": 168}",,,,,,,,396.977477767554,189.03492840484668,13.09645547994259,0,0.0,0.042,,21.63449278123043,20.83068606526497,0.6036829979278663,1,0.02,1.085,"{""maxlags"": 168}",14.932320766879332,17.477928122448848,0.4305585304830526,0,0.0,0.399,,26.06926807083158,25.17924169636725,0.7597179977605956,1,0.019,0.184,"{""maxlags"": 168}",24.475558951366644,25.33773873786511,0.700006723341671,0,0.0,0.146,,30.825984157874647,51.82183743362097,0.9566494123637392,1,0.715,0.436,"{""yearly_seasonality"": false, ""weekly_seasonality"": true, ""daily_seasonality"": true, ""seasonality_mode"": ""multiplicative""}",28.60632586070147,42.37273181545408,0.8638677630111351,0,0.0,0.633,,24.336836170424288,23.106055692349265,0.7026978953891412,1,0.015,2.667,"{""maxlags"": 168}",16.803151891568977,21.707101221053545,0.5083160386187281,0,0.0,0.637,
335,H336,172800.0,without_retrain,0,,,,,,,,,,,,,,,,,,,,,,,,,,,,,,,,,,,,,,,,,,,,,,,,,,93.5443787588669,74.96190096608332,1.308883338873846,1.0,5.744,0.197,"{""order"": [25, 1, 0]}",101.23948676591633,88.40086957148385,1.4416120252936662,0,0.0,5.2,,80.23648543189597,60.11417686093588,1.1911853926014049,0,0.0,0.427,,,,,,,,,,,,,,,,,,,,,,,,,,,,,,,,,,,,,,,,,,,,,,,,,,,84.53107916138072,49.7117441178683,1.16092671532268,1.0,0.035,0.797,"{""error"": ""add"", ""trend"": ""add"", ""damped_trend"": true, ""seasonal"": ""mul"", ""seasonal_periods"": 24}",78.68887317596078,59.73384403236776,1.1833051550761269,0,0.0,0.033,,68.80657421975647,46.69362542374495,0.9234523544952444,1,0.015,0.395,"{""maxlags"": 24}",60.4310336307933,44.63824281099388,0.8837408392439484,0,0.0,0.393,,86.62184487411656,60.24099060984209,1.200347579379392,1,0.018,0.165,"{""maxlags"": 24}",99.004728015625,74.40858665482106,1.389898762067154,0,0.0,0.132,,28.06952248087903,33.70881087636826,0.4151542254067084,1,0.211,0.957,"{""yearly_seasonality"": false, ""weekly_seasonality"": true, ""daily_seasonality"": true, ""seasonality_mode"": ""multiplicative""}",29.52612807907433,56.83722846171968,0.4619256605448313,0,0.0,0.672,,75.42569158189158,53.013609400648726,1.0165464679935214,1,0.014,0.752,"{""maxlags"": 24}",76.78832020711458,53.498923942226746,1.0859691547415238,0,0.0,0.685,
336,H337,172800.0,without_retrain,0,100.76190652426256,51.59417019546717,1.464842251683142,1.0,9.515,1.392,"{""order"": [32, 0, 0]}",,,,,,,,,,,,,,,,,,,,,,,,,,,,,,,,,,,,,,,,,,,,,,,,,,100.38721060451446,42.85986919000633,1.4216751643498615,0,0.0,4.433,,159.01050080004546,31.28863479723377,1.4870762950001264,0,0.0,4.917,,88.96004471693428,76.48269984343568,1.5607451054034136,1.0,0.047,10.008,"{""error"": ""add"", ""trend"": null, ""damped_trend"": false, ""seasonal"": ""add"", ""seasonal_periods"": 168}",,,,,,,,,,,,,,,,,,,,,,,,,,,,,,,,,,,,,,,,,,,,,,,,,,221.5469169582884,182.6925579667735,4.234550140843427,0,0.0,0.035,,17.43288492026307,11.7647264972232,0.272994682857979,1,0.023,1.003,"{""maxlags"": 168}",127.0206233394456,50.54016537065216,1.5341641461604123,0,0.0,0.388,,35.88291410898948,10.022380362803313,0.3307184709005684,1,0.02,0.174,"{""maxlags"": 168}",135.86429250243253,36.64456860085502,1.334748172172797,0,0.0,0.152,,97.04684273943656,73.06844000094975,1.545299637796471,1,0.57,0.408,"{""yearly_seasonality"": false, ""weekly_seasonality"": true, ""daily_seasonality"": true, ""seasonality_mode"": ""additive""}",97.04684273943656,73.06844000094975,1.545299637796471,0,0.0,0.501,,18.7483183412734,11.85374893103918,0.2956303853511175,1,0.017,2.754,"{""maxlags"": 168}",135.1467201454618,34.6748488963426,1.2940148360210844,0,0.0,0.648,
337,H338,172800.0,without_retrain,0,,,,,,,,16.88479515247816,22.80165437891303,0.8759986073527942,1.0,14.386,4.584,"{""order"": [48, 0, 0]}",,,,,,,,,,,,,,,,,,,,,,,,,,,,,,,,,,,,,,,,,,,20.427209140332195,28.421990022712112,1.0729400794722723,0,0.0,4.629,,15.952237341751792,24.970809714168933,0.9751837070676576,0,0.0,5.246,,,,,,,,,36.45078124383875,49.5347703477002,2.4424998403789067,1.0,0.08,2.433,"{""error"": ""add"", ""trend"": null, ""damped_trend"": false, ""seasonal"": ""mul"", ""seasonal_periods"": 72}",,,,,,,,,,,,,,,,,,,,,,,,,,,,,,,,,,,,,,,,,,,130.38399772920658,183.2150197436821,9.046655453230525,0,0.0,0.034,,17.038156722215707,25.249918541248167,0.9157224962008184,1,0.029,0.691,"{""maxlags"": 72}",16.4811191715278,24.111530293668206,0.8996988735379524,0,0.0,0.412,,18.474648961848107,26.70628030324596,0.9557696610870412,1,0.029,0.186,"{""maxlags"": 72}",18.83060678895953,28.768375335206382,1.0605813574927334,0,0.0,0.155,,13.768900295438783,18.66373592693713,0.733673944301318,1,1.002,0.751,"{""yearly_seasonality"": false, ""weekly_seasonality"": false, ""daily_seasonality"": true, ""seasonality_mode"": ""multiplicative""}",12.94583552798488,18.24800350894412,0.6951259084008562,0,0.0,0.683,,18.04074839667311,26.818846783685363,0.9688578288000836,1,0.022,1.387,"{""maxlags"": 72}",17.6161769571229,25.584726378722777,0.9580857622235762,0,0.0,0.63,
338,H339,172800.0,without_retrain,0,,,,,,,,,,,,,,,72.67018616806584,111.81175970236768,1.463323258696927,1.0,6.112,0.649,"{""order"": [24, 0, 0]}",,,,,,,,,,,,,,,,,,,,,,,,,,,,,,,,,,,,72.67476964309385,116.17873744037708,1.4719390938546908,0,0.0,4.772,,54.71720964137391,63.181624126139546,1.1068461108257794,0,0.0,0.542,,,,,,,,,,,,,,,,24.706486414533728,54.438480348319054,0.4932887482047502,1.0,0.049,10.266,"{""error"": ""add"", ""trend"": null, ""damped_trend"": false, ""seasonal"": ""add"", ""seasonal_periods"": 168}",,,,,,,,,,,,,,,,,,,,,,,,,,,,,,,,,,,,56.67281858848848,64.46236028070778,1.1270070723556556,0,0.0,0.033,,13.19889468737166,14.36121473042254,0.2308695095813331,1,0.022,0.985,"{""maxlags"": 168}",43.8060724735988,50.248620092981774,0.8717417764327214,0,0.0,0.382,,12.961210867149717,14.077440136267375,0.2359402028625267,1,0.022,0.184,"{""maxlags"": 168}",55.19998960510851,57.03157704023416,1.0327993980735293,0,0.0,0.135,,22.6424551474367,48.54986427854399,0.472722104554093,1,0.236,1.145,"{""yearly_seasonality"": false, ""weekly_seasonality"": true, ""daily_seasonality"": true, ""seasonality_mode"": ""additive""}",22.6424551474367,48.54986427854399,0.472722104554093,0,0.0,1.014,,14.418832559116169,15.236749319392109,0.2552744834669745,1,0.017,2.743,"{""maxlags"": 168}",52.97885599178084,58.0901505399008,1.0370337032276706,0,0.0,0.675,
339,H340,172800.0,without_retrain,0,,,,,,,,,,,,,,,,,,,,,,17.083343703740614,29.26734481466049,0.9794268583661486,1.0,6.441,1.258,"{""order"": [28, 0, 0]}",,,,,,,,,,,,,,,,,,,,,,,,,,,,,17.19522591261089,29.515395708746684,0.9924659856692548,0,0.0,4.365,,14.63596996764428,21.209739280818663,0.7438967333479848,0,0.0,5.945,,,,,,,,,,,,,,,,,,,,,,,18.5920083972092,26.261991599671365,0.9556129639722456,1.0,0.028,0.767,"{""error"": ""add"", ""trend"": ""add"", ""damped_trend"": true, ""seasonal"": ""mul"", ""seasonal_periods"": 24}",,,,,,,,,,,,,,,,,,,,,,,,,,,,,302.29806763485493,194.22528436560128,20.20402758963409,0,0.0,0.035,,17.322525589207974,28.66512702264836,0.9643127026597514,1,0.015,0.424,"{""maxlags"": 24}",17.901141344348368,28.99568931342731,0.9944723727585614,0,0.0,0.384,,20.190372488806062,28.74379849044057,1.014017721117031,1,0.015,0.245,"{""maxlags"": 24}",24.40060925471126,32.95932017361784,1.3218091630779594,0,0.0,0.156,,42.72685706534357,63.14060320445691,2.658134814045209,1,0.356,0.485,"{""yearly_seasonality"": false, ""weekly_seasonality"": false, ""daily_seasonality"": true, ""seasonality_mode"": ""multiplicative""}",24.883436150880105,54.00884704543214,1.7296799686355115,0,0.0,0.682,,11.187248329630522,23.094069150269306,0.637268762952382,1,0.011,0.664,"{""maxlags"": 24}",18.435348769416017,27.61338261629328,0.9759528936932406,0,0.0,0.597,
340,H341,172800.0,without_retrain,0,,,,,,,,,,,,,,,,,,,,,,,,,,,,,165.07918260376863,76.25253694258193,1.7969773395508246,1.0,5.736,0.189,"{""order"": [24, 1, 0]}",,,,,,,,,,,,,,,,,,,,,,174.9963932851661,82.0693292261723,1.9090219140547269,0,0.0,4.566,,132.4749593770942,30.137897857866268,1.3360004613299532,0,0.0,5.442,,,,,,,,,,,,,,,,,,,,,,,,,,,,,,233.05889809578613,67.7751410827256,2.260575162066665,1.0,0.032,1.256,"{""error"": ""add"", ""trend"": ""add"", ""damped_trend"": true, ""seasonal"": ""mul"", ""seasonal_periods"": 24}",,,,,,,,,,,,,,,,,,,,,,531.5736941464485,199.37610256951305,6.611670748862245,0,0.0,0.069,,208.04612947849705,48.51207895953304,1.849169574146747,1,0.016,0.431,"{""maxlags"": 24}",206.59186296220028,47.97516600684903,1.8535356365110465,0,0.0,0.373,,135.6475173288838,35.03966790100704,1.2743090660058132,1,0.018,0.18,"{""maxlags"": 24}",152.01305481207896,38.1804414316487,1.41151428889835,0,0.0,0.167,,196.13670476557243,47.92873881022856,1.760563356873252,1,0.194,0.868,"{""yearly_seasonality"": false, ""weekly_seasonality"": false, ""daily_seasonality"": true, ""seasonality_mode"": ""multiplicative""}",178.44491146356128,49.22721823357912,1.5955018125168798,0,0.0,0.766,,215.8258268139588,54.24975665949233,2.001823033871854,1,0.014,0.718,"{""maxlags"": 24}",217.0076258421949,54.82394752036606,2.023842519467625,0,0.0,0.666,
341,H342,172800.0,without_retrain,0,,,,,,,,,,,,,,,,,,,,,,,,,,,,,,,,,,,,89.19469059862963,36.96319735958442,1.8570231396418115,1.0,18.056,1.933,"{""order"": [48, 1, 0]}",,,,,,,,,,,,,,,90.15506114108749,37.24792995590564,1.845042192316393,0,0.0,4.835,,64.622574035776,28.95874637926876,1.6785082140889165,0,0.0,5.302,,,,,,,,,,,,,,,,,,,,,,,,,,,,,,,,,,,,,96.262929188113,38.86639263767112,2.1159302411841616,1.0,0.078,2.679,"{""error"": ""add"", ""trend"": null, ""damped_trend"": false, ""seasonal"": ""mul"", ""seasonal_periods"": 72}",,,,,,,,,,,,,,,640.5647510174574,197.7654760539766,21.106656372592184,0,0.0,0.028,,81.90111389892303,30.776634811747,1.7107848389513505,1,0.019,0.715,"{""maxlags"": 72}",82.38413864341452,33.0170105245154,1.7707679015458833,0,0.0,0.386,,75.87305885867804,27.173314865868807,1.53873380158075,1,0.018,0.183,"{""maxlags"": 72}",86.03969514818338,34.74437315927118,1.8481556875964984,0,0.0,0.162,,89.33651716808701,37.85869084472317,1.905966825071837,1,0.739,0.393,"{""yearly_seasonality"": false, ""weekly_seasonality"": false, ""daily_seasonality"": true, ""seasonality_mode"": ""multiplicative""}",86.58985007131315,41.3849587036895,1.8841169001375824,0,0.0,1.181,,80.12225760245155,29.71622400974516,1.6481138356094192,1,0.019,1.439,"{""maxlags"": 72}",88.7270832936002,36.330706923917184,1.9222428919367849,0,0.0,0.627,
342,H343,172800.0,without_retrain,0,,,,,,,,,,,,,,,,,,,,,,,,,,,,,,,,,,,,,,,,,,,54.25586081167023,48.4075410200341,1.8933369535022708,1.0,14.407,1.44,"{""order"": [52, 1, 0]}",,,,,,,,46.28224606502089,39.348192539816345,1.6738836272014463,0,0.0,6.956,,244.1118031333328,194.8718447018441,13.304700755124005,0,0.0,0.285,,,,,,,,,,,,,,,,,,,,,,,,,,,,,,,,,,,,,,,,,,,,63.240901513715926,44.61450234206918,2.0377845873124496,1.0,0.072,1.711,"{""error"": ""add"", ""trend"": null, ""damped_trend"": false, ""seasonal"": ""mul"", ""seasonal_periods"": 48}",,,,,,,,97.9160993352493,189.68854138647075,4.504484702759263,0,0.0,0.031,,56.251238308321945,35.09973099168375,1.7136796405541308,1,0.033,0.564,"{""maxlags"": 48}",56.44284920475694,41.201685357041946,1.832737556720563,0,0.0,0.399,,57.571847996070446,37.795201503924645,1.7729410195714934,1,0.029,0.171,"{""maxlags"": 48}",54.95993655586291,37.16845785871876,1.7343824802022472,0,0.0,0.157,,43.84725216540264,38.031509906098265,1.677533520959379,1,0.458,1.308,"{""yearly_seasonality"": false, ""weekly_seasonality"": false, ""daily_seasonality"": true, ""seasonality_mode"": ""multiplicative""}",47.89732367560218,37.426590012473504,1.6147424820417424,0,0.0,0.558,,56.42693803035224,34.961127938734954,1.71392816624494,1,0.024,0.949,"{""maxlags"": 48}",56.422018295574105,36.46876145308004,1.7362015786243938,0,0.0,0.636,
343,H344,172800.0,without_retrain,0,,,,,,,,,,,,,,,,,,,,,,,,,,,,,,,,,,,,,,,,,,,,,,,,,,14.16106655542764,20.775299457065465,0.8443140840193516,1.0,5.364,0.256,"{""order"": [26, 1, 0]}",15.852678442555613,22.78320638729366,0.9306940648685844,0,0.0,4.736,,16.30458535702974,27.53569318078237,1.0607369822412132,0,0.0,6.549,,,,,,,,,,,,,,,,,,,,,,,,,,,,,,,,,,,,,,,,,,,,,,,,,,,15.417208364994735,26.21528695109137,1.029260103189512,1.0,0.032,0.647,"{""error"": ""add"", ""trend"": ""add"", ""damped_trend"": true, ""seasonal"": ""mul"", ""seasonal_periods"": 24}",32.85878417892821,61.90150617759301,2.1486870392998303,0,0.0,0.092,,13.829062948573098,21.271774258833634,0.8619359062291941,1,0.018,0.399,"{""maxlags"": 24}",15.080695178836912,23.604985776597484,0.9619247271759348,0,0.0,0.395,,14.439324324275873,21.845470586907357,0.9013879722622468,1,0.017,0.171,"{""maxlags"": 24}",15.346479579520928,23.15109032855372,0.9248888138304217,0,0.0,0.151,,13.31513211557366,22.86885196128202,0.8396774260115013,1,0.194,0.452,"{""yearly_seasonality"": false, ""weekly_seasonality"": true, ""daily_seasonality"": true, ""seasonality_mode"": ""multiplicative""}",13.55722539035694,24.876084637521583,0.8777717569078195,0,0.0,0.663,,13.848481359118244,21.84802063879768,0.8709843860915537,1,0.013,0.636,"{""maxlags"": 24}",14.6284974955394,22.08382473790257,0.8972554990082826,0,0.0,0.61,
344,H345,172800.0,without_retrain,0,40.26932838931668,40.92300420195114,1.1745341691652664,1.0,22.237,9.381,"{""order"": [48, 1, 0]}",,,,,,,,,,,,,,,,,,,,,,,,,,,,,,,,,,,,,,,,,,,,,,,,,,39.77614745491465,35.62729469715632,1.1541136410859352,0,0.0,9.31,,203.7787982595192,85.23402364232322,5.867346760654794,0,0.0,6.815,,54.18737295886813,50.565348054572645,1.598000982023602,1.0,0.078,2.439,"{""error"": ""add"", ""trend"": null, ""damped_trend"": false, ""seasonal"": ""mul"", ""seasonal_periods"": 72}",,,,,,,,,,,,,,,,,,,,,,,,,,,,,,,,,,,,,,,,,,,,,,,,,,113.05891068524538,149.15070316247804,3.4532257486833142,0,0.0,0.031,,43.86481488800921,34.042034459773575,1.0651114103584909,1,0.02,0.686,"{""maxlags"": 72}",43.067847595950894,37.913660387313534,1.1895283052097718,0,0.0,0.397,,45.17703973349371,38.14146625964276,1.1831673636551452,1,0.018,0.171,"{""maxlags"": 72}",50.93946726013094,51.15761106879314,1.477594560640106,0,0.0,0.157,,36.64139070490797,36.48173116425688,0.9924992523693332,1,0.692,1.08,"{""yearly_seasonality"": false, ""weekly_seasonality"": false, ""daily_seasonality"": true, ""seasonality_mode"": ""multiplicative""}",37.83404272249323,49.55164430254551,1.0370538209282054,0,0.0,0.598,,41.59352873612825,35.1825771771989,1.0708224921963094,1,0.016,1.427,"{""maxlags"": 72}",42.39388310756048,34.9420143537969,1.0959330037964263,0,0.0,0.672,
345,H346,172800.0,without_retrain,0,,,,,,,,133.43715377257638,58.94927343437581,1.6815523321000452,1.0,6.977,1.065,"{""order"": [30, 0, 0]}",,,,,,,,,,,,,,,,,,,,,,,,,,,,,,,,,,,,,,,,,,,136.81125558537124,63.37938319923772,1.7521727698670777,0,0.0,7.067,,129.918706990388,60.87395812153361,1.6871282860259331,0,0.0,4.597,,,,,,,,,102.00024056805329,73.97508893609582,1.3489113665341914,1.0,0.056,11.579,"{""error"": ""add"", ""trend"": null, ""damped_trend"": false, ""seasonal"": ""add"", ""seasonal_periods"": 168}",,,,,,,,,,,,,,,,,,,,,,,,,,,,,,,,,,,,,,,,,,,328.95354564165825,177.0396956960375,4.887416383671059,0,0.0,0.043,,46.01374912532884,24.11693395862516,0.6256979342186967,1,0.017,1.038,"{""maxlags"": 168}",100.43950448114684,40.53111132532973,1.1946242060365349,0,0.0,0.41,,95.4106005721818,39.47957696413262,1.1793738259735782,1,0.016,0.18,"{""maxlags"": 168}",99.03078757615698,39.66542002697751,1.1958758542539352,0,0.0,0.166,,80.50540393644535,66.29675703442739,1.0890837270689175,1,0.204,0.739,"{""yearly_seasonality"": false, ""weekly_seasonality"": true, ""daily_seasonality"": true, ""seasonality_mode"": ""additive""}",80.50540393644535,66.29675703442739,1.0890837270689175,0,0.0,0.479,,155.93753656131898,51.80122390636691,1.96962467501414,1,0.015,2.542,"{""maxlags"": 168}",101.263264748968,41.011467763728746,1.234763587804632,0,0.0,0.667,
346,H347,172800.0,without_retrain,0,,,,,,,,,,,,,,,40.73661416646902,43.96063263660528,1.2908082562061416,1.0,2.714,0.216,"{""order"": [24, 1, 0]}",,,,,,,,,,,,,,,,,,,,,,,,,,,,,,,,,,,,39.86247068396688,35.881187072078006,1.1410339027848415,0,0.0,4.534,,44.01969740324499,34.84812333814694,1.2154457264510192,0,0.0,7.265,,,,,,,,,,,,,,,,51.47815231524813,40.73004024214641,1.478595861135282,1.0,0.038,1.054,"{""error"": ""add"", ""trend"": ""add"", ""damped_trend"": true, ""seasonal"": ""mul"", ""seasonal_periods"": 24}",,,,,,,,,,,,,,,,,,,,,,,,,,,,,,,,,,,,470.6538734860499,193.32045330010365,16.927812150726,0,0.0,0.027,,31.002512042868947,28.92004590224161,0.9246211499219438,1,0.027,0.413,"{""maxlags"": 24}",32.798002775912835,28.33726941092552,0.9537241279336344,0,0.0,0.413,,52.58449293383351,38.2426905222375,1.4962211591384005,1,0.025,0.183,"{""maxlags"": 24}",57.50874482727029,37.37842174725344,1.5751813007032396,0,0.0,0.177,,25.078913973507024,39.733291270509135,0.8147244764588115,1,0.68,0.798,"{""yearly_seasonality"": false, ""weekly_seasonality"": true, ""daily_seasonality"": true, ""seasonality_mode"": ""multiplicative""}",23.223628320250285,34.58913606459327,0.763097391751172,0,0.0,0.755,,32.81386870174885,30.312381550690485,0.9752161110566908,1,0.02,0.649,"{""maxlags"": 24}",51.67173170776705,40.72230286498647,1.5987069476364038,0,0.0,0.622,
347,H348,172800.0,without_retrain,0,,,,,,,,,,,,,,,,,,,,,,33.91366591592296,26.34512389394028,0.9212132083809887,1.0,8.507,1.16,"{""order"": [48, 1, 0]}",,,,,,,,,,,,,,,,,,,,,,,,,,,,,35.39379703191697,24.609556681525373,0.8922543134763984,0,0.0,5.066,,52.7206587825484,45.35070386665759,1.4333506796625637,0,0.0,6.637,,,,,,,,,,,,,,,,,,,,,,,37.79817040988834,32.292025641221706,1.0784611675013391,1.0,0.039,0.464,"{""error"": ""add"", ""trend"": null, ""damped_trend"": false, ""seasonal"": ""mul"", ""seasonal_periods"": 24}",,,,,,,,,,,,,,,,,,,,,,,,,,,,,175.82561291413296,196.57297509471712,5.605199521971843,0,0.0,0.03,,30.879807216914298,20.997538946742225,0.8428592946189593,1,0.016,0.439,"{""maxlags"": 24}",29.82023766941137,20.82453809828975,0.7851716393675817,0,0.0,0.393,,36.89889329743036,29.705841272753744,1.0223527489165365,1,0.019,0.167,"{""maxlags"": 24}",32.648746540976454,23.93527331414332,0.8591224549493797,0,0.0,0.153,,32.91241877603839,26.337910485843537,0.9292424983065548,1,0.195,1.375,"{""yearly_seasonality"": false, ""weekly_seasonality"": false, ""daily_seasonality"": true, ""seasonality_mode"": ""multiplicative""}",32.60902210595705,30.412313512298283,0.9528642051881936,0,0.0,0.604,,33.937614621271145,24.366974313007947,0.9388619636246648,1,0.016,0.683,"{""maxlags"": 24}",32.70601432079316,23.412742102729187,0.880838079987227,0,0.0,0.673,
348,H349,172800.0,without_retrain,0,,,,,,,,,,,,,,,,,,,,,,,,,,,,,39.28424442964433,80.92363776568175,1.6987381770890313,1.0,9.205,1.49,"{""order"": [27, 0, 0]}",,,,,,,,,,,,,,,,,,,,,,39.91673134178462,84.3371732242553,1.7635996073076246,0,0.0,4.659,,53.84858798831126,81.04473884237957,2.128799328258237,0,0.0,5.901,,,,,,,,,,,,,,,,,,,,,,,,,,,,,,42.66984681450102,74.16078159926893,1.703718709682612,1.0,0.046,0.384,"{""error"": ""add"", ""trend"": null, ""damped_trend"": false, ""seasonal"": ""mul"", ""seasonal_periods"": 24}",,,,,,,,,,,,,,,,,,,,,,50.38075727159952,196.51132248399009,2.5045718915005133,0,0.0,0.041,,48.09055011406993,86.2799696074746,2.0712073873168784,1,0.028,0.442,"{""maxlags"": 24}",48.81711495465646,88.28005970070133,2.1172855392150307,0,0.0,0.363,,47.93570542543354,85.18720747575138,2.0512998562787623,1,0.027,0.178,"{""maxlags"": 24}",53.11589513032781,89.70964489442379,2.273839694520297,0,0.0,0.191,,45.89609084062853,89.26327793987126,1.9053553423635656,1,0.734,0.432,"{""yearly_seasonality"": false, ""weekly_seasonality"": true, ""daily_seasonality"": true, ""seasonality_mode"": ""multiplicative""}",47.45230529209416,102.4056105279335,1.9846921097692016,0,0.0,0.543,,46.19491323868073,85.3989805059249,1.9963127683444395,1,0.022,0.663,"{""maxlags"": 24}",47.01236853988885,85.87543567497524,2.0287284809954618,0,0.0,0.66,
349,H350,172800.0,without_retrain,0,,,,,,,,,,,,,,,,,,,,,,,,,,,,,,,,,,,,71.21334863412075,41.23153580750729,1.8301459319883824,1.0,13.631,1.268,"{""order"": [46, 1, 0]}",,,,,,,,,,,,,,,76.85696168707032,45.87972969821275,2.015571373471428,0,0.0,7.312,,68.43720771214302,33.1348521476871,1.656658337966511,0,0.0,6.998,,,,,,,,,,,,,,,,,,,,,,,,,,,,,,,,,,,,,83.14939612156685,59.24705303986739,2.3146018554490246,1.0,0.058,12.464,"{""error"": ""add"", ""trend"": null, ""damped_trend"": false, ""seasonal"": ""mul"", ""seasonal_periods"": 168}",,,,,,,,,,,,,,,195.06125996703295,175.74537068701784,6.590663023338167,0,0.0,0.051,,23.045176378855395,14.182854801185425,0.6306334467287217,1,0.02,1.084,"{""maxlags"": 168}",72.06830663733425,36.40476607706313,1.7897622061389882,0,0.0,0.418,,21.9592725745403,14.763616243510766,0.6188969715380964,1,0.021,0.192,"{""maxlags"": 168}",69.1386202945356,32.3187153613062,1.623173343250979,0,0.0,0.156,,42.75742096333588,37.06774747225861,1.1283132624580123,1,0.21,1.312,"{""yearly_seasonality"": false, ""weekly_seasonality"": true, ""daily_seasonality"": true, ""seasonality_mode"": ""multiplicative""}",40.4941573597982,36.41748486882209,1.0719556017754133,0,0.0,0.557,,21.52443339569008,14.351946421550076,0.6062071520435248,1,0.017,2.481,"{""maxlags"": 168}",72.04163608576724,36.80311787047907,1.790689099099949,0,0.0,0.69,
350,H351,172800.0,without_retrain,0,,,,,,,,,,,,,,,,,,,,,,,,,,,,,,,,,,,,,,,,,,,5.641717464458797,20.642544361302285,0.4005880322473616,1.0,5.534,0.987,"{""order"": [27, 0, 0]}",,,,,,,,5.699623622792137,20.783090095207605,0.4026398416895985,0,0.0,4.435,,11.619401378697477,43.98220564362205,0.8052233346516647,0,0.0,0.332,,,,,,,,,,,,,,,,,,,,,,,,,,,,,,,,,,,,,,,,,,,,5.934890523620662,19.614265873980194,0.4135510196545035,1.0,0.061,11.427,"{""error"": ""add"", ""trend"": null, ""damped_trend"": false, ""seasonal"": ""add"", ""seasonal_periods"": 168}",,,,,,,,8.451447128391454,29.9111860099428,0.6069704632463931,0,0.0,0.03,,4.957880644028504,15.68479578104811,0.3310850107129868,1,0.022,0.929,"{""maxlags"": 168}",5.448437890865489,19.11356359296636,0.3751324471028199,0,0.0,0.351,,4.691903685701364,14.714455633206663,0.3128365961216079,1,0.023,0.174,"{""maxlags"": 168}",5.066095929177768,15.721459030523064,0.337139712218555,0,0.0,0.155,,11.322358263461812,74.04947475264636,0.8103475400254455,1,0.669,0.399,"{""yearly_seasonality"": false, ""weekly_seasonality"": true, ""daily_seasonality"": true, ""seasonality_mode"": ""additive""}",11.322358263461812,74.04947475264636,0.8103475400254455,0,0.0,0.455,,5.015709290872968,15.646094914267715,0.3326402858654498,1,0.018,2.286,"{""maxlags"": 168}",5.408061662200812,17.806836778095924,0.3590082467034004,0,0.0,0.572,
351,H352,172800.0,without_retrain,0,,,,,,,,,,,,,,,,,,,,,,,,,,,,,,,,,,,,,,,,,,,,,,,,,,110.84289491623092,24.880553364659217,0.8430057690482405,1.0,9.961,1.908,"{""order"": [36, 0, 0]}",108.40026672865632,23.352559044139223,0.8215041193508116,0,0.0,4.793,,172.22154215249563,24.55833116009613,1.2070953544773928,0,0.0,4.233,,,,,,,,,,,,,,,,,,,,,,,,,,,,,,,,,,,,,,,,,,,,,,,,,,,256.0185898023741,35.63451045155423,2.1461353424398872,1.0,0.036,0.552,"{""error"": ""add"", ""trend"": ""add"", ""damped_trend"": true, ""seasonal"": ""mul"", ""seasonal_periods"": 24}",534.9304715607145,197.16585061086064,6.5991121142832005,0,0.0,0.029,,147.21935574559632,20.875578742985844,0.9979605133932118,1,0.021,0.433,"{""maxlags"": 24}",147.43047398480172,20.98337225191688,0.9936108280794772,0,0.0,0.404,,87.879632642138,11.592850441082726,0.5687220774788196,1,0.019,0.179,"{""maxlags"": 24}",42.0701477565282,10.998110866468885,0.4190956017949116,0,0.0,0.173,,120.19462258433174,48.65608969470539,1.2310254579982658,1,1.109,0.572,"{""yearly_seasonality"": false, ""weekly_seasonality"": true, ""daily_seasonality"": true, ""seasonality_mode"": ""multiplicative""}",118.75075895020754,46.20862840336361,1.2145068953544869,0,0.0,0.456,,36.90960920299506,9.01295266250102,0.3569733277708077,1,0.016,0.71,"{""maxlags"": 24}",149.21215548232877,19.556752500688848,0.9855308651117012,0,0.0,0.667,
352,H353,172800.0,without_retrain,0,14.497826699541347,22.637654200118565,0.8082860776026058,1.0,8.632,1.778,"{""order"": [45, 1, 0]}",,,,,,,,,,,,,,,,,,,,,,,,,,,,,,,,,,,,,,,,,,,,,,,,,,20.39162245246764,32.16671375003735,1.1764702638912796,0,0.0,4.66,,11.551263876857076,16.3250267142141,0.6202601751663649,0,0.0,6.448,,25.40441866677416,31.658655060706057,1.4995398758370622,1.0,0.043,0.571,"{""error"": ""add"", ""trend"": ""add"", ""damped_trend"": true, ""seasonal"": ""mul"", ""seasonal_periods"": 24}",,,,,,,,,,,,,,,,,,,,,,,,,,,,,,,,,,,,,,,,,,,,,,,,,,92.57394056966204,181.0211230412256,5.698520022134872,0,0.0,0.054,,23.583750964688047,37.766177072313376,1.4451068792571655,1,0.029,0.432,"{""maxlags"": 24}",24.215097008415697,35.62380598403277,1.437043873720463,0,0.0,0.395,,23.84993529801742,38.11141496900064,1.4366161519002143,1,0.028,0.174,"{""maxlags"": 24}",24.422412412889265,36.08945132439018,1.4503324846394012,0,0.0,0.148,,11.417300650125668,19.474583945833235,0.6780555483201848,1,0.198,1.046,"{""yearly_seasonality"": false, ""weekly_seasonality"": false, ""daily_seasonality"": true, ""seasonality_mode"": ""multiplicative""}",14.483140600653346,28.318734981777222,0.8751469187364211,0,0.0,0.65,,24.86930253543941,39.54352517743171,1.5494464594337376,1,0.022,0.64,"{""maxlags"": 24}",24.926739605488983,36.98058633938404,1.4843705898082848,0,0.0,0.612,
353,H354,172800.0,without_retrain,0,,,,,,,,37.10784574169514,36.78770943950308,1.7219810161644344,1.0,7.12,0.228,"{""order"": [26, 1, 0]}",,,,,,,,,,,,,,,,,,,,,,,,,,,,,,,,,,,,,,,,,,,38.5137231047773,37.315586809936754,1.7913783138364974,0,0.0,4.885,,151.89187961374736,177.87084523071618,9.050172743602417,0,0.0,0.344,,,,,,,,,28.83680186001922,67.10048445898404,1.629061145575366,1.0,0.062,11.325,"{""error"": ""add"", ""trend"": null, ""damped_trend"": false, ""seasonal"": ""add"", ""seasonal_periods"": 168}",,,,,,,,,,,,,,,,,,,,,,,,,,,,,,,,,,,,,,,,,,,292.2288460478603,194.3203831072701,18.5583142133946,0,0.0,0.043,,12.042380697287294,14.651743159833552,0.6335239767915621,1,0.023,1.006,"{""maxlags"": 168}",38.52702337838123,33.26587206230896,1.745629355207741,0,0.0,0.398,,12.023494424812784,14.544090124754105,0.5970275824392627,1,0.025,0.183,"{""maxlags"": 168}",40.2076407525773,36.41098356290171,1.845384526848848,0,0.0,0.142,,24.67451169581523,31.601346096299697,1.2513061216346877,1,0.359,0.729,"{""yearly_seasonality"": false, ""weekly_seasonality"": true, ""daily_seasonality"": true, ""seasonality_mode"": ""additive""}",24.67451169581523,31.601346096299697,1.2513061216346877,0,0.0,0.505,,12.0991495304943,15.224039413949852,0.6303326121979295,1,0.02,2.387,"{""maxlags"": 168}",38.86399053120181,35.97859420380871,1.8189618256582216,0,0.0,0.607,
354,H355,172800.0,without_retrain,0,,,,,,,,,,,,,,,25.17396352350748,23.031166869769034,1.0526486585871464,1.0,11.626,2.248,"{""order"": [40, 0, 0]}",,,,,,,,,,,,,,,,,,,,,,,,,,,,,,,,,,,,24.94993115967984,23.855893025319784,1.0565233492062538,0,0.0,4.691,,32.22396878986482,24.23225442766733,1.3001180684558913,0,0.0,6.796,,,,,,,,,,,,,,,,30.026514583152466,22.525119268011792,1.187246136001917,1.0,0.038,0.503,"{""error"": ""add"", ""trend"": null, ""damped_trend"": false, ""seasonal"": ""mul"", ""seasonal_periods"": 24}",,,,,,,,,,,,,,,,,,,,,,,,,,,,,,,,,,,,156.30348324117935,194.24177634862443,8.704487114527167,0,0.0,0.046,,24.63727645711711,17.19581300555878,0.9045010328069596,1,0.024,0.385,"{""maxlags"": 24}",27.352351393338584,17.909018116991188,0.9585990981166744,0,0.0,0.366,,24.614069996615594,18.41151858986942,0.9404769528063374,1,0.023,0.188,"{""maxlags"": 24}",17.811606421611188,13.218473629179009,0.6550864120944673,0,0.0,0.146,,23.006663318801618,30.29506953321922,1.0790238048165628,1,0.903,0.454,"{""yearly_seasonality"": false, ""weekly_seasonality"": true, ""daily_seasonality"": true, ""seasonality_mode"": ""multiplicative""}",23.031799852694267,30.68564329128719,1.0814227819412288,0,0.0,0.754,,22.087441472203345,16.299861915096255,0.8585782937383256,1,0.022,0.628,"{""maxlags"": 24}",24.91021390874543,18.20338914615002,0.9741479858687976,0,0.0,0.634,
355,H356,172800.0,without_retrain,0,,,,,,,,,,,,,,,,,,,,,,283.4124754648307,105.26003806477256,3.5731263862107987,1.0,12.311,1.937,"{""order"": [30, 0, 0]}",,,,,,,,,,,,,,,,,,,,,,,,,,,,,279.5215654645791,99.65984882029802,3.494210641721098,0,0.0,4.533,,222.89270739160065,58.42380846888907,2.489714734654268,0,0.0,4.632,,,,,,,,,,,,,,,,,,,,,,,146.40768553122777,44.94816323851138,1.8917118763934,1.0,0.041,0.75,"{""error"": ""add"", ""trend"": null, ""damped_trend"": false, ""seasonal"": ""mul"", ""seasonal_periods"": 24}",,,,,,,,,,,,,,,,,,,,,,,,,,,,,275.4939285360996,98.38905637306266,3.4668322157888185,0,0.0,0.036,,267.0875083080795,94.11368084852216,3.367266405625761,1,0.02,0.417,"{""maxlags"": 24}",275.0419323820105,97.95412376401585,3.458772393144544,0,0.0,0.443,,256.4841414803687,96.66480856848035,3.334509261772736,1,0.017,0.189,"{""maxlags"": 24}",270.08224412351274,99.51740687274396,3.4361652303249564,0,0.0,0.15,,120.72385958178415,40.74540670474385,1.4882953790651186,1,0.195,0.658,"{""yearly_seasonality"": false, ""weekly_seasonality"": true, ""daily_seasonality"": true, ""seasonality_mode"": ""multiplicative""}",119.958674341621,53.81196942952391,1.4902747233930471,0,0.0,0.693,,254.72711495106148,89.05765037918839,3.2215452233801662,1,0.015,0.732,"{""maxlags"": 24}",267.47634376114354,94.1577494746724,3.3658836115798576,0,0.0,0.643,
356,H357,172800.0,without_retrain,0,,,,,,,,,,,,,,,,,,,,,,,,,,,,,5.88469768988273,15.70711731979145,0.7193185033867433,1.0,15.688,0.411,"{""order"": [27, 1, 0]}",,,,,,,,,,,,,,,,,,,,,,6.171074819618899,15.738902734633353,0.7255606480453468,0,0.0,10.294,,7.6161316732454365,16.503052023947028,0.8308327120112008,0,0.0,4.567,,,,,,,,,,,,,,,,,,,,,,,,,,,,,,6.338271508192451,14.504170298186986,0.696240268114507,1.0,0.054,0.286,"{""error"": ""add"", ""trend"": null, ""damped_trend"": false, ""seasonal"": ""mul"", ""seasonal_periods"": 24}",,,,,,,,,,,,,,,,,,,,,,93.3355897732595,191.25682460075487,12.661560028942471,0,0.0,0.031,,5.148217728452237,12.141115138011292,0.5682383037545192,1,0.031,0.424,"{""maxlags"": 24}",6.117444425789103,13.890451890903398,0.6729269072981534,0,0.0,0.407,,4.931053885373981,13.203240324818225,0.5989596998093849,1,0.029,0.204,"{""maxlags"": 24}",6.788256442187626,17.405666824741413,0.8193062565745235,0,0.0,0.158,,6.601574312755559,16.208852830436342,0.769703488634372,1,0.665,0.394,"{""yearly_seasonality"": false, ""weekly_seasonality"": true, ""daily_seasonality"": true, ""seasonality_mode"": ""multiplicative""}",6.712863157332406,16.446110533637174,0.7795201677284714,0,0.0,0.453,,5.300763021020805,12.565830876804354,0.593151024886939,1,0.024,0.58,"{""maxlags"": 24}",6.359627489629323,14.50606133651697,0.7023788556301991,0,0.0,0.569,
357,H358,172800.0,without_retrain,0,,,,,,,,,,,,,,,,,,,,,,,,,,,,,,,,,,,,56.93211815821247,47.69978261836231,1.2718436132104798,1.0,10.143,0.767,"{""order"": [42, 1, 0]}",,,,,,,,,,,,,,,53.36403153231177,48.17810126828257,1.199455085408008,0,0.0,4.321,,103.0422756770045,61.67615039785536,2.300433315902845,0,0.0,6.926,,,,,,,,,,,,,,,,,,,,,,,,,,,,,,,,,,,,,87.15396856009218,68.37818180921352,2.1024899449920427,1.0,0.062,11.301,"{""error"": ""add"", ""trend"": null, ""damped_trend"": false, ""seasonal"": ""add"", ""seasonal_periods"": 168}",,,,,,,,,,,,,,,801.1288066486286,189.6194322071799,18.672582239304045,0,0.0,0.029,,13.419078542949112,12.2323281138955,0.2516701704345703,1,0.019,1.017,"{""maxlags"": 168}",31.820280824878928,29.68415895203696,0.6976199724617279,0,0.0,0.389,,13.793638356165276,13.31642159245206,0.2685021392995912,1,0.023,0.19,"{""maxlags"": 168}",27.99052707220872,22.68659458450853,0.6061644019478976,0,0.0,0.168,,32.09481263727023,42.18431715231076,0.7390180826453824,1,0.21,1.438,"{""yearly_seasonality"": false, ""weekly_seasonality"": true, ""daily_seasonality"": true, ""seasonality_mode"": ""additive""}",32.09481263727023,42.18431715231076,0.7390180826453824,0,0.0,0.546,,13.56954881640181,13.408241861795608,0.269521187613475,1,0.02,2.686,"{""maxlags"": 168}",51.26301661263652,35.84760541108914,0.9730520091866026,0,0.0,0.675,
358,H359,172800.0,without_retrain,0,,,,,,,,,,,,,,,,,,,,,,,,,,,,,,,,,,,,,,,,,,,12.248805288195795,23.07938162802988,0.6968107999704741,1.0,10.246,1.688,"{""order"": [32, 1, 0]}",,,,,,,,12.830828874059884,22.00807239594577,0.7015873696098834,0,0.0,4.833,,14.275463970419922,13.757751639213092,0.6171528464129551,0,0.0,5.376,,,,,,,,,,,,,,,,,,,,,,,,,,,,,,,,,,,,,,,,,,,,26.751249619791658,21.40864295572344,1.2274648274472526,1.0,0.041,1.169,"{""error"": ""add"", ""trend"": ""add"", ""damped_trend"": true, ""seasonal"": ""mul"", ""seasonal_periods"": 24}",,,,,,,,50.227331214601634,64.85967353992453,2.537640922160396,0,0.0,0.026,,8.065040183985717,9.087692902179974,0.3871560026988745,1,0.018,0.387,"{""maxlags"": 24}",8.875568688234415,10.586050769710624,0.4424270809091395,0,0.0,0.405,,9.837466309170038,11.81915299786336,0.4980891570636349,1,0.018,0.17,"{""maxlags"": 24}",10.27955856565963,11.170071980980069,0.4820583639389784,0,0.0,0.149,,17.186705112009445,24.356730311694378,0.9310025518102636,1,0.273,0.418,"{""yearly_seasonality"": false, ""weekly_seasonality"": true, ""daily_seasonality"": true, ""seasonality_mode"": ""multiplicative""}",17.81929487046655,25.49737980521472,0.9405806903272392,0,0.0,0.603,,8.083699291321455,9.152426385901997,0.3804112693276488,1,0.014,0.606,"{""maxlags"": 24}",8.569355361728874,9.90353533574369,0.4128071672823235,0,0.0,0.627,
359,H360,172800.0,without_retrain,0,,,,,,,,,,,,,,,,,,,,,,,,,,,,,,,,,,,,,,,,,,,,,,,,,,34.489411159496555,86.68451220257809,1.5992550935744372,1.0,9.267,0.259,"{""order"": [3, 1, 3]}",24.199610039273686,46.69022413611277,1.048308358801431,0,0.0,4.477,,22.82103498355245,46.38504973132697,0.9991458154920192,0,0.0,5.753,,,,,,,,,,,,,,,,,,,,,,,,,,,,,,,,,,,,,,,,,,,,,,,,,,,18.427967764129956,32.4435512559935,0.769791028824054,1.0,0.04,0.799,"{""error"": ""add"", ""trend"": ""add"", ""damped_trend"": true, ""seasonal"": ""mul"", ""seasonal_periods"": 24}",58.95128422707478,168.80269649195583,2.9098243793353737,0,0.0,0.037,,17.838306084747366,30.15972083189202,0.7394162001268471,1,0.023,0.432,"{""maxlags"": 24}",16.694397842034896,34.82596259301898,0.7669939651089139,0,0.0,0.353,,17.785883419096585,30.779132121819387,0.7409060529617827,1,0.024,0.242,"{""maxlags"": 24}",18.355045377624343,32.35621456980382,0.7736449778791149,0,0.0,0.141,,21.01488959516268,47.459567129510965,0.9454611990421924,1,0.365,0.786,"{""yearly_seasonality"": false, ""weekly_seasonality"": true, ""daily_seasonality"": true, ""seasonality_mode"": ""multiplicative""}",21.167116033483328,58.87461147509206,1.0920430196341735,0,0.0,0.614,,18.366201489922084,31.828603914329594,0.7705910707175035,1,0.022,0.615,"{""maxlags"": 24}",18.42816388553898,33.28282801295786,0.7886089140795779,0,0.0,0.608,
360,H361,172800.0,without_retrain,0,26.992182193027247,29.86536280224438,1.1024707313516144,1.0,22.042,4.492,"{""order"": [35, 0, 0]}",,,,,,,,,,,,,,,,,,,,,,,,,,,,,,,,,,,,,,,,,,,,,,,,,,30.889489923058044,35.56782507091614,1.3139427061063342,0,0.0,10.376,,29.914097417939168,29.724082591319405,1.1046098987362367,0,0.0,5.88,,56.07543924424465,49.58081642834867,2.2808273992782104,1.0,0.059,10.599,"{""error"": ""add"", ""trend"": null, ""damped_trend"": false, ""seasonal"": ""add"", ""seasonal_periods"": 168}",,,,,,,,,,,,,,,,,,,,,,,,,,,,,,,,,,,,,,,,,,,,,,,,,,69.92383997450047,59.73176291985272,2.851656657039934,0,0.0,0.038,,29.7075915517139,33.81234255974676,1.1928887451567929,1,0.029,0.984,"{""maxlags"": 168}",52.67431951330221,59.32602756222055,2.2551969165308416,0,0.0,0.41,,31.813781395611397,35.2758948261422,1.3260400549227536,1,0.026,0.202,"{""maxlags"": 168}",43.99216539426924,48.946836385543776,1.8334712396521715,0,0.0,0.142,,33.72022964280448,37.96530566535735,1.4030326993003406,1,0.351,0.71,"{""yearly_seasonality"": false, ""weekly_seasonality"": true, ""daily_seasonality"": true, ""seasonality_mode"": ""additive""}",33.72022964280448,37.96530566535735,1.4030326993003406,0,0.0,0.587,,27.965232636926057,31.592108008901565,1.113229557943743,1,0.021,2.544,"{""maxlags"": 168}",42.85242752180984,46.1612026284496,1.784536131807002,0,0.0,0.633,
361,H362,172800.0,without_retrain,0,,,,,,,,21.492234986452026,26.95969822001887,0.7533192510667658,1.0,12.565,3.687,"{""order"": [40, 1, 0]}",,,,,,,,,,,,,,,,,,,,,,,,,,,,,,,,,,,,,,,,,,,22.433265045301106,23.89938778082181,0.7519505086387133,0,0.0,4.621,,13.90815122053248,10.993197225164714,0.4313602874496269,0,0.0,6.339,,,,,,,,,14.228842446499252,11.49787663807198,0.4523632766344376,1.0,0.055,0.536,"{""error"": ""add"", ""trend"": null, ""damped_trend"": false, ""seasonal"": ""mul"", ""seasonal_periods"": 24}",,,,,,,,,,,,,,,,,,,,,,,,,,,,,,,,,,,,,,,,,,,155.08403857889542,197.66594851433524,6.302129221735797,0,0.0,0.024,,11.676667357238085,9.697497018371209,0.3560463630373272,1,0.026,0.369,"{""maxlags"": 24}",11.753370503388316,10.051526254002754,0.3676388078225667,0,0.0,0.378,,18.65591380462705,12.745091342471182,0.4672872075602552,1,0.027,0.177,"{""maxlags"": 24}",23.33637220542122,16.937574050255876,0.6491901379773619,0,0.0,0.152,,17.38937725116594,20.552142308698368,0.6221068548338495,1,0.699,0.566,"{""yearly_seasonality"": false, ""weekly_seasonality"": false, ""daily_seasonality"": true, ""seasonality_mode"": ""multiplicative""}",19.020577927527874,23.35517862961989,0.6946361022327764,0,0.0,0.53,,12.59991608064792,10.303878290719524,0.3883154240908029,1,0.023,0.634,"{""maxlags"": 24}",12.291550974733388,10.668934087410058,0.3902246206820396,0,0.0,0.588,
362,H363,172800.0,without_retrain,0,,,,,,,,,,,,,,,67.88208920209443,21.15681289491076,0.7789966199787597,1.0,17.314,3.549,"{""order"": [42, 0, 0]}",,,,,,,,,,,,,,,,,,,,,,,,,,,,,,,,,,,,73.33533754837573,35.80058226876205,0.821097235915328,0,0.0,6.361,,107.88962256879208,26.18221050561145,1.0637180456975237,0,0.0,5.417,,,,,,,,,,,,,,,,109.37119203769667,26.133400420246115,1.087029199577783,1.0,0.035,0.706,"{""error"": ""add"", ""trend"": null, ""damped_trend"": false, ""seasonal"": ""mul"", ""seasonal_periods"": 24}",,,,,,,,,,,,,,,,,,,,,,,,,,,,,,,,,,,,498.1674077904822,196.52503608706948,7.2789456249227,0,0.0,0.027,,108.69102747389157,23.13893943239565,1.0317705757443472,1,0.018,0.406,"{""maxlags"": 24}",110.861701603559,24.38551383738801,1.0622571453101,0,0.0,0.42,,89.68787975807068,20.75794598630697,0.9521543735874002,1,0.018,0.18,"{""maxlags"": 24}",109.37166489578227,24.15158715114183,1.0219894161667833,0,0.0,0.166,,95.70748769978566,39.11018789222734,1.2925122324459657,1,0.187,1.237,"{""yearly_seasonality"": false, ""weekly_seasonality"": true, ""daily_seasonality"": true, ""seasonality_mode"": ""multiplicative""}",95.68244322945964,40.81635564381703,1.3050244183865995,0,0.0,0.511,,61.005119142597984,18.26504050397476,0.6964282987449749,1,0.014,0.639,"{""maxlags"": 24}",107.68574288766648,23.70846947897225,1.031744711171524,0,0.0,0.645,
363,H364,172800.0,without_retrain,0,,,,,,,,,,,,,,,,,,,,,,5.75229842943383,15.480308464180403,0.7121116230038377,1.0,22.677,2.372,"{""order"": [46, 1, 0]}",,,,,,,,,,,,,,,,,,,,,,,,,,,,,4.855451863453833,12.910993896681845,0.5906522055697995,0,0.0,4.497,,8.547857551986931,19.01729442649504,0.9608748541171248,0,0.0,4.513,,,,,,,,,,,,,,,,,,,,,,,7.2088760622397565,15.870041687303512,0.83675146392765,1.0,0.046,0.266,"{""error"": ""add"", ""trend"": null, ""damped_trend"": false, ""seasonal"": ""mul"", ""seasonal_periods"": 24}",,,,,,,,,,,,,,,,,,,,,,,,,,,,,67.08654823910798,173.19951215838284,9.46165448631259,0,0.0,0.077,,5.215683292916648,12.47495063052675,0.6094662592788436,1,0.03,0.405,"{""maxlags"": 24}",5.546738470491589,14.343707170094676,0.6823513554755074,0,0.0,0.41,,5.565805693109826,13.582690754256555,0.6728068100380552,1,0.029,0.167,"{""maxlags"": 24}",5.594905569789486,13.473098839380166,0.6697358042281426,0,0.0,0.151,,6.8870996245849225,17.261526298539952,0.840684387783289,1,0.78,0.781,"{""yearly_seasonality"": false, ""weekly_seasonality"": true, ""daily_seasonality"": true, ""seasonality_mode"": ""multiplicative""}",6.545626090521883,16.849610485691983,0.7932859180776868,0,0.0,0.659,,5.8291999720644645,13.501259969143469,0.6832770947448455,1,0.025,0.585,"{""maxlags"": 24}",5.670426967758686,13.501542006038946,0.6593879684406802,0,0.0,0.513,
364,H365,172800.0,without_retrain,0,,,,,,,,,,,,,,,,,,,,,,,,,,,,,22.918441036463985,18.519038636446787,1.0404061484348193,1.0,31.108,4.557,"{""order"": [42, 0, 0]}",,,,,,,,,,,,,,,,,,,,,,23.58477872500736,18.93126517879353,1.060765471475068,0,0.0,4.989,,32.6171427941454,20.00440660495132,1.2930770442033943,0,0.0,6.661,,,,,,,,,,,,,,,,,,,,,,,,,,,,,,35.13874972121619,20.870286487265236,1.3914678063514818,1.0,0.05,0.811,"{""error"": ""add"", ""trend"": ""add"", ""damped_trend"": true, ""seasonal"": ""mul"", ""seasonal_periods"": 24}",,,,,,,,,,,,,,,,,,,,,,187.8697650844005,196.82347366317472,10.65741916378892,0,0.0,0.03,,27.52478950786344,15.73977734242574,1.0124391876722287,1,0.025,0.414,"{""maxlags"": 24}",27.8556606344547,15.753951541530682,1.0190558673665646,0,0.0,0.407,,28.19393304612499,16.488619884183706,1.059577761804032,1,0.024,0.183,"{""maxlags"": 24}",27.732758241219752,15.592164639572042,1.0060905782687763,0,0.0,0.167,,18.17159073483776,21.765519696986363,0.8785670090607013,1,0.423,1.378,"{""yearly_seasonality"": false, ""weekly_seasonality"": true, ""daily_seasonality"": true, ""seasonality_mode"": ""multiplicative""}",17.83292377942625,20.603599655087734,0.8606617370970451,0,0.0,0.574,,27.6689668311387,16.232698567146596,1.0328086759006032,1,0.02,0.62,"{""maxlags"": 24}",27.97792220484276,16.268274199847852,1.0395147709663697,0,0.0,0.645,
365,H366,172800.0,without_retrain,0,,,,,,,,,,,,,,,,,,,,,,,,,,,,,,,,,,,,63.34183340359808,47.610750842408855,1.1615951938524989,1.0,21.655,5.171,"{""order"": [47, 0, 0]}",,,,,,,,,,,,,,,67.30337518766613,46.49568032587545,1.0993226420798103,0,0.0,5.489,,238.7638686526768,107.66423715108948,5.711623352535381,0,0.0,4.818,,,,,,,,,,,,,,,,,,,,,,,,,,,,,,,,,,,,,279.7833911959073,96.7579917486871,5.510260176158351,1.0,0.077,1.521,"{""error"": ""add"", ""trend"": null, ""damped_trend"": false, ""seasonal"": ""mul"", ""seasonal_periods"": 72}",,,,,,,,,,,,,,,65.05084105665163,57.148100740233495,1.2717226878901842,0,0.0,0.036,,66.03426196506204,31.63691886693204,0.9259822635079816,1,0.015,0.57,"{""maxlags"": 72}",52.41205900377078,41.2084766881865,1.0094191608713825,0,0.0,0.413,,69.26899686059647,34.644093404873075,0.99926935766648,1,0.016,0.172,"{""maxlags"": 72}",56.98994599315014,48.73687979378327,1.0473807584489438,0,0.0,0.156,,52.955599423840376,52.10954236372127,1.0147971642997005,1,0.275,0.618,"{""yearly_seasonality"": false, ""weekly_seasonality"": false, ""daily_seasonality"": true, ""seasonality_mode"": ""multiplicative""}",57.59966581998353,57.14857248219409,1.1306061355925756,0,0.0,0.445,,38.84104981127179,29.17523826644896,0.7037981203026599,1,0.012,1.329,"{""maxlags"": 72}",60.44821868261983,46.50483333840097,1.0601031294463177,0,0.0,0.613,
366,H367,172800.0,without_retrain,0,,,,,,,,,,,,,,,,,,,,,,,,,,,,,,,,,,,,,,,,,,,33.054407785103145,27.1748916663435,1.0523071034050246,1.0,19.666,5.684,"{""order"": [48, 1, 0]}",,,,,,,,33.28581751345621,35.896594636046096,1.19095584144976,0,0.0,4.573,,39.760976306876266,30.32335207774996,1.2184192004087322,0,0.0,6.304,,,,,,,,,,,,,,,,,,,,,,,,,,,,,,,,,,,,,,,,,,,,34.91668110145193,26.086480264927,1.0936742450155017,1.0,0.043,0.45,"{""error"": ""add"", ""trend"": null, ""damped_trend"": false, ""seasonal"": ""mul"", ""seasonal_periods"": 24}",,,,,,,,133.7919270535251,182.0937789271244,5.161622658003914,0,0.0,0.035,,30.53178985947987,26.018077493108304,1.0290037236556144,1,0.018,0.395,"{""maxlags"": 24}",30.844618419103348,27.40485933112025,1.065240237911441,0,0.0,0.402,,39.79078523538273,35.487653495097106,1.3552189531503174,1,0.018,0.169,"{""maxlags"": 24}",34.948528367715994,30.988445072691885,1.1543773419774537,0,0.0,0.158,,33.430152433948884,32.50252800647878,1.145094646597944,1,0.699,0.388,"{""yearly_seasonality"": false, ""weekly_seasonality"": false, ""daily_seasonality"": true, ""seasonality_mode"": ""multiplicative""}",31.94002847647929,38.379314765996845,1.109657297411208,0,0.0,0.553,,29.850199489045107,26.46309491534729,1.0245000317590232,1,0.015,0.644,"{""maxlags"": 24}",32.82393468955896,27.7634970807871,1.1250926998633084,0,0.0,0.67,
367,H368,172800.0,without_retrain,0,,,,,,,,,,,,,,,,,,,,,,,,,,,,,,,,,,,,,,,,,,,,,,,,,,23.299250025591405,19.719341118195384,0.8864378782630754,1.0,11.099,2.337,"{""order"": [34, 0, 0]}",25.560943284274494,19.81804776801504,0.9490995382548512,0,0.0,4.69,,23.68565621921432,16.25391005510726,0.8786134069863195,0,0.0,5.63,,,,,,,,,,,,,,,,,,,,,,,,,,,,,,,,,,,,,,,,,,,,,,,,,,,24.39129273769424,16.49975175389827,0.8936352222243968,1.0,0.038,0.43,"{""error"": ""add"", ""trend"": null, ""damped_trend"": false, ""seasonal"": ""mul"", ""seasonal_periods"": 24}",113.79984091572152,122.5579284276708,5.124072172599546,0,0.0,0.073,,21.595693487387653,16.44207553281429,0.7966029817816862,1,0.017,0.395,"{""maxlags"": 24}",22.81694943104625,17.364599386906733,0.859180604263924,0,0.0,0.397,,38.43375299338187,24.052872620581883,1.335023421534448,1,0.02,0.172,"{""maxlags"": 24}",45.27883583395739,30.63952580056269,1.7183052260904983,0,0.0,0.147,,24.172123690741564,24.296726700928208,1.0246236068132832,1,0.191,1.143,"{""yearly_seasonality"": false, ""weekly_seasonality"": true, ""daily_seasonality"": true, ""seasonality_mode"": ""multiplicative""}",26.16507834004265,27.586926431214863,1.135567643084139,0,0.0,0.56,,22.39071037848058,16.995476154658483,0.8540649141771294,1,0.017,0.616,"{""maxlags"": 24}",31.726672121861057,22.540859636234128,1.1885075857726703,0,0.0,0.622,
368,H369,172800.0,without_retrain,0,153.84486499819184,61.38368837458177,2.040581581541701,1.0,13.058,1.885,"{""order"": [28, 0, 0]}",,,,,,,,,,,,,,,,,,,,,,,,,,,,,,,,,,,,,,,,,,,,,,,,,,153.83100448590184,61.24747401246975,2.0390493257914217,0,0.0,4.419,,143.58095286249278,52.99059046263054,1.9143286586461017,0,0.0,4.726,,114.0503656930612,34.59162967758825,1.4435355910721708,1.0,0.053,12.392,"{""error"": ""add"", ""trend"": null, ""damped_trend"": false, ""seasonal"": ""mul"", ""seasonal_periods"": 168}",,,,,,,,,,,,,,,,,,,,,,,,,,,,,,,,,,,,,,,,,,,,,,,,,,294.52979669755433,187.97690476982595,4.00099192617935,0,0.0,0.037,,22.16705120357644,16.326147081328557,0.2933569347148868,1,0.017,0.983,"{""maxlags"": 168}",183.0834531312024,66.3153354153496,2.125945734286073,0,0.0,0.419,,31.22549535110368,15.688039453665986,0.3481315383593341,1,0.018,0.176,"{""maxlags"": 168}",95.59580451481018,46.1042231988568,1.2249487769119198,0,0.0,0.146,,106.03103204698444,56.3602004435477,1.352760575065334,1,0.208,0.775,"{""yearly_seasonality"": false, ""weekly_seasonality"": true, ""daily_seasonality"": true, ""seasonality_mode"": ""multiplicative""}",107.13490945004943,57.42899665000744,1.337467341450021,0,0.0,0.475,,20.984660192830336,13.678238979754695,0.2783192798921166,1,0.016,2.775,"{""maxlags"": 168}",165.82579559440927,39.635988129578266,1.5786415174186732,0,0.0,0.641,
369,H370,172800.0,without_retrain,0,,,,,,,,202.3186480439711,53.35511498907706,1.553933815069932,1.0,36.939,12.93,"{""order"": [48, 0, 0]}",,,,,,,,,,,,,,,,,,,,,,,,,,,,,,,,,,,,,,,,,,,219.34250688057637,60.416488870911785,1.660039622572201,0,0.0,6.462,,1485.5327498351037,126.06382489300276,12.55315220649108,0,0.0,4.185,,,,,,,,,534.3714754930503,94.6822448318686,5.001951587136314,1.0,0.07,1.979,"{""error"": ""add"", ""trend"": null, ""damped_trend"": false, ""seasonal"": ""add"", ""seasonal_periods"": 72}",,,,,,,,,,,,,,,,,,,,,,,,,,,,,,,,,,,,,,,,,,,938.294853985793,121.69734308651466,9.291718677082685,0,0.0,0.035,,119.87413548738584,29.981417760889872,0.8384664620537214,1,0.017,0.633,"{""maxlags"": 72}",167.773151619385,54.270962965845605,1.4732624641733825,0,0.0,0.407,,129.90698534504537,33.01028912956942,0.8678312544798533,1,0.02,0.178,"{""maxlags"": 72}",311.11608895285667,100.46272929869792,2.624308995798069,0,0.0,0.158,,153.8028166302296,46.14171287188108,1.109929414070398,1,0.749,0.464,"{""yearly_seasonality"": false, ""weekly_seasonality"": false, ""daily_seasonality"": true, ""seasonality_mode"": ""additive""}",158.52653622410716,46.61962803871349,1.1655020324845078,0,0.0,1.093,,180.27915878007377,52.26495489847199,1.419708338377039,1,0.016,1.396,"{""maxlags"": 72}",191.84499588985472,54.69472113371097,1.5667428756610662,0,0.0,0.66,
370,H371,172800.0,without_retrain,0,,,,,,,,,,,,,,,22.596470443394683,38.33416409478855,1.0965143040212784,1.0,26.917,4.261,"{""order"": [34, 0, 0]}",,,,,,,,,,,,,,,,,,,,,,,,,,,,,,,,,,,,20.66885465463183,38.117278262101095,1.0566389093130335,0,0.0,6.212,,23.616243535307305,34.963113787993024,1.570705477324715,0,0.0,7.212,,,,,,,,,,,,,,,,16.784858924425304,25.11594574101392,0.949149857701609,1.0,0.047,0.337,"{""error"": ""add"", ""trend"": null, ""damped_trend"": false, ""seasonal"": ""mul"", ""seasonal_periods"": 24}",,,,,,,,,,,,,,,,,,,,,,,,,,,,,,,,,,,,44.3263792611617,128.2052664397618,2.9924977163189896,0,0.0,0.033,,21.17996152796099,23.300566669987656,0.959036859867382,1,0.025,0.411,"{""maxlags"": 24}",17.653188533103343,21.53912191571192,0.8668282840257507,0,0.0,0.386,,21.00268034895188,26.191761117647246,1.103336398362966,1,0.025,0.179,"{""maxlags"": 24}",21.294321394465328,24.26252889412332,1.010158913423976,0,0.0,0.163,,19.91570770729877,51.36371380743712,1.2888974702143663,1,0.202,0.564,"{""yearly_seasonality"": false, ""weekly_seasonality"": true, ""daily_seasonality"": true, ""seasonality_mode"": ""multiplicative""}",19.973026597418777,50.78063403643867,1.2889965963826753,0,0.0,0.534,,21.80518340830441,24.66692364968227,1.0155742578940583,1,0.024,0.638,"{""maxlags"": 24}",25.80375408447534,32.31082651458997,1.4152675853631385,0,0.0,0.578,
371,H372,172800.0,without_retrain,0,,,,,,,,,,,,,,,,,,,,,,18.62112805395621,20.722096288650164,1.0237144617499023,1.0,8.399,0.412,"{""order"": [24, 1, 0]}",,,,,,,,,,,,,,,,,,,,,,,,,,,,,18.34602735260692,20.83620452015003,1.012756439868648,0,0.0,6.092,,17.69817170578179,19.62089899826701,0.9965075295991364,0,0.0,5.516,,,,,,,,,,,,,,,,,,,,,,,20.089892955551417,22.88079059476444,1.1402577397126354,1.0,0.04,0.306,"{""error"": ""add"", ""trend"": null, ""damped_trend"": false, ""seasonal"": ""mul"", ""seasonal_periods"": 24}",,,,,,,,,,,,,,,,,,,,,,,,,,,,,148.8224141498462,184.9941199416652,10.557531667496862,0,0.0,0.037,,17.145837472490015,20.6622193504082,0.9765875234035928,1,0.023,0.39,"{""maxlags"": 24}",17.890019883550533,21.72444693558801,1.0247555849693488,0,0.0,0.387,,18.558193198778653,22.43323740634148,1.0585130357826589,1,0.023,0.168,"{""maxlags"": 24}",18.788512227339304,23.04471851436065,1.0814240709258416,0,0.0,0.145,,15.197810820341283,19.40913463690029,0.8898993152063362,1,1.212,0.431,"{""yearly_seasonality"": false, ""weekly_seasonality"": false, ""daily_seasonality"": true, ""seasonality_mode"": ""multiplicative""}",11.77356821514097,16.180922321276498,0.7076538169130044,0,0.0,0.545,,16.13184270723034,19.136374208604604,0.9115704953745508,1,0.018,0.638,"{""maxlags"": 24}",17.784902669701314,21.77098072382589,1.008861815268559,0,0.0,0.59,
372,H373,172800.0,without_retrain,0,,,,,,,,,,,,,,,,,,,,,,,,,,,,,72.24763017515079,79.55222215214785,2.014178491124769,1.0,23.262,1.71,"{""order"": [32, 0, 0]}",,,,,,,,,,,,,,,,,,,,,,69.29369069048442,66.98887178442277,1.8839315422640408,0,0.0,5.531,,94.43520320667656,108.43225390753928,2.8293478265552032,0,0.0,6.68,,,,,,,,,,,,,,,,,,,,,,,,,,,,,,67.96495833136743,50.05662939600203,1.7896038830878964,1.0,0.03,1.11,"{""error"": ""add"", ""trend"": ""add"", ""damped_trend"": true, ""seasonal"": ""mul"", ""seasonal_periods"": 24}",,,,,,,,,,,,,,,,,,,,,,239.69611393512724,188.7464627871159,8.380103160015326,0,0.0,0.041,,55.87627192150607,31.901398098405632,1.301685277781161,1,0.017,0.391,"{""maxlags"": 24}",47.32040453936642,27.75540051233504,1.109360273601503,0,0.0,0.375,,17.422062955285643,13.397389687581706,0.438857454201466,1,0.017,0.171,"{""maxlags"": 24}",58.32291067142387,37.63759837091462,1.393825042997376,0,0.0,0.159,,26.23189847203184,24.70927730400544,0.695994539208348,1,0.202,1.432,"{""yearly_seasonality"": false, ""weekly_seasonality"": true, ""daily_seasonality"": true, ""seasonality_mode"": ""multiplicative""}",27.689877612445613,24.23918771548728,0.7392860522099509,0,0.0,0.661,,48.37667429777005,24.659456458093008,1.0713292489486863,1,0.013,0.679,"{""maxlags"": 24}",16.499406246114802,12.8018683441126,0.4414921156124462,0,0.0,0.626,
373,H374,172800.0,without_retrain,0,,,,,,,,,,,,,,,,,,,,,,,,,,,,,,,,,,,,200.65113053976265,94.95838137836836,3.0078058357646094,1.0,19.718,4.111,"{""order"": [41, 0, 0]}",,,,,,,,,,,,,,,250.9088142041379,130.45263287000364,3.989139354115625,0,0.0,5.505,,468.58731547707,186.9025306646664,6.9090881074300015,0,0.0,3.95,,,,,,,,,,,,,,,,,,,,,,,,,,,,,,,,,,,,,319.6093638277811,147.60657532637146,4.75140439387551,1.0,0.041,1.022,"{""error"": ""add"", ""trend"": ""add"", ""damped_trend"": true, ""seasonal"": ""mul"", ""seasonal_periods"": 24}",,,,,,,,,,,,,,,257.4378488774757,84.05448491144207,3.615035410117436,0,0.0,0.025,,174.33780886329876,53.53316758661534,2.375329908187988,1,0.014,0.407,"{""maxlags"": 24}",178.62123018388837,53.92290675336506,2.4601024730234644,0,0.0,0.391,,189.1768803283705,57.1582745600219,2.657403917460431,1,0.017,0.176,"{""maxlags"": 24}",174.9780138942973,47.50451252547189,2.3030785756231,0,0.0,0.169,,93.6667542798758,25.69013090402198,1.2170542419682908,1,0.199,0.53,"{""yearly_seasonality"": false, ""weekly_seasonality"": true, ""daily_seasonality"": true, ""seasonality_mode"": ""multiplicative""}",90.60584026946776,35.82788479969065,1.2208981298080344,0,0.0,0.767,,172.98571971823716,55.059526726396335,2.3686363456958888,1,0.014,0.628,"{""maxlags"": 24}",189.10936978875296,55.23210459281571,2.5710889860262616,0,0.0,0.623,
374,H375,172800.0,without_retrain,0,,,,,,,,,,,,,,,,,,,,,,,,,,,,,,,,,,,,,,,,,,,25.366095114188703,38.53562983055495,1.9806479495467344,1.0,4.122,0.881,"{""order"": [45, 1, 0]}",,,,,,,,27.57851720897217,41.34893788631174,2.192714838687169,0,0.0,6.141,,86.1512535881522,190.2932033789148,8.386089140510109,0,0.0,0.231,,,,,,,,,,,,,,,,,,,,,,,,,,,,,,,,,,,,,,,,,,,,62.21584019607469,65.22315291237895,4.771679786240088,1.0,0.04,0.643,"{""error"": ""add"", ""trend"": ""add"", ""damped_trend"": true, ""seasonal"": ""mul"", ""seasonal_periods"": 24}",,,,,,,,355.368770587395,195.5978453571637,32.935525814160606,0,0.0,0.097,,7.691710494861034,17.93521994688928,0.64750524887595,1,0.012,0.407,"{""maxlags"": 24}",7.10158167468495,17.16634415571381,0.5842925328404562,0,0.0,0.386,,8.472298158133485,19.51374862220176,0.6725353536199284,1,0.016,0.159,"{""maxlags"": 24}",8.071748521796456,19.05590035610392,0.6554831516741901,0,0.0,0.14,,20.27558455553347,36.73971365061392,1.7175698383459246,1,0.29,0.976,"{""yearly_seasonality"": false, ""weekly_seasonality"": false, ""daily_seasonality"": true, ""seasonality_mode"": ""multiplicative""}",15.341123567552302,36.54847713183802,1.462685923500526,0,0.0,0.539,,9.251187564567523,18.99523484593344,0.7308863209023637,1,0.015,0.605,"{""maxlags"": 24}",7.099211136600354,16.60499991763475,0.578582265463933,0,0.0,0.551,
375,H376,172800.0,without_retrain,0,,,,,,,,,,,,,,,,,,,,,,,,,,,,,,,,,,,,,,,,,,,,,,,,,,75.59871346704897,39.91002849785404,1.9758189641384585,1.0,21.778,1.397,"{""order"": [26, 0, 0]}",73.62041367305945,39.4913436140117,1.925776817022516,0,0.0,4.931,,80.4120536119784,35.97938037190258,2.060102386663495,0,0.0,4.578,,,,,,,,,,,,,,,,,,,,,,,,,,,,,,,,,,,,,,,,,,,,,,,,,,,79.21111036587642,35.332356689242665,2.018786251019342,1.0,0.049,0.595,"{""error"": ""add"", ""trend"": null, ""damped_trend"": false, ""seasonal"": ""mul"", ""seasonal_periods"": 24}",516.6325713762014,194.35142679949368,15.43350450548032,0,0.0,0.06,,79.56237571640615,33.38719642748469,1.9504406792961293,1,0.03,0.399,"{""maxlags"": 24}",80.37622936246619,33.672723965833974,1.966476302510861,0,0.0,0.398,,76.55817826063635,32.655745690033775,1.9060144702784465,1,0.026,0.167,"{""maxlags"": 24}",81.35014035383938,35.371575223906014,2.021718466893848,0,0.0,0.139,,72.37505539099033,31.20237202843178,1.7324016743565476,1,0.214,0.89,"{""yearly_seasonality"": false, ""weekly_seasonality"": false, ""daily_seasonality"": true, ""seasonality_mode"": ""multiplicative""}",64.35187829252443,30.11453757991917,1.5733469296075655,0,0.0,0.591,,76.37581254949336,31.80158722390449,1.862001186492921,1,0.023,0.687,"{""maxlags"": 24}",77.72853319371482,32.04350763344215,1.8887202564965453,0,0.0,0.645,
376,H377,172800.0,without_retrain,0,53.48600849186449,47.213962083399714,1.8406183196960249,1.0,17.256,1.602,"{""order"": [32, 0, 0]}",,,,,,,,,,,,,,,,,,,,,,,,,,,,,,,,,,,,,,,,,,,,,,,,,,52.86291772913493,47.18797485089087,1.818826982442214,0,0.0,4.372,,70.79262296307374,42.80647455067872,2.057097004374907,0,0.0,5.767,,74.69543552582346,43.471166368278205,2.168391733227148,1.0,0.046,0.72,"{""error"": ""add"", ""trend"": null, ""damped_trend"": false, ""seasonal"": ""mul"", ""seasonal_periods"": 24}",,,,,,,,,,,,,,,,,,,,,,,,,,,,,,,,,,,,,,,,,,,,,,,,,,58.231566480968766,81.99550724616319,2.3052241257651738,0,0.0,0.199,,43.122227945498025,33.50431015807447,1.338441745031061,1,0.014,0.408,"{""maxlags"": 24}",58.44261518943994,35.70018731328255,1.6830484088671789,0,0.0,0.408,,15.35561529775928,19.28941918450315,0.5497752160085465,1,0.016,0.171,"{""maxlags"": 24}",28.976124938009622,22.37384441198013,0.8662657622130231,0,0.0,0.149,,41.609509590878496,63.74691358381724,1.5337047081508608,1,0.642,0.402,"{""yearly_seasonality"": false, ""weekly_seasonality"": true, ""daily_seasonality"": true, ""seasonality_mode"": ""multiplicative""}",40.54881705221237,61.26060203940199,1.4871394829234392,0,0.0,0.766,,12.248509083624072,17.51094717451777,0.4745541718333562,1,0.013,0.639,"{""maxlags"": 24}",14.833242029067014,20.66614248061773,0.5518251341158843,0,0.0,0.586,
377,H378,172800.0,without_retrain,0,,,,,,,,8.595216531655225,17.090981498188928,0.6756338534835086,1.0,18.212,1.679,"{""order"": [46, 1, 0]}",,,,,,,,,,,,,,,,,,,,,,,,,,,,,,,,,,,,,,,,,,,9.325094776876652,18.920531303661647,0.7527778260035175,0,0.0,4.211,,8.60075477668827,20.22384113765116,0.7553724490291919,0,0.0,5.241,,,,,,,,,32.31606639431556,89.77720319355588,2.8161766016221983,1.0,0.044,0.599,"{""error"": ""add"", ""trend"": ""add"", ""damped_trend"": true, ""seasonal"": ""mul"", ""seasonal_periods"": 24}",,,,,,,,,,,,,,,,,,,,,,,,,,,,,,,,,,,,,,,,,,,57.09416120503487,193.0498491353681,5.497117163199234,0,0.0,0.141,,9.231411090687011,19.88493440548872,0.7805253947550614,1,0.017,0.398,"{""maxlags"": 24}",9.84315361850462,21.040700645887046,0.8262864596105469,0,0.0,0.403,,12.637411119724492,24.55209104124925,1.024114171418271,1,0.021,0.177,"{""maxlags"": 24}",13.429303842911002,26.04700430485438,1.0810599512944066,0,0.0,0.145,,7.871534172758909,17.282287828737058,0.6584607976103252,1,0.77,1.349,"{""yearly_seasonality"": false, ""weekly_seasonality"": true, ""daily_seasonality"": true, ""seasonality_mode"": ""multiplicative""}",8.288580569511302,16.838821647499437,0.6765273714337575,0,0.0,0.626,,8.60878030463181,19.40912385411957,0.7415092896251226,1,0.019,0.571,"{""maxlags"": 24}",10.090595668407015,21.86754316570192,0.8630508950435493,0,0.0,0.617,
378,H379,172800.0,without_retrain,0,,,,,,,,,,,,,,,12.251939683123808,26.906162251827848,0.9875757419585128,1.0,14.398,2.427,"{""order"": [31, 0, 0]}",,,,,,,,,,,,,,,,,,,,,,,,,,,,,,,,,,,,12.361636818630483,26.751462265473595,0.9855036539038164,0,0.0,4.878,,18.201952387851467,37.74652625533067,1.4425044743616695,0,0.0,3.956,,,,,,,,,,,,,,,,14.10608488712792,28.010715519824917,1.0781861276423956,1.0,0.044,0.289,"{""error"": ""add"", ""trend"": null, ""damped_trend"": false, ""seasonal"": ""mul"", ""seasonal_periods"": 24}",,,,,,,,,,,,,,,,,,,,,,,,,,,,,,,,,,,,27.219809222183628,63.97266038033094,2.092841298077451,0,0.0,0.035,,14.416155229851656,29.99798406674161,1.1181766590530997,1,0.027,0.408,"{""maxlags"": 24}",13.629478844671306,28.985253970181123,1.073745366974352,0,0.0,0.388,,17.223664066295452,31.80390989566021,1.281660651383808,1,0.025,0.166,"{""maxlags"": 24}",14.853625920532668,29.46861266475183,1.1437304643170674,0,0.0,0.157,,11.694514670653048,26.54261718533259,0.9734132923085572,1,0.192,1.162,"{""yearly_seasonality"": false, ""weekly_seasonality"": true, ""daily_seasonality"": true, ""seasonality_mode"": ""multiplicative""}",11.345485668562036,25.256609682467104,0.9356143554354692,0,0.0,0.552,,15.78721553227618,31.22123780842368,1.1823010068760416,1,0.022,0.673,"{""maxlags"": 24}",13.061886363135145,27.97673343107273,1.027130140372145,0,0.0,0.56,
379,H380,172800.0,without_retrain,0,,,,,,,,,,,,,,,,,,,,,,22.70436560176729,21.439288010130767,0.9897540638714564,1.0,16.349,2.732,"{""order"": [33, 1, 0]}",,,,,,,,,,,,,,,,,,,,,,,,,,,,,23.314442683309192,22.662393110811507,1.0492986377854123,0,0.0,4.895,,143.4045769154747,69.93279782910811,7.058820390067944,0,0.0,6.803,,,,,,,,,,,,,,,,,,,,,,,27.40057864207708,22.23397763651506,1.1136023102962926,1.0,0.033,0.341,"{""error"": ""add"", ""trend"": null, ""damped_trend"": false, ""seasonal"": ""mul"", ""seasonal_periods"": 24}",,,,,,,,,,,,,,,,,,,,,,,,,,,,,53.62477988858829,56.529020081416206,2.870795884680652,0,0.0,0.12,,24.402939280527217,19.55886093681986,0.981189608199491,1,0.018,0.458,"{""maxlags"": 24}",23.73554703008244,17.66562953611429,0.9716497421738458,0,0.0,0.438,,21.285677213229,15.827700331104856,0.856454464117265,1,0.018,0.245,"{""maxlags"": 24}",23.199307522333136,16.115745234151355,0.9203759545676228,0,0.0,0.164,,24.41537971068321,21.261903387187896,0.9951572467463476,1,0.828,0.408,"{""yearly_seasonality"": false, ""weekly_seasonality"": true, ""daily_seasonality"": true, ""seasonality_mode"": ""multiplicative""}",24.132817043796425,21.34118889565703,0.9743341765673976,0,0.0,0.553,,23.06842200945931,17.329726930233516,0.922853324920898,1,0.015,0.735,"{""maxlags"": 24}",25.66062248763049,18.54524957083704,1.0851009612959963,0,0.0,0.61,
380,H381,172800.0,without_retrain,0,,,,,,,,,,,,,,,,,,,,,,,,,,,,,55.45005925175625,32.09548817291687,1.4327827769032415,1.0,4.216,0.342,"{""order"": [27, 1, 0]}",,,,,,,,,,,,,,,,,,,,,,56.63102069674813,32.70259635000528,1.4608757276491906,0,0.0,4.475,,106.19169097322388,43.96311610320996,2.709630896919741,0,0.0,4.352,,,,,,,,,,,,,,,,,,,,,,,,,,,,,,61.29638748004135,32.53409598507984,1.5395028258794543,1.0,0.04,0.5,"{""error"": ""add"", ""trend"": null, ""damped_trend"": false, ""seasonal"": ""mul"", ""seasonal_periods"": 24}",,,,,,,,,,,,,,,,,,,,,,356.060858677393,183.18532623039152,10.675861849748594,0,0.0,0.04,,61.660991536437066,31.27924902323937,1.5037012435744828,1,0.02,0.482,"{""maxlags"": 24}",62.249870051175215,31.92741832650039,1.5183370006044654,0,0.0,0.392,,60.849868533307856,30.532569806657197,1.4824085955787936,1,0.019,0.181,"{""maxlags"": 24}",54.392284757152986,26.33820056625113,1.3006287216749794,0,0.0,0.15,,55.88836605157849,30.277891699820557,1.3823116872430046,1,0.19,1.064,"{""yearly_seasonality"": false, ""weekly_seasonality"": false, ""daily_seasonality"": true, ""seasonality_mode"": ""multiplicative""}",49.62011275419778,24.73290272433954,1.1515908435517233,0,0.0,0.619,,63.768589958360295,31.84451955342878,1.549526767420821,1,0.015,0.72,"{""maxlags"": 24}",59.82992024946174,28.91105226517212,1.413765339999374,0,0.0,0.631,
381,H382,172800.0,without_retrain,0,,,,,,,,,,,,,,,,,,,,,,,,,,,,,,,,,,,,30.439355889308462,26.81256187262976,1.1275688511205535,1.0,18.339,1.631,"{""order"": [34, 0, 0]}",,,,,,,,,,,,,,,29.4698092849685,33.12812720911591,1.2404645395520142,0,0.0,4.706,,75.91400255437485,69.97084605591272,4.349510725436414,0,0.0,6.26,,,,,,,,,,,,,,,,,,,,,,,,,,,,,,,,,,,,,30.616664871132528,33.029004533049644,1.407353872016616,1.0,0.039,0.591,"{""error"": ""add"", ""trend"": null, ""damped_trend"": false, ""seasonal"": ""mul"", ""seasonal_periods"": 24}",,,,,,,,,,,,,,,178.65647922851048,192.8057277391492,11.425205293053793,0,0.0,0.033,,31.09388506993744,25.939786557007952,1.074785716985602,1,0.014,0.394,"{""maxlags"": 24}",36.67408616336719,40.67492065572444,1.760002294237532,0,0.0,0.398,,24.023086858846288,20.957567199092768,0.8556323339052145,1,0.016,0.173,"{""maxlags"": 24}",30.37480811307904,25.545275563099285,1.073249596038489,0,0.0,0.149,,24.99368239425292,48.392515887804144,1.328618708159216,1,0.683,0.406,"{""yearly_seasonality"": false, ""weekly_seasonality"": true, ""daily_seasonality"": true, ""seasonality_mode"": ""multiplicative""}",23.826312114086488,44.30292197007015,1.2214263354462875,0,0.0,0.581,,30.75536030797528,25.253204224922506,1.075650120476929,1,0.013,0.58,"{""maxlags"": 24}",29.43494303033653,26.771228627501227,1.105513069122624,0,0.0,0.62,
382,H383,172800.0,without_retrain,0,,,,,,,,,,,,,,,,,,,,,,,,,,,,,,,,,,,,,,,,,,,10.905600963399497,27.08546122520297,1.0848525805734872,1.0,17.514,6.517,"{""order"": [46, 0, 0]}",,,,,,,,10.811115297930495,24.577927349538204,1.0180897208643465,0,0.0,4.774,,16.74867852720887,51.679508407209134,1.7823273881029884,0,0.0,6.041,,,,,,,,,,,,,,,,,,,,,,,,,,,,,,,,,,,,,,,,,,,,7.7305160008088,17.761124928415995,0.6931145831874806,1.0,0.044,0.363,"{""error"": ""add"", ""trend"": null, ""damped_trend"": false, ""seasonal"": ""mul"", ""seasonal_periods"": 24}",,,,,,,,53.42295082830245,180.64771046149264,6.350611215269583,0,0.0,0.071,,7.715556131623208,20.292952417517643,0.7876484373529721,1,0.02,0.463,"{""maxlags"": 24}",9.4042377879584,25.050209593396364,1.002885859928506,0,0.0,0.395,,9.554812045644354,23.548054373785224,0.9015860074019728,1,0.026,0.175,"{""maxlags"": 24}",6.896789204536773,18.77079304744648,0.7561696457476638,0,0.0,0.168,,7.433778415833037,18.437156429675216,0.76782162160867,1,0.529,0.997,"{""yearly_seasonality"": false, ""weekly_seasonality"": false, ""daily_seasonality"": true, ""seasonality_mode"": ""multiplicative""}",7.822713463054509,19.30336274850756,0.8001162662195022,0,0.0,0.505,,8.528357470859875,20.539616107356547,0.828615698670462,1,0.023,0.732,"{""maxlags"": 24}",6.232312096576633,18.00808964670697,0.6897344830231216,0,0.0,0.569,
383,H384,172800.0,without_retrain,0,,,,,,,,,,,,,,,,,,,,,,,,,,,,,,,,,,,,,,,,,,,,,,,,,,13.529425238385532,25.71575569385992,0.678220901395716,1.0,32.624,10.007,"{""order"": [51, 0, 0]}",16.295679499758496,28.3799026972018,0.797561289666541,0,0.0,4.564,,240.39737996551497,191.92853549290908,12.64498817039204,0,0.0,0.336,,,,,,,,,,,,,,,,,,,,,,,,,,,,,,,,,,,,,,,,,,,,,,,,,,,17.556738418674406,50.60949856856877,0.8345742288548199,1.0,0.06,10.129,"{""error"": ""add"", ""trend"": null, ""damped_trend"": false, ""seasonal"": ""add"", ""seasonal_periods"": 168}",176.86991728751943,190.9900399386721,9.54259417351541,0,0.0,0.051,,13.967028606831354,16.32448332473675,0.5580227233883235,1,0.023,0.966,"{""maxlags"": 168}",19.675693626160307,28.7656368593899,0.8395365110825458,0,0.0,0.363,,27.834090337292714,24.018596023197382,1.0618504554163932,1,0.025,0.173,"{""maxlags"": 168}",21.10049985675801,32.70710369294876,0.9276127808364824,0,0.0,0.137,,18.699837578132804,35.409687787428055,0.9561181850961352,1,0.214,1.225,"{""yearly_seasonality"": false, ""weekly_seasonality"": true, ""daily_seasonality"": true, ""seasonality_mode"": ""additive""}",18.699837578132804,35.409687787428055,0.9561181850961352,0,0.0,0.697,,13.053765473839722,16.744435366288645,0.5401925383090751,1,0.02,2.408,"{""maxlags"": 168}",19.14069911649637,29.36568943607405,0.8467169681903147,0,0.0,0.556,
384,H385,172800.0,without_retrain,0,25.59624306300308,33.091973221346976,1.32328469856531,1.0,4.858,0.322,"{""order"": [26, 1, 0]}",,,,,,,,,,,,,,,,,,,,,,,,,,,,,,,,,,,,,,,,,,,,,,,,,,26.36802985497552,34.79357414494155,1.3747925634184373,0,0.0,4.495,,34.417133866802025,45.65216712493367,1.7828285943204996,0,0.0,6.166,,29.798982352373606,38.18715713248954,1.5410211193573502,1.0,0.042,0.311,"{""error"": ""add"", ""trend"": null, ""damped_trend"": false, ""seasonal"": ""mul"", ""seasonal_periods"": 24}",,,,,,,,,,,,,,,,,,,,,,,,,,,,,,,,,,,,,,,,,,,,,,,,,,212.42566522290596,198.5223257932672,13.102748527203437,0,0.0,0.105,,24.29614555978853,32.469542633652075,1.2912763085966183,1,0.019,0.398,"{""maxlags"": 24}",28.922106601568203,42.36782278323676,1.5814538613993774,0,0.0,0.406,,28.1562717711364,43.55731054011091,1.524909264486469,1,0.02,0.177,"{""maxlags"": 24}",35.268537959175816,54.2769189057178,1.937728328176829,0,0.0,0.158,,14.79656475686935,21.76922010499005,0.7807333883961164,1,0.544,0.399,"{""yearly_seasonality"": false, ""weekly_seasonality"": true, ""daily_seasonality"": true, ""seasonality_mode"": ""multiplicative""}",13.97892230165204,21.900031554406187,0.7482924371913571,0,0.0,0.489,,31.07014869958352,46.21695717591232,1.703115658493357,1,0.017,0.596,"{""maxlags"": 24}",31.33460062455985,47.26715866462289,1.7320056625359426,0,0.0,0.635,
385,H386,172800.0,without_retrain,0,,,,,,,,29.26740977900201,35.36112325889133,1.4976590411609276,1.0,22.41,2.453,"{""order"": [38, 0, 0]}",,,,,,,,,,,,,,,,,,,,,,,,,,,,,,,,,,,,,,,,,,,29.417155517141776,34.71707255005462,1.4931605139722433,0,0.0,4.749,,29.853890563122267,27.986021946163373,1.335008784587738,0,0.0,7.059,,,,,,,,,34.695525295852086,33.38595393076708,1.571886445501585,1.0,0.05,0.837,"{""error"": ""add"", ""trend"": null, ""damped_trend"": false, ""seasonal"": ""mul"", ""seasonal_periods"": 24}",,,,,,,,,,,,,,,,,,,,,,,,,,,,,,,,,,,,,,,,,,,59.78958632168495,95.8605639956845,3.200212054903873,0,0.0,0.298,,35.67043054104339,33.07080230382679,1.6187804059467985,1,0.025,0.459,"{""maxlags"": 24}",34.31000202711029,36.77195639350449,1.7778241816801998,0,0.0,0.411,,36.28220183240303,34.80804116966794,1.545018357877724,1,0.028,0.173,"{""maxlags"": 24}",36.29023143917894,33.922674134792025,1.4780479229231318,0,0.0,0.153,,30.20654890725289,55.04894230703817,1.7359637173908993,1,0.195,0.796,"{""yearly_seasonality"": false, ""weekly_seasonality"": true, ""daily_seasonality"": true, ""seasonality_mode"": ""multiplicative""}",30.32798717144522,54.30220309505042,1.7395498361152129,0,0.0,0.518,,32.9138610475494,32.94536606510776,1.5130013471319792,1,0.022,0.665,"{""maxlags"": 24}",35.72368866422508,32.64438293366124,1.4179862728644383,0,0.0,0.622,
386,H387,172800.0,without_retrain,0,,,,,,,,,,,,,,,23.151310907950663,30.42293171238803,1.2155024288592304,1.0,14.742,1.521,"{""order"": [45, 1, 0]}",,,,,,,,,,,,,,,,,,,,,,,,,,,,,,,,,,,,24.106964372304603,31.316215507831128,1.2761472132747589,0,0.0,5.074,,136.3768792449543,182.25218215598852,9.36323191264701,0,0.0,0.327,,,,,,,,,,,,,,,,21.966932951923354,28.49790272435884,1.1567323152835058,1.0,0.045,0.748,"{""error"": ""add"", ""trend"": ""add"", ""damped_trend"": true, ""seasonal"": ""mul"", ""seasonal_periods"": 24}",,,,,,,,,,,,,,,,,,,,,,,,,,,,,,,,,,,,36.51487027063399,55.15504638303903,2.026414180963648,0,0.0,0.058,,22.614208431739083,29.43238137672903,1.1620452799951322,1,0.021,0.37,"{""maxlags"": 24}",22.782178596905204,30.222068789341776,1.1795238571484916,0,0.0,0.379,,22.982763342684507,28.92888298638629,1.1683075828595035,1,0.027,0.171,"{""maxlags"": 24}",22.426694421726847,27.624302699661246,1.1197649399482648,0,0.0,0.142,,21.15270875216444,30.57836527044345,1.1610559023814442,1,0.709,0.411,"{""yearly_seasonality"": false, ""weekly_seasonality"": false, ""daily_seasonality"": true, ""seasonality_mode"": ""multiplicative""}",13.974863636850964,21.27852251527322,0.8197957926717621,0,0.0,0.739,,23.644493160735408,30.20042145130737,1.2099046811010314,1,0.024,0.653,"{""maxlags"": 24}",23.33575344115747,28.859962867638348,1.1643679981388233,0,0.0,0.618,
387,H388,172800.0,without_retrain,0,,,,,,,,,,,,,,,,,,,,,,44.377650880409846,40.604119483310335,1.3472871738249417,1.0,24.687,5.843,"{""order"": [48, 1, 0]}",,,,,,,,,,,,,,,,,,,,,,,,,,,,,37.73122215132632,33.09042346201621,1.0787261563108232,0,0.0,5.378,,59.65910029364752,38.89687611424714,1.5766809196648612,0,0.0,5.631,,,,,,,,,,,,,,,,,,,,,,,12.677379736054126,18.429773986574126,0.4317400264960425,1.0,0.052,10.069,"{""error"": ""add"", ""trend"": null, ""damped_trend"": false, ""seasonal"": ""add"", ""seasonal_periods"": 168}",,,,,,,,,,,,,,,,,,,,,,,,,,,,,99.11868053036292,188.3625321538504,3.50934757249752,0,0.0,0.209,,7.601880927169113,9.207443063012676,0.2253372806776145,1,0.023,1.005,"{""maxlags"": 168}",44.63834891011336,34.46091801113328,1.249522765242424,0,0.0,0.388,,13.462871852203255,13.169836963457294,0.3832423337048974,1,0.028,0.18,"{""maxlags"": 168}",13.318920736188096,16.56586380148668,0.4127931425829562,0,0.0,0.163,,33.78252606779299,59.42569830956611,1.1247693962671403,1,0.216,1.232,"{""yearly_seasonality"": false, ""weekly_seasonality"": true, ""daily_seasonality"": true, ""seasonality_mode"": ""additive""}",33.78252606779299,59.42569830956611,1.1247693962671403,0,0.0,0.536,,9.557527229170788,11.278355086190288,0.2913659398475862,1,0.022,2.694,"{""maxlags"": 168}",14.413322070125783,18.03678039447921,0.451647960943054,0,0.0,0.63,
388,H389,172800.0,without_retrain,0,,,,,,,,,,,,,,,,,,,,,,,,,,,,,47.472956914936645,119.5756277913279,2.853358346536082,1.0,12.352,1.751,"{""order"": [33, 0, 0]}",,,,,,,,,,,,,,,,,,,,,,40.39003426555629,90.70987408050723,2.3233809259307594,0,0.0,4.927,,40.08100117414277,70.30647724645597,2.234207802528473,0,0.0,6.893,,,,,,,,,,,,,,,,,,,,,,,,,,,,,,30.826850614071898,43.79881888329347,1.620629802470561,1.0,0.032,0.713,"{""error"": ""add"", ""trend"": ""add"", ""damped_trend"": true, ""seasonal"": ""mul"", ""seasonal_periods"": 24}",,,,,,,,,,,,,,,,,,,,,,67.99539682551872,165.40764505353636,3.895157718055296,0,0.0,0.139,,31.52375931262248,38.79288270759497,1.4662468394126786,1,0.02,0.379,"{""maxlags"": 24}",36.53843117991912,53.79155968009195,1.856023314102378,0,0.0,0.407,,38.885577339309904,52.39557722152674,1.9827334051094256,1,0.018,0.169,"{""maxlags"": 24}",40.53636572219132,60.35206302498956,2.129067786705136,0,0.0,0.139,,18.620450007228428,27.948778124847365,0.959690399755976,1,0.192,0.783,"{""yearly_seasonality"": false, ""weekly_seasonality"": true, ""daily_seasonality"": true, ""seasonality_mode"": ""multiplicative""}",17.728938056510316,30.476099023630848,0.9390431404394176,0,0.0,0.545,,35.66790233351819,45.0533267493143,1.7415064926282524,1,0.024,0.608,"{""maxlags"": 24}",34.4416801779395,43.1588832694565,1.6229309960281844,0,0.0,0.616,
389,H390,172800.0,without_retrain,0,,,,,,,,,,,,,,,,,,,,,,,,,,,,,,,,,,,,7.17375889165391,19.42862668107273,0.899378039489917,1.0,7.345,0.46,"{""order"": [32, 1, 0]}",,,,,,,,,,,,,,,7.234766199698757,20.11725328247549,0.9250276532602428,0,0.0,5.089,,8.964129065887112,21.86909857635023,1.0408583947980268,0,0.0,5.408,,,,,,,,,,,,,,,,,,,,,,,,,,,,,,,,,,,,,8.079711119476125,24.17645373545941,1.0429223412112485,1.0,0.059,10.881,"{""error"": ""add"", ""trend"": null, ""damped_trend"": false, ""seasonal"": ""add"", ""seasonal_periods"": 168}",,,,,,,,,,,,,,,36.5909113435818,163.57084742419286,5.623001632151737,0,0.0,0.224,,5.846610702807337,16.68132465349764,0.7665716098043763,1,0.024,0.972,"{""maxlags"": 168}",8.297440841639256,24.72299720637859,1.1460073310723753,0,0.0,0.404,,5.554830850511116,14.799016178916128,0.6824284915111315,1,0.025,0.173,"{""maxlags"": 168}",9.630557566718975,22.248655141686758,1.0833678285767905,0,0.0,0.17,,7.449921304566941,21.45742661704151,0.9760146337694398,1,0.49,0.73,"{""yearly_seasonality"": false, ""weekly_seasonality"": true, ""daily_seasonality"": true, ""seasonality_mode"": ""additive""}",7.449921304566941,21.45742661704151,0.9760146337694398,0,0.0,0.499,,6.044162821586527,16.515173522603856,0.759764324967362,1,0.023,2.115,"{""maxlags"": 168}",8.204602897743333,24.18533569906621,1.120728699644827,0,0.0,0.557,
390,H391,172800.0,without_retrain,0,,,,,,,,,,,,,,,,,,,,,,,,,,,,,,,,,,,,,,,,,,,54.29731639898876,48.87984214255124,1.7591563684827938,1.0,21.195,3.409,"{""order"": [32, 0, 0]}",,,,,,,,53.82241612173458,49.58757207850086,1.7580653253980174,0,0.0,4.429,,55.57794052835293,27.86662420523252,1.3054676863478314,0,0.0,6.597,,,,,,,,,,,,,,,,,,,,,,,,,,,,,,,,,,,,,,,,,,,,36.70809773890721,51.5701941843566,1.2529204044191873,1.0,0.053,11.386,"{""error"": ""add"", ""trend"": null, ""damped_trend"": false, ""seasonal"": ""add"", ""seasonal_periods"": 168}",,,,,,,,150.0913025588752,184.13217432623924,5.690677539863247,0,0.0,0.342,,10.221048439955812,11.256138425968071,0.3332462727574846,1,0.015,0.986,"{""maxlags"": 168}",68.33127110958937,57.35876325454874,2.009241093102796,0,0.0,0.413,,12.583405936232388,12.21824737948503,0.3940494887928237,1,0.018,0.184,"{""maxlags"": 168}",54.47301155942398,32.02802677842097,1.235825146612153,0,0.0,0.16,,46.309711655747385,57.75422874230826,1.4865727637539112,1,0.216,1.319,"{""yearly_seasonality"": false, ""weekly_seasonality"": true, ""daily_seasonality"": true, ""seasonality_mode"": ""additive""}",46.309711655747385,57.75422874230826,1.4865727637539112,0,0.0,0.579,,10.413863923782817,10.871581459646832,0.328845129601343,1,0.017,2.548,"{""maxlags"": 168}",65.48515095179471,39.90347626525382,1.6477307307264952,0,0.0,0.637,
391,H392,172800.0,without_retrain,0,,,,,,,,,,,,,,,,,,,,,,,,,,,,,,,,,,,,,,,,,,,,,,,,,,10.525408310401792,15.619919365479673,0.7566108938911441,1.0,20.301,4.099,"{""order"": [43, 1, 0]}",10.890400046240638,14.298547881744872,0.7716660157622283,0,0.0,4.761,,10.342887118748363,13.922155006953266,0.6872375016638864,0,0.0,5.857,,,,,,,,,,,,,,,,,,,,,,,,,,,,,,,,,,,,,,,,,,,,,,,,,,,9.892947839426636,12.791105017659763,0.6527243302763809,1.0,0.048,0.465,"{""error"": ""add"", ""trend"": null, ""damped_trend"": false, ""seasonal"": ""mul"", ""seasonal_periods"": 24}",43.464817835820575,67.93662761915256,3.230408094663604,0,0.0,0.222,,9.18125308824848,11.601691038893222,0.6191798791907867,1,0.028,0.375,"{""maxlags"": 24}",9.681686717499092,12.377290048730538,0.658216839732359,0,0.0,0.405,,10.850085145185266,13.182426380928987,0.7118110029474748,1,0.028,0.179,"{""maxlags"": 24}",12.139720507498271,16.52956839786654,0.8239922400912043,0,0.0,0.181,,11.6500092326189,17.25838685832727,0.8189764487387606,1,0.701,0.437,"{""yearly_seasonality"": false, ""weekly_seasonality"": true, ""daily_seasonality"": true, ""seasonality_mode"": ""multiplicative""}",12.043247433903694,18.079959057235783,0.8576584367502843,0,0.0,0.528,,10.718996042744276,12.990259046963738,0.7079441309231439,1,0.023,0.622,"{""maxlags"": 24}",11.46226462490161,14.17108997564736,0.761562181893909,0,0.0,0.642,
392,H393,172800.0,without_retrain,0,7.936283603530334,22.42488145981413,0.977220733395543,1.0,7.023,0.217,"{""order"": [24, 1, 0]}",,,,,,,,,,,,,,,,,,,,,,,,,,,,,,,,,,,,,,,,,,,,,,,,,,7.853466540048394,22.185541894357765,0.961509659524998,0,0.0,4.541,,17.68662685425471,39.70559971118996,2.180518575066113,0,0.0,4.204,,10.602485949913005,26.22548775909563,1.248632048142403,1.0,0.058,0.277,"{""error"": ""add"", ""trend"": null, ""damped_trend"": false, ""seasonal"": ""mul"", ""seasonal_periods"": 24}",,,,,,,,,,,,,,,,,,,,,,,,,,,,,,,,,,,,,,,,,,,,,,,,,,26.071936070344652,106.35737422070002,3.352661980958228,0,0.0,0.043,,5.697429918251118,14.01054573738323,0.6217147406319347,1,0.027,0.374,"{""maxlags"": 24}",5.544690494690468,12.983283808597678,0.5806539643942873,0,0.0,0.455,,5.784488336797437,13.477638955367365,0.6052318524302618,1,0.03,0.178,"{""maxlags"": 24}",6.161377684057764,15.542168368144296,0.6697811364640823,0,0.0,0.161,,7.475436799799858,18.85935398028533,0.8134281907948425,1,0.209,0.402,"{""yearly_seasonality"": false, ""weekly_seasonality"": false, ""daily_seasonality"": true, ""seasonality_mode"": ""multiplicative""}",7.347853468129056,19.428734137736964,0.8173578308220174,0,0.0,0.52,,5.631167921406195,13.324776486461,0.601972306549048,1,0.026,0.533,"{""maxlags"": 24}",5.685700377768853,13.168433253574536,0.5876082486500128,0,0.0,0.58,
393,H394,172800.0,without_retrain,0,,,,,,,,101.33135419583114,85.67135047949019,1.7396132067517502,1.0,11.02,1.394,"{""order"": [33, 0, 0]}",,,,,,,,,,,,,,,,,,,,,,,,,,,,,,,,,,,,,,,,,,,94.35249594364544,63.000155162747205,1.4094741627688236,0,0.0,5.998,,165.87102912469717,35.173016620285885,1.6812514063575954,0,0.0,4.235,,,,,,,,,102.29385636729786,46.54863215958312,1.5123261440671574,1.0,0.035,0.831,"{""error"": ""add"", ""trend"": null, ""damped_trend"": false, ""seasonal"": ""mul"", ""seasonal_periods"": 24}",,,,,,,,,,,,,,,,,,,,,,,,,,,,,,,,,,,,,,,,,,,153.0598460251978,69.85793015705751,2.021289133170056,0,0.0,0.083,,76.7860812554216,27.32435942836929,0.9637221258455928,1,0.012,0.374,"{""maxlags"": 24}",113.71479938778856,37.27749117780864,1.2008829008776687,0,0.0,0.416,,90.27665149096526,31.552884732134288,1.1196208316135323,1,0.016,0.175,"{""maxlags"": 24}",157.96675646564876,34.973783806154856,1.6895694378330457,0,0.0,0.134,,91.40800683979124,67.50441509395208,1.5212970731018398,1,0.265,0.427,"{""yearly_seasonality"": false, ""weekly_seasonality"": true, ""daily_seasonality"": true, ""seasonality_mode"": ""multiplicative""}",90.42517807766949,67.3952365859311,1.5083779997359177,0,0.0,0.669,,103.3819789202188,34.29621263513038,1.233758982799852,1,0.012,0.613,"{""maxlags"": 24}",70.00531225806755,22.01342526104565,0.7655509461055624,0,0.0,0.633,
394,H395,172800.0,without_retrain,0,,,,,,,,,,,,,,,83.8387513190533,63.25454403846782,1.9962496917602348,1.0,25.962,4.662,"{""order"": [47, 0, 0]}",,,,,,,,,,,,,,,,,,,,,,,,,,,,,,,,,,,,82.45889862831876,70.77811241596942,2.117868486718004,0,0.0,5.268,,69.51564396716219,39.384860325782334,1.8104325462276936,0,0.0,5.414,,,,,,,,,,,,,,,,65.87714397792321,37.46815987200256,1.7160361255985246,1.0,0.036,0.966,"{""error"": ""add"", ""trend"": null, ""damped_trend"": false, ""seasonal"": ""mul"", ""seasonal_periods"": 24}",,,,,,,,,,,,,,,,,,,,,,,,,,,,,,,,,,,,151.497112416331,146.73847225038887,4.139044862485665,0,0.0,0.058,,77.00181118121756,45.02272401688551,1.6636462102567628,1,0.018,0.38,"{""maxlags"": 24}",102.49482176611504,67.06328715480274,2.3691939796849013,0,0.0,0.382,,68.85415342189529,26.602491916970138,1.3423390979385117,1,0.016,0.161,"{""maxlags"": 24}",60.118351687898446,26.70473241229023,1.3111959366668553,0,0.0,0.151,,59.53880379286554,43.31676040824341,1.3349435655769897,1,0.547,0.437,"{""yearly_seasonality"": false, ""weekly_seasonality"": true, ""daily_seasonality"": true, ""seasonality_mode"": ""multiplicative""}",58.60275090255505,45.27844012216384,1.3574622691306937,0,0.0,0.526,,87.62421036261657,55.96849137812978,2.2169381839783098,1,0.015,0.611,"{""maxlags"": 24}",102.76216076287643,65.32250500507548,2.3866051247507265,0,0.0,0.667,
395,H396,172800.0,without_retrain,0,,,,,,,,,,,,,,,,,,,,,,16.467350033383095,24.889706291082007,1.6037699150061673,1.0,7.042,0.993,"{""order"": [47, 1, 0]}",,,,,,,,,,,,,,,,,,,,,,,,,,,,,14.884417576732114,21.268919273186324,1.3968922975752252,0,0.0,10.083,,14.717011889674994,22.2559701232596,1.4955545487707926,0,0.0,4.597,,,,,,,,,,,,,,,,,,,,,,,15.123863458345165,22.4330753309378,1.5119151375464426,1.0,0.03,0.23,"{""error"": ""add"", ""trend"": null, ""damped_trend"": false, ""seasonal"": ""mul"", ""seasonal_periods"": 24}",,,,,,,,,,,,,,,,,,,,,,,,,,,,,36.82821029959816,91.12070785988846,4.1743912058923245,0,0.0,0.077,,18.759519936874,31.61251276428809,1.908337913453083,1,0.014,0.389,"{""maxlags"": 24}",19.128655863588985,32.70554019846134,1.955495763811864,0,0.0,0.425,,19.567987039522663,34.45848878534829,2.038368274650635,1,0.016,0.192,"{""maxlags"": 24}",19.761300279218208,34.90141962560552,2.057322506607228,0,0.0,0.163,,15.380751477919109,22.28558698609772,1.4329502479670362,1,0.197,1.236,"{""yearly_seasonality"": false, ""weekly_seasonality"": true, ""daily_seasonality"": true, ""seasonality_mode"": ""multiplicative""}",15.57418548421107,22.348120541403954,1.4471016958533929,0,0.0,0.518,,19.221841265238947,32.53354287296171,1.956340630863021,1,0.013,0.562,"{""maxlags"": 24}",19.361709860897463,33.99758714905128,2.006695112620476,0,0.0,0.614,
396,H397,172800.0,without_retrain,0,,,,,,,,,,,,,,,,,,,,,,,,,,,,,185.93975440206452,72.6025068130236,0.9915299719580009,1.0,17.006,2.404,"{""order"": [38, 0, 0]}",,,,,,,,,,,,,,,,,,,,,,181.61879744939705,70.66324261993661,1.0011207916414764,0,0.0,8.331,,224.51943153458487,45.64338418072405,1.2367458938740858,0,0.0,4.371,,,,,,,,,,,,,,,,,,,,,,,,,,,,,,337.81961902841016,170.8875320735439,2.0056066994672435,1.0,0.067,2.402,"{""error"": ""add"", ""trend"": null, ""damped_trend"": false, ""seasonal"": ""mul"", ""seasonal_periods"": 72}",,,,,,,,,,,,,,,,,,,,,,354.8525152797874,161.4645642478757,2.078961423009805,0,0.0,0.035,,269.9423120823752,41.3551798536467,1.1952375549282828,1,0.013,0.605,"{""maxlags"": 72}",225.1266919741256,43.88825166864311,1.111988507519024,0,0.0,0.48,,276.0015310117802,43.8447734432303,1.2543185515867137,1,0.015,0.195,"{""maxlags"": 72}",247.58012539048903,50.64473015579316,1.2498695247617366,0,0.0,0.147,,174.97036701958675,54.09323587029159,0.916365559494643,1,0.516,1.262,"{""yearly_seasonality"": false, ""weekly_seasonality"": false, ""daily_seasonality"": true, ""seasonality_mode"": ""multiplicative""}",194.6774314605152,58.04949402255605,1.0229739126536943,0,0.0,0.668,,270.1000203083892,43.35490809265454,1.2286235114867723,1,0.012,1.366,"{""maxlags"": 72}",275.03701843819687,42.48174797089301,1.225523052791888,0,0.0,0.726,
397,H398,172800.0,without_retrain,0,,,,,,,,,,,,,,,,,,,,,,,,,,,,,,,,,,,,44.99011717060013,33.68480325423563,1.5500117098062491,1.0,6.471,0.974,"{""order"": [25, 1, 0]}",,,,,,,,,,,,,,,45.90839034762556,31.804847014076348,1.5482446524231457,0,0.0,4.441,,56.83920175738917,36.76183868528129,1.8856357738236007,0,0.0,6.357,,,,,,,,,,,,,,,,,,,,,,,,,,,,,,,,,,,,,46.301283276237,27.818781917403044,1.4786181443607451,1.0,0.047,0.392,"{""error"": ""add"", ""trend"": null, ""damped_trend"": false, ""seasonal"": ""mul"", ""seasonal_periods"": 24}",,,,,,,,,,,,,,,154.43716317231946,165.3677452285288,5.355440546323618,0,0.0,0.03,,40.62025554501669,23.67624588836009,1.3029460389381011,1,0.022,0.384,"{""maxlags"": 24}",46.306614634571744,27.57531070617523,1.4722288672779158,0,0.0,0.48,,39.27756364061146,21.07034413299532,1.2117575797105136,1,0.024,0.183,"{""maxlags"": 24}",39.60210616363306,22.87237316817166,1.2269257140255052,0,0.0,0.156,,38.716398886860006,29.46422580324408,1.2588098755518888,1,0.684,0.405,"{""yearly_seasonality"": false, ""weekly_seasonality"": true, ""daily_seasonality"": true, ""seasonality_mode"": ""multiplicative""}",39.20929308582965,30.45639339357673,1.2835185951901709,0,0.0,0.465,,46.20344160664727,26.04773456237044,1.477995730386377,1,0.019,0.6,"{""maxlags"": 24}",43.91660317679257,26.187919670022552,1.384670902291191,0,0.0,0.728,
398,H399,172800.0,without_retrain,0,,,,,,,,,,,,,,,,,,,,,,,,,,,,,,,,,,,,,,,,,,,58.38990499984514,42.808926326104064,1.8306888193567568,1.0,21.43,2.261,"{""order"": [31, 1, 0]}",,,,,,,,56.62311014278675,43.09391062014438,1.744682138523214,0,0.0,7.301,,69.36706253324226,38.25583972772672,1.914902710430596,0,0.0,5.741,,,,,,,,,,,,,,,,,,,,,,,,,,,,,,,,,,,,,,,,,,,,48.568129139533696,69.25780621975859,2.1042815602282965,1.0,0.053,10.843,"{""error"": ""add"", ""trend"": null, ""damped_trend"": false, ""seasonal"": ""add"", ""seasonal_periods"": 168}",,,,,,,,193.43526890891917,192.4303815431037,9.583323585565962,0,0.0,0.033,,46.89182243446276,27.350851148837886,1.226912893492603,1,0.018,0.959,"{""maxlags"": 168}",71.02589028761426,36.20394296541485,1.9238836817421443,0,0.0,0.519,,46.30055291443885,28.568214516500785,1.2688665600893343,1,0.019,0.187,"{""maxlags"": 168}",54.68771704263244,33.05157839035911,1.534548192785593,0,0.0,0.155,,48.83277134417336,61.54761171908618,1.7616345919813583,1,0.207,0.873,"{""yearly_seasonality"": false, ""weekly_seasonality"": true, ""daily_seasonality"": true, ""seasonality_mode"": ""additive""}",48.83277134417336,61.54761171908618,1.7616345919813583,0,0.0,0.409,,45.7268918354273,27.73150038346923,1.238992972526533,1,0.014,2.373,"{""maxlags"": 168}",28.93757990112029,25.363196807944075,0.9345554578533192,0,0.0,0.643,
399,H400,172800.0,without_retrain,0,,,,,,,,,,,,,,,,,,,,,,,,,,,,,,,,,,,,,,,,,,,,,,,,,,77.97705265116048,136.29725418062074,3.240219586702738,1.0,10.729,1.757,"{""order"": [33, 0, 0]}",73.15458261567143,106.43825292096652,2.957628862290409,0,0.0,4.598,,52.55414774862293,53.09276091461385,1.9297662206496395,0,0.0,6.941,,,,,,,,,,,,,,,,,,,,,,,,,,,,,,,,,,,,,,,,,,,,,,,,,,,47.7744641944108,53.9407350292401,1.8676261731941928,1.0,0.038,0.426,"{""error"": ""add"", ""trend"": null, ""damped_trend"": false, ""seasonal"": ""mul"", ""seasonal_periods"": 24}",80.97493804218107,109.02999151362224,3.20016726358859,0,0.0,0.035,,66.66408109722668,76.12205739965765,2.573662343455192,1,0.018,0.396,"{""maxlags"": 24}",50.16984358331028,51.97972147820415,1.801557619563497,0,0.0,0.47,,78.65309640476683,99.6323920078228,3.4444037195730206,1,0.018,0.236,"{""maxlags"": 24}",80.32160425649099,96.86115159764891,3.4759159602245533,0,0.0,0.174,,33.84255760600718,44.93055146635847,1.3595762698832836,1,0.744,0.397,"{""yearly_seasonality"": false, ""weekly_seasonality"": true, ""daily_seasonality"": true, ""seasonality_mode"": ""multiplicative""}",32.32324310599952,51.43532414947054,1.2998057506541212,0,0.0,0.687,,71.32249751255641,85.07333546678758,2.7726567095380363,1,0.014,0.63,"{""maxlags"": 24}",69.64248791667154,82.64221156600266,2.712716570972059,0,0.0,0.672,
400,H401,172800.0,without_retrain,0,15.933233900947846,29.285527913205996,1.331881835380049,1.0,3.482,0.875,"{""order"": [26, 0, 0]}",,,,,,,,,,,,,,,,,,,,,,,,,,,,,,,,,,,,,,,,,,,,,,,,,,15.5651815589194,28.91504837634152,1.3157363952353986,0,0.0,4.411,,17.324063017580244,24.00341281224419,1.25702032325116,0,0.0,5.526,,17.03244477579191,23.282296239239734,1.2281175187666955,1.0,0.041,0.381,"{""error"": ""add"", ""trend"": null, ""damped_trend"": false, ""seasonal"": ""mul"", ""seasonal_periods"": 24}",,,,,,,,,,,,,,,,,,,,,,,,,,,,,,,,,,,,,,,,,,,,,,,,,,109.16376303682073,185.94542714145828,10.574534082840938,0,0.0,0.035,,15.418358127977998,21.373704054328574,1.1185966427690757,1,0.017,0.378,"{""maxlags"": 24}",15.758504209002988,22.39726080289199,1.165887641106814,0,0.0,0.395,,15.033499385017029,20.73557188029145,1.0790700840667042,1,0.018,0.166,"{""maxlags"": 24}",15.005773092872822,21.68949837672865,1.1243221636066534,0,0.0,0.172,,13.684042488885863,21.98803065081764,1.1128541713761002,1,0.187,0.505,"{""yearly_seasonality"": false, ""weekly_seasonality"": false, ""daily_seasonality"": true, ""seasonality_mode"": ""multiplicative""}",13.969427799016472,25.68252387791405,1.2010550975772385,0,0.0,0.462,,15.626457911133537,21.07225155450835,1.1256546342594558,1,0.015,0.576,"{""maxlags"": 24}",15.68005701576701,21.961292213462983,1.1401650667848668,0,0.0,0.596,
401,H402,172800.0,without_retrain,0,,,,,,,,22.946017369603503,32.23593132590778,1.1630913201621726,1.0,4.712,0.215,"{""order"": [25, 1, 0]}",,,,,,,,,,,,,,,,,,,,,,,,,,,,,,,,,,,,,,,,,,,23.08247736783018,30.9673446695712,1.155280062935293,0,0.0,4.522,,26.10119071770935,35.14480041949796,1.2244275222184264,0,0.0,6.336,,,,,,,,,21.242706186419145,27.538150759901907,1.0314147435157217,1.0,0.038,0.502,"{""error"": ""add"", ""trend"": null, ""damped_trend"": false, ""seasonal"": ""mul"", ""seasonal_periods"": 24}",,,,,,,,,,,,,,,,,,,,,,,,,,,,,,,,,,,,,,,,,,,155.8534751780153,187.31229479253756,8.878637359760868,0,0.0,0.617,,18.129105226443325,23.3328373459503,0.8667668386321868,1,0.017,0.305,"{""maxlags"": 24}",18.87811967574431,25.661950876413687,0.9434158076672142,0,0.0,0.373,,17.511888959751328,22.296130030181263,0.8202344398496461,1,0.017,0.151,"{""maxlags"": 24}",15.400066485818412,20.256983369889102,0.7472489415352759,0,0.0,0.155,,12.204817446171646,21.79570895250851,0.6159191404175491,1,0.195,0.486,"{""yearly_seasonality"": false, ""weekly_seasonality"": true, ""daily_seasonality"": true, ""seasonality_mode"": ""multiplicative""}",12.269386010374044,21.70873375393801,0.6150287676368017,0,0.0,0.742,,18.92365928998865,25.76995236989976,0.9463765703184778,1,0.013,0.574,"{""maxlags"": 24}",19.51670045498064,26.31844913321849,0.9705587704333284,0,0.0,0.592,
402,H403,172800.0,without_retrain,0,,,,,,,,,,,,,,,8.41246949199426,18.959594311823448,0.7344747621632903,1.0,5.662,0.336,"{""order"": [31, 1, 0]}",,,,,,,,,,,,,,,,,,,,,,,,,,,,,,,,,,,,8.288930110772704,18.236686723608805,0.7105437205285844,0,0.0,4.648,,16.033121463407962,39.6514798063757,1.3544019734160642,0,0.0,5.306,,,,,,,,,,,,,,,,11.208557552559256,26.479988154533643,0.9388019171777996,1.0,0.042,0.258,"{""error"": ""add"", ""trend"": null, ""damped_trend"": false, ""seasonal"": ""mul"", ""seasonal_periods"": 24}",,,,,,,,,,,,,,,,,,,,,,,,,,,,,,,,,,,,57.95135557403482,189.39635216728752,5.650910663571421,0,0.0,0.133,,7.452368099857574,15.641776647523848,0.5979963013594017,1,0.025,0.406,"{""maxlags"": 24}",9.349304751031935,19.34943529430851,0.7725969144722603,0,0.0,0.411,,10.612282232236383,22.2100695274884,0.8871632053924553,1,0.026,0.164,"{""maxlags"": 24}",13.043089801449876,26.96535985309917,1.1014335052645443,0,0.0,0.16,,10.23741535417478,20.37149632063,0.8903081534883149,1,0.199,0.54,"{""yearly_seasonality"": false, ""weekly_seasonality"": true, ""daily_seasonality"": true, ""seasonality_mode"": ""multiplicative""}",9.509294114795235,21.313546543128787,0.8472289974131901,0,0.0,0.559,,7.871211213843117,16.29933248712704,0.6399554845883831,1,0.021,0.572,"{""maxlags"": 24}",10.930786657951112,21.73349553046637,0.8871897918043432,0,0.0,0.594,
403,H404,172800.0,without_retrain,0,,,,,,,,,,,,,,,,,,,,,,8.824757965298959,26.186214310978038,1.0399707371646152,1.0,8.22,0.271,"{""order"": [28, 1, 0]}",,,,,,,,,,,,,,,,,,,,,,,,,,,,,8.645811466219017,25.049140739578515,0.9952775549976436,0,0.0,5.614,,22.294233361499227,51.92345267059568,2.76437814800086,0,0.0,5.533,,,,,,,,,,,,,,,,,,,,,,,12.213020368129277,35.19170991218237,1.5290094746073983,1.0,0.06,10.987,"{""error"": ""add"", ""trend"": null, ""damped_trend"": false, ""seasonal"": ""add"", ""seasonal_periods"": 168}",,,,,,,,,,,,,,,,,,,,,,,,,,,,,12.724230442549253,37.03990719687366,1.5235865895807426,0,0.0,0.347,,5.477222641365118,16.292110687924712,0.6116623573940306,1,0.024,1.02,"{""maxlags"": 168}",9.006056644583177,27.59954521410064,1.0591144160435209,0,0.0,0.4,,5.803127845291226,17.091082515216215,0.6585566449225381,1,0.029,0.174,"{""maxlags"": 168}",7.16638309817939,20.392233676823924,0.7913229653541919,0,0.0,0.166,,6.813108934139673,20.2638719737885,0.7742596736669788,1,0.529,0.67,"{""yearly_seasonality"": false, ""weekly_seasonality"": false, ""daily_seasonality"": true, ""seasonality_mode"": ""additive""}",7.193907491735944,21.72317888629551,0.8319802774457469,0,0.0,0.508,,5.556326447550695,16.452499894602386,0.6277290568097871,1,0.025,2.155,"{""maxlags"": 168}",8.837671120683149,27.69217521392163,1.0592217221731002,0,0.0,0.56,
404,H405,172800.0,without_retrain,0,,,,,,,,,,,,,,,,,,,,,,,,,,,,,141.3804562664754,111.4227988116332,2.5101804484302472,1.0,11.555,2.004,"{""order"": [32, 0, 0]}",,,,,,,,,,,,,,,,,,,,,,133.05754173059034,104.22867718625372,2.3781048339890214,0,0.0,5.036,,87.28378348679416,38.94458911384904,1.3754935592880777,0,0.0,5.497,,,,,,,,,,,,,,,,,,,,,,,,,,,,,,95.3502315710904,41.58332184363196,1.507171481624523,1.0,0.032,0.804,"{""error"": ""add"", ""trend"": null, ""damped_trend"": false, ""seasonal"": ""mul"", ""seasonal_periods"": 24}",,,,,,,,,,,,,,,,,,,,,,310.9789069932008,196.0964283349965,5.39277401929861,0,0.0,0.288,,87.72717189567958,24.68952559536322,1.0539849009250748,1,0.015,0.406,"{""maxlags"": 24}",85.43090408502799,21.005279312532053,0.9018467788436032,0,0.0,0.423,,88.1840200685582,38.01607648317728,1.3565418201670028,1,0.019,0.174,"{""maxlags"": 24}",74.77398475641596,34.48129257446448,1.0866925546924142,0,0.0,0.16,,60.86145037676585,34.83142160443567,0.9612106436018668,1,0.684,0.438,"{""yearly_seasonality"": false, ""weekly_seasonality"": true, ""daily_seasonality"": true, ""seasonality_mode"": ""multiplicative""}",61.83427984689565,33.84010582446477,0.9492028887312438,0,0.0,0.508,,102.28003961713242,29.73982177953833,1.286137428466315,1,0.015,0.635,"{""maxlags"": 24}",106.3642215881951,31.68527739803921,1.321510709037938,0,0.0,0.675,
405,H406,172800.0,without_retrain,0,,,,,,,,,,,,,,,,,,,,,,,,,,,,,,,,,,,,14.185506397121124,19.329951275633253,0.7356164795448428,1.0,8.605,0.871,"{""order"": [24, 1, 0]}",,,,,,,,,,,,,,,14.51464243482414,16.394499811627913,0.710717326442675,0,0.0,4.694,,14.295563941261152,13.642051682190049,0.6656290233610366,0,0.0,7.246,,,,,,,,,,,,,,,,,,,,,,,,,,,,,,,,,,,,,12.367917597599543,12.74750094244,0.6091605140587605,1.0,0.048,0.4,"{""error"": ""add"", ""trend"": null, ""damped_trend"": false, ""seasonal"": ""mul"", ""seasonal_periods"": 24}",,,,,,,,,,,,,,,94.2263529024665,182.8013138821761,5.341407006419673,0,0.0,0.033,,14.048157015063056,15.443280262567948,0.7058177444353001,1,0.021,0.381,"{""maxlags"": 24}",23.027304178693782,23.72739420121804,1.1419846234388369,0,0.0,0.424,,19.92101509270929,19.989813597188228,0.9097672966299284,1,0.026,0.176,"{""maxlags"": 24}",25.29981893956989,22.292209613478157,1.1233384736823064,0,0.0,0.145,,16.005897288057326,22.179381601295148,0.8643105487978907,1,0.208,1.389,"{""yearly_seasonality"": false, ""weekly_seasonality"": true, ""daily_seasonality"": true, ""seasonality_mode"": ""multiplicative""}",16.364560716207166,23.46247743394474,0.8726535694119663,0,0.0,0.693,,15.091349139221975,15.50016001618346,0.7403068628516146,1,0.021,0.586,"{""maxlags"": 24}",22.581171045581183,21.715323748101152,1.0405986041972108,0,0.0,0.604,
406,H407,172800.0,without_retrain,0,,,,,,,,,,,,,,,,,,,,,,,,,,,,,,,,,,,,,,,,,,,244.17953312618275,67.1508241184119,1.5719540107605203,1.0,23.763,4.673,"{""order"": [48, 0, 0]}",,,,,,,,285.3343898446658,78.9560430834746,1.910076306897377,0,0.0,6.056,,251.39490684238004,44.69685644914316,1.5384909112338072,0,0.0,4.815,,,,,,,,,,,,,,,,,,,,,,,,,,,,,,,,,,,,,,,,,,,,289.9605506012772,35.66326357402961,1.4089784793634583,1.0,0.039,1.4,"{""error"": ""add"", ""trend"": ""add"", ""damped_trend"": true, ""seasonal"": ""mul"", ""seasonal_periods"": 24}",,,,,,,,622.2268390647017,159.92491935290704,3.97935583623566,0,0.0,0.51,,239.81203303575435,38.158589685544136,1.3474214021606528,1,0.016,0.376,"{""maxlags"": 24}",262.2914254935691,47.28694189765255,1.4851188386273566,0,0.0,0.403,,263.1656746475801,35.704021869848965,1.3654146117397028,1,0.02,0.172,"{""maxlags"": 24}",231.9828750574099,22.356947096007616,1.0961714797447673,0,0.0,0.154,,173.5783287587243,45.6973290024838,1.0806942496402143,1,0.452,0.422,"{""yearly_seasonality"": false, ""weekly_seasonality"": true, ""daily_seasonality"": true, ""seasonality_mode"": ""multiplicative""}",179.94800277779584,47.93678970829112,1.0936358088970748,0,0.0,0.549,,167.12194370785616,25.12159439072408,0.8817925877191781,1,0.015,0.631,"{""maxlags"": 24}",151.6205689982265,18.98512050283026,0.7452495374447494,0,0.0,0.656,
407,H408,172800.0,without_retrain,0,,,,,,,,,,,,,,,,,,,,,,,,,,,,,,,,,,,,,,,,,,,,,,,,,,87.71127255844537,37.09971936102037,1.073753317689025,1.0,18.027,4.704,"{""order"": [44, 1, 0]}",83.62090143752422,36.85898992759531,1.0080627542559846,0,0.0,4.712,,114.80622983821952,42.44409467942443,1.375100417395722,0,0.0,6.57,,,,,,,,,,,,,,,,,,,,,,,,,,,,,,,,,,,,,,,,,,,,,,,,,,,94.71488384484356,39.63527242631567,1.1906247917378163,1.0,0.031,1.238,"{""error"": ""add"", ""trend"": ""add"", ""damped_trend"": true, ""seasonal"": ""mul"", ""seasonal_periods"": 24}",1216.3405814956143,199.99999999698613,17.130635431373438,0,0.0,0.083,,169.10762126522306,47.73799275670186,1.97685995108076,1,0.013,0.381,"{""maxlags"": 24}",139.93226431400825,38.624976251000525,1.6179734348091916,0,0.0,0.424,,102.19003694762829,32.57182815146717,1.232771034762585,1,0.016,0.185,"{""maxlags"": 24}",174.15246430826338,50.8696928550279,2.086676234062789,0,0.0,0.144,,133.89824681840747,39.82058148173697,1.605918813587505,1,0.844,0.892,"{""yearly_seasonality"": false, ""weekly_seasonality"": false, ""daily_seasonality"": true, ""seasonality_mode"": ""multiplicative""}",132.67783308552444,40.16488854304156,1.5926209906118984,0,0.0,0.489,,178.81990982130313,51.6629992184624,2.129247292415311,1,0.012,0.62,"{""maxlags"": 24}",162.60766824326126,43.24112259321752,1.7735960382031055,0,0.0,0.651,
408,H409,172800.0,without_retrain,0,49.53511567239058,74.00148614273566,1.7178525756686642,1.0,9.176,1.716,"{""order"": [34, 0, 0]}",,,,,,,,,,,,,,,,,,,,,,,,,,,,,,,,,,,,,,,,,,,,,,,,,,48.95797764543143,73.54921532117619,1.6969609303231514,0,0.0,4.676,,41.57282669477728,37.226033512866174,1.374190178862858,0,0.0,5.529,,40.95199338068703,32.11126219611703,1.3190479378669688,1.0,0.045,1.246,"{""error"": ""add"", ""trend"": ""add"", ""damped_trend"": true, ""seasonal"": ""mul"", ""seasonal_periods"": 24}",,,,,,,,,,,,,,,,,,,,,,,,,,,,,,,,,,,,,,,,,,,,,,,,,,149.17772322754547,196.12518091395563,6.005926685328451,0,0.0,0.755,,38.233229587923,21.47452496421484,1.0263639944398235,1,0.016,0.377,"{""maxlags"": 24}",36.49299209735982,20.422090584254985,0.942123088037361,0,0.0,0.433,,45.40471125812636,24.225137778806445,1.128952095844452,1,0.021,0.162,"{""maxlags"": 24}",47.15934987621639,23.12249739622976,1.132632448658929,0,0.0,0.128,,31.89937046864404,32.36255754642446,1.0417817426691718,1,0.198,1.036,"{""yearly_seasonality"": false, ""weekly_seasonality"": true, ""daily_seasonality"": true, ""seasonality_mode"": ""multiplicative""}",32.21967094824193,32.82147621310914,1.0547248329245107,0,0.0,0.625,,38.36044001258519,22.1927955108976,1.029581777193496,1,0.016,0.604,"{""maxlags"": 24}",22.94199575751952,15.479373840650256,0.634999475064928,0,0.0,0.573,
409,H410,172800.0,without_retrain,0,,,,,,,,37.898400648499525,28.30106414531347,1.2275649807305202,1.0,8.937,0.996,"{""order"": [26, 1, 0]}",,,,,,,,,,,,,,,,,,,,,,,,,,,,,,,,,,,,,,,,,,,38.03163085091576,28.33085614006372,1.2277371904440535,0,0.0,4.682,,41.19575702947623,33.358992625849616,1.3396953279418462,0,0.0,6.854,,,,,,,,,43.75636902816464,42.804568056365504,1.4842839075743957,1.0,0.041,0.447,"{""error"": ""add"", ""trend"": null, ""damped_trend"": false, ""seasonal"": ""add"", ""seasonal_periods"": 24}",,,,,,,,,,,,,,,,,,,,,,,,,,,,,,,,,,,,,,,,,,,158.16896796706683,167.47788058684782,5.698812640117505,0,0.0,0.058,,41.45599225202383,29.05595946106442,1.269850642794116,1,0.017,0.359,"{""maxlags"": 24}",40.65795861069811,28.806008041513365,1.253170075754037,0,0.0,0.425,,43.839583023547625,30.64109432519101,1.3267407462535552,1,0.018,0.182,"{""maxlags"": 24}",40.72025296551977,28.905011149609464,1.280152105354383,0,0.0,0.149,,33.45929879233277,25.320655585369803,1.0557635035697268,1,0.695,0.41,"{""yearly_seasonality"": false, ""weekly_seasonality"": true, ""daily_seasonality"": true, ""seasonality_mode"": ""additive""}",33.45929879233277,25.320655585369803,1.0557635035697268,0,0.0,0.666,,34.87086356386933,26.132360873690583,1.1152885146136915,1,0.014,0.616,"{""maxlags"": 24}",37.24741187639215,25.71111597041268,1.1867944767090213,0,0.0,0.635,
410,H411,172800.0,without_retrain,0,,,,,,,,,,,,,,,25.432449639981893,19.313142113394736,0.8101562069952907,1.0,12.245,1.839,"{""order"": [33, 1, 0]}",,,,,,,,,,,,,,,,,,,,,,,,,,,,,,,,,,,,26.20474155339549,20.06025150832347,0.8458340689624239,0,0.0,4.912,,39.95709836963592,18.517937186355034,0.9979784751012556,0,0.0,6.666,,,,,,,,,,,,,,,,39.91917722608815,18.527226889090358,1.010778733116403,1.0,0.044,1.161,"{""error"": ""add"", ""trend"": ""add"", ""damped_trend"": true, ""seasonal"": ""mul"", ""seasonal_periods"": 24}",,,,,,,,,,,,,,,,,,,,,,,,,,,,,,,,,,,,110.2783195006762,149.30343097633144,4.509271996879152,0,0.0,0.184,,31.21701017788803,15.2471327490556,0.7866217002021866,1,0.021,0.389,"{""maxlags"": 24}",31.490576723984145,15.210153416065266,0.7866126029352815,0,0.0,0.429,,17.78117163033017,15.742164767402697,0.6713437006232015,1,0.024,0.213,"{""maxlags"": 24}",31.735858717759747,16.073638616530836,0.8606569442792189,0,0.0,0.149,,29.258434126305303,31.039830229517275,1.1138193863392265,1,0.197,1.075,"{""yearly_seasonality"": false, ""weekly_seasonality"": true, ""daily_seasonality"": true, ""seasonality_mode"": ""multiplicative""}",29.25115522576274,30.67179356869522,1.119666444429152,0,0.0,0.709,,16.441661426304513,12.329501452451426,0.5771360758400249,1,0.019,0.713,"{""maxlags"": 24}",31.486099883803604,15.383855569497108,0.8263999311799729,0,0.0,0.621,
411,H412,172800.0,without_retrain,0,,,,,,,,,,,,,,,,,,,,,,32.56891655889788,27.107470634133744,1.0948142388658328,1.0,13.685,2.509,"{""order"": [34, 1, 0]}",,,,,,,,,,,,,,,,,,,,,,,,,,,,,30.79370333598935,25.991700288232757,1.0162327578765364,0,0.0,4.791,,64.5151283060456,37.337283692153896,2.1759293737834846,0,0.0,6.29,,,,,,,,,,,,,,,,,,,,,,,40.87571792541425,25.12888889147672,1.1990975945514302,1.0,0.035,1.239,"{""error"": ""add"", ""trend"": ""add"", ""damped_trend"": true, ""seasonal"": ""mul"", ""seasonal_periods"": 24}",,,,,,,,,,,,,,,,,,,,,,,,,,,,,77.68036603247582,143.80159519746823,3.459779401176388,0,0.0,0.477,,40.71605943887693,23.122945975765067,1.1322417080429323,1,0.015,0.37,"{""maxlags"": 24}",41.57175660168876,23.237575468605133,1.150772747018894,0,0.0,0.377,,41.26345389815857,24.463270272792272,1.2105476803355897,1,0.019,0.177,"{""maxlags"": 24}",28.7466421813621,20.2431213422258,0.9102126899505985,0,0.0,0.136,,28.269543955966203,37.610468824946174,1.228294097656785,1,0.353,0.437,"{""yearly_seasonality"": false, ""weekly_seasonality"": true, ""daily_seasonality"": true, ""seasonality_mode"": ""multiplicative""}",27.007998396740856,36.66288768564163,1.196461802979392,0,0.0,0.612,,35.409469173324766,21.18066749296307,1.0801344298471884,1,0.016,0.594,"{""maxlags"": 24}",41.44320684638534,23.54856537412805,1.1657182903929468,0,0.0,0.631,
412,H413,172800.0,without_retrain,0,,,,,,,,,,,,,,,,,,,,,,,,,,,,,14.666133986375678,24.341621601193072,1.189505337107261,1.0,13.114,1.165,"{""order"": [45, 1, 0]}",,,,,,,,,,,,,,,,,,,,,,15.384759079329504,28.799847709076307,1.3462533008137274,0,0.0,8.667,,13.41919862686723,26.691195556543025,1.2228324112619586,0,0.0,5.842,,,,,,,,,,,,,,,,,,,,,,,,,,,,,,13.381894746071673,26.60472184758299,1.2257620420707205,1.0,0.046,0.277,"{""error"": ""add"", ""trend"": null, ""damped_trend"": false, ""seasonal"": ""mul"", ""seasonal_periods"": 24}",,,,,,,,,,,,,,,,,,,,,,99.41351586295907,170.72252011940495,9.640862007321228,0,0.0,0.04,,15.914092072979043,21.132324022928973,1.1844849230195846,1,0.017,0.393,"{""maxlags"": 24}",17.145688365688834,22.74057784747092,1.2751430953643283,0,0.0,0.392,,18.127957858059915,24.86482885405488,1.4201472276070992,1,0.021,0.163,"{""maxlags"": 24}",16.545862477262215,23.98849660228485,1.3015963329246794,0,0.0,0.148,,14.257769307962738,21.02728738403019,1.0953368224541198,1,0.204,1.288,"{""yearly_seasonality"": false, ""weekly_seasonality"": true, ""daily_seasonality"": true, ""seasonality_mode"": ""multiplicative""}",14.106291056562934,20.89476770499457,1.0875494622106012,0,0.0,0.616,,14.710956489054825,21.06215425516349,1.158633468504316,1,0.017,0.557,"{""maxlags"": 24}",16.378333174868917,24.62641279401221,1.3231624707040417,0,0.0,0.558,
413,H414,172800.0,without_retrain,0,,,,,,,,,,,,,,,,,,,,,,,,,,,,,,,,,,,,24.62902993684753,34.02751796301195,0.5347106970425463,1.0,4.948,0.739,"{""order"": [26, 0, 0]}",,,,,,,,,,,,,,,19.353070665261917,24.38131660907909,0.4125654176068218,0,0.0,8.89,,24.021976179455805,38.0300555129044,0.5266164765916673,0,0.0,5.772,,,,,,,,,,,,,,,,,,,,,,,,,,,,,,,,,,,,,13.658478158645808,17.149111601177328,0.2919982156045628,1.0,0.059,11.632,"{""error"": ""add"", ""trend"": null, ""damped_trend"": false, ""seasonal"": ""mul"", ""seasonal_periods"": 168}",,,,,,,,,,,,,,,88.48356262146298,194.60800648172832,2.2722115289665705,0,0.0,0.522,,12.52847301739856,15.846593846837166,0.2600101563945864,1,0.02,0.914,"{""maxlags"": 168}",15.750731138829629,23.615364707445742,0.3678467441054459,0,0.0,0.383,,10.737351462675958,14.569386670126365,0.2225496835417661,1,0.021,0.175,"{""maxlags"": 168}",17.257546169970365,22.519457142716828,0.3758750505090229,0,0.0,0.145,,22.98285712986307,56.68354683759989,0.5284535025970777,1,0.54,0.436,"{""yearly_seasonality"": false, ""weekly_seasonality"": true, ""daily_seasonality"": true, ""seasonality_mode"": ""multiplicative""}",28.21741212218771,72.79912194059231,0.6840842135109696,0,0.0,0.684,,11.789026360709803,15.603132923439109,0.2525695738236865,1,0.018,2.393,"{""maxlags"": 168}",15.21015407329256,22.824241917924024,0.3569557756681434,0,0.0,0.644,
